time,latitude,longitude,distance_from_center_km,likelihood
2026-08-20 06:00:00,19.56644779758151,69.97697375881538,3.0859697452266808,0.21649143257917802
2026-08-20 06:00:00,19.533458901600593,70.01850440023992,3.450344000131994,0.14674667467228666
2026-08-20 06:00:00,19.576349518824248,69.98776711367233,2.4767073971260096,0.3764850273124138
2026-08-20 06:00:00,19.55839509123465,69.99413871554684,1.32768385026437,0.7685961320502914
2026-08-20 06:00:00,19.565368353969067,70.00834827493021,0.413182192773925,0.9967381278626647
2026-08-20 06:00:00,19.577212658205994,70.0036980669247,1.6772854162264623,0.6474545452747342
2026-08-20 06:00:00,19.563079528645076,69.99402494225681,1.2707565336778257,0.7873841235592663
2026-08-20 06:00:00,19.568110450485865,69.97930212849593,2.881200921795893,0.264289027000141
2026-08-20 06:00:00,19.569907523002755,70.01456382964598,1.2216579642844008,0.803273811499372
2026-08-20 06:00:00,19.540923425435583,70.01344790113852,2.4904902453839792,0.3723003003119719
2026-08-20 06:00:00,19.544198090925875,70.02637407292912,2.9162844231359464,0.25565676406377535
2026-08-20 06:00:00,19.58381553289052,69.99481655620545,2.668085167860287,0.32057858211620194
2026-08-20 06:00:00,19.553561744869196,69.99439226249106,1.564369436174111,0.6873264404664794
2026-08-20 06:00:00,19.574760006278275,69.9792190563171,3.13855467464448,0.2052259563836645
2026-08-20 06:00:00,19.537276932048695,70.01599713104119,2.9603610147739703,0.24507061451522952
2026-08-20 06:00:00,19.566142180202704,70.03461733779699,3.008746258487975,0.2337828382814452
2026-08-20 06:00:00,19.551528669431033,70.00207093305734,1.2670664767789759,0.7885889014803573
2026-08-20 06:00:00,19.572491417049168,70.01073950272361,1.2312530587644124,0.8001930759277791
2026-08-20 06:00:00,19.576511109921416,69.97767490986877,3.3708517098546054,0.1603302176554309
2026-08-20 06:00:00,19.548821145950292,69.99061348763681,2.2068830676670483,0.4627580110380888
2026-08-20 06:00:00,19.56315752794316,69.9878110005048,1.9200576747370148,0.5614166195215937
2026-08-20 06:00:00,19.54882224827999,70.02466931848689,2.44645755237165,0.3857511837964334
2026-08-20 06:00:00,19.587516883812064,70.00115706459266,2.8495765661504664,0.27222589698286737
2026-08-20 06:00:00,19.586409871748653,69.98579149150574,3.4214594691191915,0.15158009068753994
2026-08-20 06:00:00,19.565272584039377,69.98851913088603,1.8732234995603632,0.5779389249976161
2026-08-20 06:00:00,19.572615147374094,70.03639787200089,3.365843617738699,0.1612157922580255
2026-08-20 06:00:00,19.557415631738305,70.00723994498902,0.5518412538779969,0.9751991123926421
2026-08-20 06:00:00,19.584889282800237,70.01292091767918,2.607906443587193,0.33763470820643177
2026-08-20 06:00:00,19.576483229435393,70.02811453863185,2.786789392489733,0.2884178876955809
2026-08-20 06:00:00,19.55808863859479,69.99620460743832,1.1389658449430027,0.8292866249921601
2026-08-20 06:00:00,19.56189020970611,69.99361561836106,1.3111674431715157,0.774084821921783
2026-08-20 06:00:00,19.582268221546506,70.00175292475674,2.2658663710873865,0.4432491432750022
2026-08-20 06:00:00,19.54806461693767,70.03537500263045,3.4403983670142004,0.148397847583381
2026-08-20 06:00:00,19.54556340114833,70.02492632295589,2.702132727517482,0.3111501348136606
2026-08-20 06:00:00,19.53237712170629,70.01229006958526,3.3807594508634575,0.1585887236804934
2026-08-20 06:00:00,19.57277651471289,70.03401212371236,3.1390159630462047,0.2051289528220959
2026-08-20 06:00:00,19.577043164211965,70.02281373987175,2.39278595345516,0.4024606981119625
2026-08-20 06:00:00,19.53467090428413,70.01065234746235,3.1005406388788543,0.2133286111603941
2026-08-20 06:00:00,19.56288771520615,70.01056693630743,0.4674404814712775,0.9889928309456296
2026-08-20 06:00:00,19.557249766971342,69.9964632476348,1.1562931982763944,0.8239193568568073
2026-08-20 06:00:00,19.535772211036388,70.01786889080063,3.1875540046112976,0.19509827793107343
2026-08-20 06:00:00,19.576251679262178,69.98021470826805,3.124261405833902,0.20824733297225376
2026-08-20 06:00:00,19.557603284386012,69.99078621956158,1.6881496050672797,0.6436011274004153
2026-08-20 06:00:00,19.553505684385968,70.02867597576137,2.5498877396541215,0.3545401045806638
2026-08-20 06:00:00,19.574408399531848,69.98349743070256,2.7246456289901504,0.30500525603462025
2026-08-20 06:00:00,19.57218750856005,69.97680029004127,3.2603377407495895,0.18070804957085634
2026-08-20 06:00:00,19.543660698413404,70.02302491179962,2.7180990926379764,0.30678474216885593
2026-08-20 06:00:00,19.557448455655713,70.02701839698037,2.2481107009225734,0.44908739489122407
2026-08-20 06:00:00,19.55434109235512,69.98748895633133,2.140970464938269,0.48492418733457204
2026-08-20 06:00:00,19.57542003475402,70.02294946063591,2.284087467255905,0.4372899507836829
2026-08-20 06:00:00,19.570160197513072,70.03183637597739,2.8259786027772194,0.27824404814137765
2026-08-20 06:00:00,19.59161567987809,70.00758598234238,3.2598711997509935,0.18079781943797785
2026-08-20 06:00:00,19.567163314902835,69.98420406147555,2.3580154379127105,0.4134625270792003
2026-08-20 06:00:00,19.554275553366185,69.99181352017774,1.742422063150641,0.6243315296872897
2026-08-20 06:00:00,19.55801462684807,69.99050731226644,1.702678462517327,0.6384452505201149
2026-08-20 06:00:00,19.567504601882593,69.97777902494792,3.023024137016147,0.2305187237765752
2026-08-20 06:00:00,19.53472975169752,70.01386414154328,3.162746804905967,0.20018123353711212
2026-08-20 06:00:00,19.552987523763885,70.00159964034432,1.135630432056587,0.8303144554687474
2026-08-20 06:00:00,19.567472207588615,70.01278967247077,0.9029651143321831,0.8971678217839237
2026-08-20 06:00:00,19.580561972555618,70.02314929656768,2.6984833482933586,0.3121529597387625
2026-08-20 06:00:00,19.55636547698737,69.99499585549628,1.3381413383348388,0.7651058286581625
2026-08-20 06:00:00,19.53411568113341,70.01163319192746,3.1783858062057506,0.19696622549396078
2026-08-20 06:00:00,19.546168446066883,69.99871593746605,1.9497691544308298,0.5509760285822688
2026-08-20 06:00:00,19.56340434197496,69.9935083687269,1.3275658849550547,0.7686354384160686
2026-08-20 06:00:00,19.54222749511441,69.98209361321233,3.3588522277663935,0.16245803232265527
2026-08-20 06:00:00,19.55017021862437,70.00164746785708,1.423995647292209,0.7360493773643542
2026-08-20 06:00:00,19.546604772194314,69.99965443676096,1.8675708845020345,0.5799375852334633
2026-08-20 06:00:00,19.558169449131192,70.01851378334108,1.3717740670761778,0.7538051104362263
2026-08-20 06:00:00,19.572794248921323,70.00833302676094,1.1894340166232837,0.8135281449588807
2026-08-20 06:00:00,19.558051183787388,70.00802909205579,0.5089825145536833,0.9824649001690291
2026-08-20 06:00:00,19.563916695404327,70.0138265068034,0.8237680269725127,0.9174240823117169
2026-08-20 06:00:00,19.55121886995822,70.01374672509968,1.4626544427732053,0.7227603556298142
2026-08-20 06:00:00,19.566686062284614,69.99998843342497,0.8086585649598342,0.9211259546708671
2026-08-20 06:00:00,19.56472115677585,70.0317422468054,2.691005712992709,0.3142136028657797
2026-08-20 06:00:00,19.586567982808905,70.01603392264113,2.8876898990878423,0.26267869601704635
2026-08-20 06:00:00,19.558403117978557,70.02673261671532,2.1958991543767095,0.4664261667343162
2026-08-20 06:00:00,19.55746924721252,70.02431136122114,1.973674476113679,0.5426032863376139
2026-08-20 06:00:00,19.550506633412464,69.98592415195232,2.4860503622256567,0.3736457577284944
2026-08-20 06:00:00,19.534657315379867,69.99516642088038,3.2739594594884576,0.1781009930873909
2026-08-20 06:00:00,19.568427986288487,69.97597037505297,3.2289878334506037,0.1868109974863263
2026-08-20 06:00:00,19.55890779859744,70.0001544843464,0.7297736016441684,0.9395589159007107
2026-08-20 06:00:00,19.55110312449255,70.01405484523313,1.491092055359903,0.7129161640805564
2026-08-20 06:00:00,19.568285196754157,69.99116239926308,1.7029752408737042,0.6383399053943302
2026-08-20 06:00:00,19.570125853511524,70.02063297950782,1.7478552010806259,0.6224015723279969
2026-08-20 06:00:00,19.585868151331503,70.00974169394947,2.6452977117611858,0.32697880336215873
2026-08-20 06:00:00,19.57945231194552,70.01771864652,2.2581440863824667,0.4457845659584276
2026-08-20 06:00:00,19.56106965657411,69.99882991164179,0.7767644231766967,0.9287619018888031
2026-08-20 06:00:00,19.54355583140334,70.01099741879258,2.1393394298544006,0.48547722384009545
2026-08-20 06:00:00,19.574351898181693,70.02669529145912,2.532977224885975,0.35955054068291115
2026-08-20 06:00:00,19.552224949473317,70.00607470326774,1.1160111157916486,0.8363246248517657
2026-08-20 06:00:00,19.578859000606286,70.03111827779304,3.195288294334309,0.19353212961002403
2026-08-20 06:00:00,19.559900342374863,69.99894655764065,0.7978300973249425,0.9237457928518408
2026-08-20 06:00:00,19.533674251897637,70.01682541404116,3.3659044691540583,0.16120501060116224
2026-08-20 06:00:00,19.55499908402221,70.01330697637843,1.1018783890944928,0.8406155050340155
2026-08-20 06:00:00,19.55306831076021,70.03528355312055,3.214621775119504,0.18965578051178933
2026-08-20 06:00:00,19.541810377272686,69.98293031207395,3.3252820952685065,0.1685199874946862
2026-08-20 06:00:00,19.542113732557876,70.03142168072151,3.4640642080056425,0.14449129876585334
2026-08-20 06:00:00,19.586342126118023,70.02182713238274,3.134456417523064,0.20608915990235904
2026-08-20 06:00:00,19.582809497816676,70.02609751706835,3.090080884774504,0.21559584546723395
2026-08-20 06:00:00,19.586832172000385,69.99978453073975,2.8054269070759017,0.28355159477707775
2026-08-20 06:00:00,19.585642595080294,69.99009747119807,3.089126954914945,0.21580342882575893
2026-08-20 06:00:00,19.558684500877888,69.99447779920912,1.283847558342131,0.7830967361839498
2026-08-20 06:00:00,19.55998067108589,70.03052359973813,2.5625833528606554,0.3508029180949437
2026-08-20 06:00:00,19.584467211584467,70.00152639618551,2.5098267190849204,0.36646935786851426
2026-08-20 06:00:00,19.567525114416828,69.97566045096299,3.2411816927628925,0.18442011017313703
2026-08-20 06:00:00,19.557848508136342,69.98387086316247,2.381027557278699,0.4061659904708736
2026-08-20 06:00:00,19.543693900461637,70.01264088274075,2.1719452864262787,0.4744620607381782
2026-08-20 06:00:00,19.558766377911752,70.0326451863599,2.799044492796533,0.28521238358011275
2026-08-20 06:00:00,19.575660478808246,70.01597847960808,1.8067029748648127,0.6015044994430933
2026-08-20 06:00:00,19.57192780482342,69.99895779924094,1.308496478476718,0.774969620206469
2026-08-20 06:00:00,19.54131763815392,70.0124901047215,2.4195033801982766,0.39410055903553953
2026-08-20 06:00:00,19.568281944075604,70.02679024409977,2.2598439692348986,0.4452259533201314
2026-08-20 06:00:00,19.557042054420645,70.02129530625831,1.6878927014116456,0.6436922696233338
2026-08-20 06:00:00,19.545483082576894,69.99645906262505,2.121796331863716,0.4914386110320257
2026-08-20 06:00:00,19.570753860178133,70.0242936806352,2.118562604779838,0.49254003719594147
2026-08-20 06:00:00,19.573482608652206,69.99113310594885,2.002952985981868,0.5323863895880114
2026-08-20 06:00:00,19.563318133300463,69.98556079323933,2.156022953647498,0.4798302959602145
2026-08-20 06:00:00,19.55729962752136,69.97894260073076,2.8983367612883306,0.26005001030535807
2026-08-20 06:00:00,19.546638754629132,70.01369028036281,1.9070230238511134,0.5660077109046159
2026-08-20 06:00:00,19.540877687637938,69.98276384257898,3.4093268547123667,0.1536450078008725
2026-08-20 06:00:00,19.536211675121105,69.98999520539591,3.3504123983985434,0.16396690549245652
2026-08-20 06:00:00,19.549409098842617,69.98738394953861,2.4271696987800344,0.39171706027252906
2026-08-20 06:00:00,19.57786318237582,70.01584807670949,2.0055983549323724,0.5314654764587575
2026-08-20 06:00:00,19.542359920207623,70.01850209457454,2.5610693421728232,0.35124748873002487
2026-08-20 06:00:00,19.590337655309558,70.01411310143436,3.224107006207595,0.1877741053744356
2026-08-20 06:00:00,19.536824962367582,70.0071651624193,2.827400735987251,0.27787905626956433
2026-08-20 06:00:00,19.548676525004648,70.03245735496063,3.1390762801103924,0.20511627118466982
2026-08-20 06:00:00,19.57643874217283,70.02539863552856,2.554573913944421,0.35315819415432376
2026-08-20 06:00:00,19.582253412011198,70.02224961913247,2.784464213906933,0.2890285268961102
2026-08-20 06:00:00,19.54785499718292,69.99674518208619,1.8788044799114023,0.5759664557151429
2026-08-20 06:00:00,19.575212680141192,70.03133426196739,3.0004068454629715,0.23570342149239004
2026-08-20 06:00:00,19.574923425581414,69.99932011783014,1.5746289295545315,0.6837220425617431
2026-08-20 06:00:00,19.539331880265358,69.99254452059733,2.917409309306221,0.25538300357397237
2026-08-20 06:00:00,19.545552950596903,70.0316149830346,3.2471231247047285,0.1832630429788512
2026-08-20 06:00:00,19.55263800399406,69.9995688033292,1.2721083904070098,0.786942336843057
2026-08-20 06:00:00,19.58674079132414,70.00989004008329,2.7433832801193705,0.29994561343621706
2026-08-20 06:00:00,19.571674693900103,70.00348808711291,1.0793159480970802,0.8473968782748343
2026-08-20 06:00:00,19.535583385964138,70.00930791800158,2.9816130611340195,0.24006972313565936
2026-08-20 06:00:00,19.564150796170008,69.99662281617395,1.017370105019861,0.8655578506516249
2026-08-20 06:00:00,19.588754500081052,70.02222510925706,3.3860394014368276,0.15766633643958194
2026-08-20 06:00:00,19.5506316411401,70.00718335800818,1.2974001475886598,0.7786368718710847
2026-08-20 06:00:00,19.531455064299973,70.00805696455149,3.427285078948968,0.15059591029798466
2026-08-20 06:00:00,19.588371236458798,69.99474136611363,3.132224633873253,0.20656028329533752
2026-08-20 06:00:00,19.540409465412374,69.99491398597138,2.696776697228163,0.3126225779874767
2026-08-20 06:00:00,19.534770276117523,70.01105305452778,3.0963115608271643,0.2142433335055083
2026-08-20 06:00:00,19.559285638143468,70.03581394395968,3.1209224241468743,0.2089575189710277
2026-08-20 06:00:00,19.547239855492553,70.03451038522827,3.4042372889550894,0.15451737122406778
2026-08-20 06:00:00,19.54654049859843,70.00396300153633,1.7618019424810623,0.6174474372896743
2026-08-20 06:00:00,19.539819921814527,70.01577067976896,2.688573919039476,0.3148854305236196
2026-08-20 06:00:00,19.571910583897772,70.00754137562024,1.0790517458231164,0.8474757757248154
2026-08-20 06:00:00,19.57369427743836,69.98283801947122,2.7473677994210175,0.2988761431789206
2026-08-20 06:00:00,19.57264852335308,69.99773633723024,1.448557377233178,0.7276193514558548
2026-08-20 06:00:00,19.577357305150695,70.02554970515271,2.630711879042898,0.3311129076093913
2026-08-20 06:00:00,19.539784251256428,69.99771303917078,2.648069824780808,0.3261963898030208
2026-08-20 06:00:00,19.5789858387169,70.02054729648236,2.3892086815554716,0.4035863005622224
2026-08-20 06:00:00,19.55157945964871,69.98478359165466,2.5302646600772327,0.3603576821538651
2026-08-20 06:00:00,19.556905066283136,70.03483098548544,3.0590948869854793,0.22240807512802654
2026-08-20 06:00:00,19.547088038450962,69.98094401416448,3.129017062477099,0.2072386893745784
2026-08-20 06:00:00,19.559092553657308,69.98291399811427,2.4553771382007707,0.3830073653246811
2026-08-20 06:00:00,19.565133056091888,69.98041078715745,2.7101696734064458,0.30894824399718307
2026-08-20 06:00:00,19.585997081252263,70.02637325686509,3.3775203755423515,0.15915652936629743
2026-08-20 06:00:00,19.571705314974086,70.00031399879765,1.211088955914781,0.8066529076920849
2026-08-20 06:00:00,19.563616864917527,70.01750757056885,1.1977139400860097,0.8109071173075162
2026-08-20 06:00:00,19.571360351904474,70.00845297197552,1.0365497556349685,0.8600088044586858
2026-08-20 06:00:00,19.538207993772147,69.99697456798812,2.838807010303178,0.27496232290948147
2026-08-20 06:00:00,19.548227576828626,70.02184120328714,2.264498108783081,0.44369795489988656
2026-08-20 06:00:00,19.57561365533214,69.9803222842786,3.0798437213172973,0.21783062657046587
2026-08-20 06:00:00,19.571524335748183,69.98054477239636,2.8675049804717445,0.2677082649945477
2026-08-20 06:00:00,19.55482163751123,70.02377902599865,2.0216484708081466,0.5258863549166518
2026-08-20 06:00:00,19.590865946781214,69.99689475923917,3.317377006789975,0.16997095270950754
2026-08-20 06:00:00,19.555277697906597,70.03440533473623,3.0563080344781173,0.2230277842209308
2026-08-20 06:00:00,19.545951740920515,70.00450055780361,1.8204540714199995,0.5966261894405004
2026-08-20 06:00:00,19.56156586081245,70.02632497481557,2.1121913307528892,0.4947124156325804
2026-08-20 06:00:00,19.578551666937773,69.99880557903168,1.9626231827587843,0.5464706989497814
2026-08-20 06:00:00,19.568677661781955,70.01756296779861,1.3895116752500662,0.747801339285821
2026-08-20 06:00:00,19.573921024156707,70.00972677246817,1.3454911050028713,0.7626459543271408
2026-08-20 06:00:00,19.534272721143452,70.01898498738993,3.3863788072737613,0.15760717830512283
2026-08-20 06:00:00,19.58312072452214,70.00508432892568,2.3161011324388943,0.42690118789270465
2026-08-20 06:00:00,19.577451197461894,69.9931075955529,2.1669489677939513,0.4761443217377294
2026-08-20 06:00:00,19.56204331676796,69.97756112318253,2.989757503761447,0.23817107867424292
2026-08-20 06:00:00,19.580420042991253,69.99037855179049,2.6027226224375166,0.33912694972830165
2026-08-20 06:00:00,19.58620138701041,69.98605192498336,3.38640145859453,0.1576032307793164
2026-08-20 06:00:00,19.53462091245909,70.00265041369369,3.0917136510987,0.21524085629515788
2026-08-20 06:00:00,19.55349180965406,70.02735383095349,2.4232781847170624,0.3929260878331772
2026-08-20 06:00:00,19.564945800302443,69.98581180354662,2.1471850293209758,0.48281893316770447
2026-08-20 06:00:00,19.54577369699456,69.97789604941536,3.4765264885116216,0.1424651717281479
2026-08-20 06:00:00,19.54354939610382,70.02635969674029,2.96522560542105,0.24391996977149788
2026-08-20 06:00:00,19.587771424761502,70.02439850142572,3.413522313541696,0.15292862828394369
2026-08-20 06:00:00,19.56205997330538,69.9946288560318,1.2047251018007206,0.8086801678651117
2026-08-20 06:00:00,19.560004507443377,70.03691133483657,3.227853399720484,0.1870345375118551
2026-08-20 06:00:00,19.585488838496786,69.99581718170354,2.7935917881630976,0.28663593254426406
2026-08-20 06:00:00,19.56290318582884,70.01781034779228,1.2221049707799774,0.8031305624674565
2026-08-20 06:00:00,19.57961878941297,70.02403554962186,2.6844292688806224,0.31603237182395244
2026-08-20 06:00:00,19.57502096196298,69.98194941222678,2.8990826950160886,0.25986646957948245
2026-08-20 06:00:00,19.56427578381126,70.00919190482921,0.38821115663435635,1.0
2026-08-20 06:00:00,19.571416387364835,70.0265088996372,2.3591089488536547,0.41311447225076964
2026-08-20 06:00:00,19.5390379580739,69.9883705835156,3.17980251150208,0.19667677168615524
2026-08-20 06:00:00,19.574362778450368,69.99324984895517,1.9021430178788084,0.5677280961083288
2026-08-20 06:00:00,19.569330216720928,70.02753335567164,2.370066244228682,0.409634167568769
2026-08-20 06:00:00,19.554519464215268,70.02682039789293,2.3277345330990156,0.42315239948202693
2026-08-20 07:00:00,19.56199127784824,70.03827775406883,2.0730539941471844,0.38575777892284197
2026-08-20 07:00:00,19.588531637359708,70.00723034650007,2.617803099672714,0.21862463802270612
2026-08-20 07:00:00,19.57299554580422,69.99276582426873,2.851306866627385,0.16460779758871247
2026-08-20 07:00:00,19.585601877743514,70.03509344004287,2.546814386732014,0.23718241071750365
2026-08-20 07:00:00,19.594497821604225,70.01897801554931,2.9442997489971052,0.1460280836396828
2026-08-20 07:00:00,19.585317304883194,70.00204605357091,2.652931687142282,0.2098118260391345
2026-08-20 07:00:00,19.56265666880947,70.04560379448986,2.7930651521862746,0.17708299615133058
2026-08-20 07:00:00,19.57271782625162,70.01122200839954,1.0133788238623969,0.797923925649081
2026-08-20 07:00:00,19.586126353596768,70.03472041557406,2.5674348145462407,0.23168863923512784
2026-08-20 07:00:00,19.585906427375296,70.01939545310651,1.9901754434587715,0.4157333233040823
2026-08-20 07:00:00,19.55781986910349,70.00109432730129,2.2311284637379076,0.331627980236235
2026-08-20 07:00:00,19.55514296971772,70.00072391291977,2.4262979382881262,0.2709722955039973
2026-08-20 07:00:00,19.590410253874985,70.0347042095917,2.9543757463041365,0.1441120570040069
2026-08-20 07:00:00,19.58937569727576,70.00234690462844,2.97677723937896,0.1399192179098812
2026-08-20 07:00:00,19.582246972169195,70.02229289696018,1.6106067829830928,0.563273281697701
2026-08-20 07:00:00,19.569310644503137,70.04403195443894,2.5697823792962016,0.23106854754700165
2026-08-20 07:00:00,19.582551553529377,70.03893959852374,2.5980476980643403,0.22368847071843284
2026-08-20 07:00:00,19.570640323071917,70.00285648587425,1.7659093271789013,0.5013155190396535
2026-08-20 07:00:00,19.57101851936324,70.02906783726995,1.0558541441780627,0.7824905567399377
2026-08-20 07:00:00,19.572606558791808,70.016412100461,0.6070606580659611,0.9236447088213525
2026-08-20 07:00:00,19.554740925088897,69.99847332681063,2.645011937168263,0.2117772784211206
2026-08-20 07:00:00,19.58640420167861,70.02402414050229,2.099356491011508,0.37646380997371565
2026-08-20 07:00:00,19.594792501571217,70.02047379170894,2.9782312746753457,0.13965024754728883
2026-08-20 07:00:00,19.585444375473184,70.02574002485545,2.045668865125262,0.395548928120776
2026-08-20 07:00:00,19.546954356265516,70.0019872794577,2.9666905486862905,0.14179572220812986
2026-08-20 07:00:00,19.573488537710293,70.00205507067926,1.9246256830216462,0.4401296750953491
2026-08-20 07:00:00,19.56970751855713,70.04499035973285,2.6726652156676405,0.20496866276367856
2026-08-20 07:00:00,19.572580141970832,70.01272596821168,0.8737124531597844,0.8460537225162177
2026-08-20 07:00:00,19.586831868513144,70.02702528833859,2.2358791092632613,0.3300677656159611
2026-08-20 07:00:00,19.575596173239614,69.99511984458753,2.6867337201277537,0.20156296823918338
2026-08-20 07:00:00,19.591337736936907,70.00741382019127,2.884842284246922,0.1577194890758381
2026-08-20 07:00:00,19.571371326627776,69.99373804908683,2.7208909966326993,0.1934569917236181
2026-08-20 07:00:00,19.56631309197791,70.01427768502994,0.5768332036304499,0.9310192461349373
2026-08-20 07:00:00,19.576640746743543,70.00459942401687,1.8314805682181308,0.47571394675528056
2026-08-20 07:00:00,19.573752663410627,70.02108248353694,0.6620319107298843,0.9094358474241996
2026-08-20 07:00:00,19.570642815567094,70.02855284925052,0.9917361645271499,0.8056559753326448
2026-08-20 07:00:00,19.58368956985842,70.03616196740698,2.46530944467573,0.2597215632673579
2026-08-20 07:00:00,19.545160880257225,70.01881293033705,2.5336384443730884,0.24073699039108376
2026-08-20 07:00:00,19.567258551401082,69.99428347607108,2.6388418188221583,0.21331715278796148
2026-08-20 07:00:00,19.550766847570824,70.0000490532083,2.7908975137938987,0.1775599516910431
2026-08-20 07:00:00,19.5817709597333,69.99965151493313,2.5797060329209196,0.2284593892694662
2026-08-20 07:00:00,19.581545458098315,70.04075245534668,2.6847428794876596,0.20204252999968136
2026-08-20 07:00:00,19.567400217234894,70.01318505236577,0.6638323496256515,0.9089535423625924
2026-08-20 07:00:00,19.57256210580773,70.03251352354533,1.452864878084568,0.6271282738010598
2026-08-20 07:00:00,19.56520511600392,70.0419304284158,2.3658148618134116,0.2889997598824353
2026-08-20 07:00:00,19.561736358122197,69.99377011126164,2.7790515903133945,0.18018260245457265
2026-08-20 07:00:00,19.569776250227488,70.01926378282604,0.2012489116912986,0.9934871761186522
2026-08-20 07:00:00,19.553158625701386,70.0062330718326,2.1521301259559444,0.35815387760817774
2026-08-20 07:00:00,19.58892835156186,70.02742894142388,2.468924177507194,0.25869418347662426
2026-08-20 07:00:00,19.56451423893842,70.01620822765885,0.5162030629098581,0.9448317088378797
2026-08-20 07:00:00,19.584496910284848,70.02428109149304,1.900578863920277,0.4492188964603192
2026-08-20 07:00:00,19.587072350029196,70.00144172072734,2.839139646522036,0.1671600340436159
2026-08-20 07:00:00,19.562412098331954,69.99674974345285,2.458559594498927,0.2616468742106715
2026-08-20 07:00:00,19.57409653841139,70.03188620656518,1.4625065026335355,0.6232231727070364
2026-08-20 07:00:00,19.588904451463012,70.0339366112125,2.7703844799390596,0.18211878604230852
2026-08-20 07:00:00,19.574444064558524,70.03496985685862,1.7698256441484932,0.49977527989662734
2026-08-20 07:00:00,19.5927475309397,70.01618602480222,2.7712997023592623,0.1819136386809263
2026-08-20 07:00:00,19.55369804952265,70.02353991045527,1.6402721908482598,0.5513303091970357
2026-08-20 07:00:00,19.572389954335694,69.99796752776027,2.304969036223337,0.30784022618931384
2026-08-20 07:00:00,19.556829923535293,70.00584155050423,1.8900953969920424,0.45320350748990873
2026-08-20 07:00:00,19.5552500242421,70.01289447251241,1.5727127699601104,0.5785768043642199
2026-08-20 07:00:00,19.583557930903414,70.04085632001814,2.8247155714419856,0.17022247869587975
2026-08-20 07:00:00,19.579016419246102,70.01536951019983,1.2993625889086624,0.6888572327124788
2026-08-20 07:00:00,19.565481890245568,70.02742496664405,0.8736728913740359,0.8460667198220528
2026-08-20 07:00:00,19.55403434373259,70.01160594661498,1.7542355733797397,0.5059144211970513
2026-08-20 07:00:00,19.560871436932597,69.99640340502964,2.541407548736351,0.2386368901869986
2026-08-20 07:00:00,19.553607908665363,69.99872385553448,2.6957159445658467,0.19940903990932343
2026-08-20 07:00:00,19.593127462769655,70.0090495837667,2.99811446255824,0.1360108502593475
2026-08-20 07:00:00,19.576741784110823,70.0320447742758,1.6331743670228491,0.5541842928394307
2026-08-20 07:00:00,19.55073871781896,70.01854144704173,1.9161100073277473,0.44334023573049225
2026-08-20 07:00:00,19.559743019465465,70.02551927010893,1.1096808109842382,0.7624819590555948
2026-08-20 07:00:00,19.547754536481463,70.02301677848521,2.2746092777897706,0.3174999131406288
2026-08-20 07:00:00,19.587745815880073,70.03901112059418,2.996367857150763,0.1363276704513194
2026-08-20 07:00:00,19.58303678972978,70.03742470246824,2.511559095678604,0.2467706551845092
2026-08-20 07:00:00,19.564317989141113,70.0412885197454,2.314501147919427,0.3048426443098623
2026-08-20 07:00:00,19.562272092581313,70.03641880992498,1.879181161116763,0.4573656672773853
2026-08-20 07:00:00,19.544728074147663,70.03151283448065,2.8701374257289483,0.1607135975133436
2026-08-20 07:00:00,19.553373038769713,70.00651750027784,2.1147693408911397,0.37106906775838333
2026-08-20 07:00:00,19.561408251705295,70.01163181638015,1.099682781449975,0.7662339779791696
2026-08-20 07:00:00,19.554084791665726,70.02862564000039,1.813396307703366,0.482733372589729
2026-08-20 07:00:00,19.562092003485752,70.02353359847535,0.7774959933208029,0.8764573697851464
2026-08-20 07:00:00,19.570430753962142,70.0321277899764,1.3482623406440728,0.6693207074729642
2026-08-20 07:00:00,19.564923607219104,70.01749389373184,0.39877190096496246,0.9676629572683811
2026-08-20 07:00:00,19.56053705954721,70.03712597652193,2.0197819804378567,0.404908684375176
2026-08-20 07:00:00,19.58895616864596,70.02463518780856,2.389741070611244,0.2817840152463009
2026-08-20 07:00:00,19.554177882602076,70.0277465250168,1.7577349519794416,0.5045346297932537
2026-08-20 07:00:00,19.550684667047072,70.02251185055162,1.945105638146035,0.4324461720745747
2026-08-20 07:00:00,19.572020614364927,70.0472653560181,2.9381768931773293,0.14720156798599326
2026-08-20 07:00:00,19.54692767095062,70.00856567127028,2.601474215550529,0.22280460149202355
2026-08-20 07:00:00,19.54977397580902,70.011030935143,2.2062886784155333,0.3398512867844448
2026-08-20 07:00:00,19.563694985027375,70.00489248168746,1.6002711882697966,0.5674426311620945
2026-08-20 07:00:00,19.55266582391117,69.99773216614055,2.8412974481664106,0.16670533726986628
2026-08-20 07:00:00,19.56043751168506,70.0081271993564,1.4546044314266113,0.6264238196686963
2026-08-20 07:00:00,19.561747058831326,70.03446770402766,1.7111646836731098,0.5229761930105788
2026-08-20 07:00:00,19.57398215896509,69.99290701069525,2.860346714964208,0.1627299006513366
2026-08-20 07:00:00,19.54923992408977,70.01315919432471,2.1830892097130734,0.347629512508282
2026-08-20 07:00:00,19.54681996945058,70.02982520129855,2.5847362621284575,0.227144301551385
2026-08-20 07:00:00,19.55338224725863,70.00381459132308,2.3057977247525194,0.30757895412724434
2026-08-20 07:00:00,19.553981703017755,70.03730688065609,2.4250676034052034,0.27133195188457054
2026-08-20 07:00:00,19.553236461072878,70.01824759382653,1.6414778778994954,0.5508457481100469
2026-08-20 07:00:00,19.566869349026533,70.005459450066,1.473888922083332,0.6186113950272766
2026-08-20 07:00:00,19.5795790907697,70.00883850497257,1.7036522897933097,0.5259660724798865
2026-08-20 07:00:00,19.577348753666566,70.0141203624058,1.182782345468008,0.7346089199005262
2026-08-20 07:00:00,19.542712224195427,70.01889032780687,2.8051433631130633,0.17444206371586565
2026-08-20 07:00:00,19.553709722555443,70.01756301193097,1.5966284474639134,0.5689130084734001
2026-08-20 07:00:00,19.57421974618646,69.99905564239965,2.2479778801690777,0.32611256565183183
2026-08-20 07:00:00,19.558501185944344,70.04296434133191,2.66978834859102,0.2056699200276706
2026-08-20 07:00:00,19.580464498949166,69.99784011038176,2.656015245509977,0.20904994302383836
2026-08-20 07:00:00,19.550094528498192,70.02020139918571,1.9863223120273648,0.4171512587476374
2026-08-20 07:00:00,19.581901472055375,70.03267289301893,2.070341946945125,0.38672227000562304
2026-08-20 07:00:00,19.592216590987633,70.03201687173592,2.992042068623906,0.13711471430227487
2026-08-20 07:00:00,19.5801054606787,69.99977061686064,2.464016496050953,0.26008966840721637
2026-08-20 07:00:00,19.59089929522025,70.02835897437095,2.7077197026392787,0.19655543780832133
2026-08-20 07:00:00,19.56306905690849,70.04625028832207,2.850085213282769,0.16486277571882868
2026-08-20 07:00:00,19.555880633773544,70.04148376035843,2.66238774900728,0.2074814071474261
2026-08-20 07:00:00,19.57338745367736,70.03042895374774,1.2909740913674868,0.6921915433733588
2026-08-20 07:00:00,19.560058770229407,70.03929904191828,2.2493413710769095,0.3256684816629058
2026-08-20 07:00:00,19.567581230022846,70.01035606841981,0.9576259268790208,0.8176489511179968
2026-08-20 07:00:00,19.589723143451092,70.02163769299355,2.424107905823498,0.2716126990074016
2026-08-20 07:00:00,19.580290456961592,69.99469839315842,2.9322593428430404,0.1483423158015698
2026-08-20 07:00:00,19.579986833750187,70.00339668722022,2.148159346673566,0.35951549415282724
2026-08-20 07:00:00,19.555620264501833,70.0330760908322,1.9740193605458645,0.42169251806167485
2026-08-20 07:00:00,19.570890048126927,70.02396713110193,0.5679654591288704,0.9331219513700583
2026-08-20 07:00:00,19.546638642967938,70.00286542255984,2.9390424802923456,0.14703525079352792
2026-08-20 07:00:00,19.57431252497416,70.02579043484198,0.9628209372315442,0.8158381875635158
2026-08-20 07:00:00,19.564356729669896,70.0238652817933,0.6080393406216595,0.9234006531426316
2026-08-20 07:00:00,19.580929249030245,70.01582814646693,1.488153051115525,0.6128303726953772
2026-08-20 07:00:00,19.57489301847969,70.01929326978565,0.7679673855480074,0.8793302482505388
2026-08-20 07:00:00,19.570501446295015,70.00033813975547,2.023872669341098,0.40342303224086995
2026-08-20 07:00:00,19.560720760527005,70.03861540431093,2.155177535915316,0.35711069419502056
2026-08-20 07:00:00,19.5622092372183,70.00468038966306,1.677238665562315,0.5365080174504702
2026-08-20 07:00:00,19.566289987852777,70.01327983176401,0.6772328574234822,0.9053308335717619
2026-08-20 07:00:00,19.56109905919704,70.02571000425036,1.0021992387958796,0.8019294749331156
2026-08-20 07:00:00,19.55736685935386,70.00573483680844,1.8602525102548184,0.4646166458428649
2026-08-20 07:00:00,19.57461143597661,70.0199777926509,0.738075915769391,0.8881711868107114
2026-08-20 07:00:00,19.573722822631446,70.04268123051453,2.506732440945627,0.2481024964166844
2026-08-20 07:00:00,19.555832505350143,70.01745372485117,1.3649853016510134,0.6626058515064253
2026-08-20 07:00:00,19.57563875455101,70.03300856841562,1.6488311372159208,0.5478920433960638
2026-08-20 07:00:00,19.57653096290267,70.03505422929398,1.8833831247526027,0.45576159264590194
2026-08-20 07:00:00,19.576980018411827,70.00364452006099,1.9363591344640414,0.4357210033133001
2026-08-20 07:00:00,19.5690760356292,70.01942274018857,0.12225534374089661,0.9991450753307309
2026-08-20 07:00:00,19.559483114044376,70.01619482190355,1.0043073926782964,0.8011760110025148
2026-08-20 07:00:00,19.581304523535923,69.99692412935553,2.7865536193778695,0.1785185070011967
2026-08-20 07:00:00,19.568924502083256,70.01944127814853,0.10534496953900176,1.0
2026-08-20 07:00:00,19.580108628608258,70.03538737424162,2.138575741542926,0.36281268883959894
2026-08-20 07:00:00,19.55005888972589,70.02591396138872,2.098932599814695,0.3766127197926142
2026-08-20 07:00:00,19.555799233634776,70.02984721326769,1.7314293081427667,0.5149310879912449
2026-08-20 07:00:00,19.583529113856233,70.02858294190312,1.97026474904213,0.4230825711720975
2026-08-20 07:00:00,19.568776755565242,69.99417454548265,2.6505150891363094,0.2104102358069482
2026-08-20 07:00:00,19.54530370748639,70.03013550688729,2.751514738454913,0.18638491886021688
2026-08-20 07:00:00,19.55444214905157,70.02230571165485,1.5307308354956628,0.5955732083499484
2026-08-20 07:00:00,19.57694604806193,70.0327208905119,1.7036472547771055,0.5259680776777477
2026-08-20 07:00:00,19.57357360354193,70.03231757648554,1.4772764390103141,0.6172386240169699
2026-08-20 07:00:00,19.58359971434985,70.00855219392018,2.0781652015563115,0.3839431915238828
2026-08-20 07:00:00,19.589444228183773,70.02606708396519,2.479783300800559,0.2556232520144302
2026-08-20 07:00:00,19.56936572197207,70.03312687965612,1.433274530287476,0.6350575680177285
2026-08-20 07:00:00,19.563917312362097,70.03542569078391,1.725288868130146,0.517365671723507
2026-08-20 07:00:00,19.54195732267885,70.02120545679523,2.8936934112483916,0.15593701392514062
2026-08-20 07:00:00,19.562878076854403,70.01623534677115,0.6611532414067276,0.9096708441128469
2026-08-20 07:00:00,19.54964755578769,70.02032312881798,2.036400365143381,0.39888860543085297
2026-08-20 07:00:00,19.58766490645225,70.03170319352255,2.5306169948000825,0.24155696394146828
2026-08-20 07:00:00,19.56839420996008,70.03061961728574,1.1636520545323101,0.741973390668068
2026-08-20 07:00:00,19.571240424558596,70.01430797112648,0.6529672120783222,0.9118480496754353
2026-08-20 07:00:00,19.56145609144252,70.01139009514323,1.115279491762839,0.7603741849453669
2026-08-20 07:00:00,19.55263770766508,69.99734545854908,2.8756579667575464,0.1595847321061858
2026-08-20 07:00:00,19.566727193121437,70.01708204415593,0.2886832804131731,0.9840747310560959
2026-08-20 07:00:00,19.568927028710657,70.0070957922062,1.3018823961104038,0.6878545834874061
2026-08-20 07:00:00,19.57244242190339,70.021313912785,0.530614376091339,0.941669513602606
2026-08-20 07:00:00,19.561964525331415,70.02659478158722,0.9978302501226497,0.8034881755431538
2026-08-20 07:00:00,19.547346578462488,70.0139500072515,2.3624867363976176,0.2900121535076253
2026-08-20 07:00:00,19.560967535124806,70.03148019311948,1.4747034205737002,0.6182813337820513
2026-08-20 07:00:00,19.579383277486702,70.00156414431952,2.263384292133373,0.3211143541488038
2026-08-20 07:00:00,19.54733826661665,70.02191061518499,2.3047252428207434,0.30791711464860755
2026-08-20 07:00:00,19.570885963142434,69.99324711209398,2.7649444836755785,0.1833415373660213
2026-08-20 07:00:00,19.569090061637706,70.01791943658976,0.20657331920377636,0.9930078984894865
2026-08-20 07:00:00,19.54302148961163,70.01870488669428,2.771339952817283,0.18190462028177723
2026-08-20 07:00:00,19.5859005334979,70.00735559331677,2.3605236236569986,0.29061031067550847
2026-08-20 07:00:00,19.558667344822883,70.01347977405801,1.2102443451405251,0.7239587617075628
2026-08-20 07:00:00,19.58197686188474,69.99912646236052,2.6375057333051535,0.21365159504108333
2026-08-20 07:00:00,19.55450432071236,70.04184985181838,2.7747835728422623,0.18113422308068197
2026-08-20 07:00:00,19.554349323371532,70.01961000148889,1.5127363794750939,0.6028656905415417
2026-08-20 07:00:00,19.542573701519203,70.01411132524665,2.875611783277452,0.15959415191385318
2026-08-20 07:00:00,19.58237513420559,70.03135210965678,2.022403736321687,0.4039562352114473
2026-08-20 07:00:00,19.551105066288777,70.03276267654914,2.3304119998403485,0.29987703141394373
2026-08-20 07:00:00,19.59125928070205,70.00537521366712,2.9768852518292994,0.13989922427053306
2026-08-20 07:00:00,19.556914878595105,70.00686849727953,1.8038361088948172,0.486457357760805
2026-08-20 07:00:00,19.578698369744615,70.04273097274371,2.705260451856903,0.1971377479108235
2026-08-20 07:00:00,19.55989836893108,70.0332301858818,1.6928059724776898,0.5302895448174816
2026-08-20 07:00:00,19.576645046691443,70.04343845674704,2.6819622853749117,0.20271364339851553
2026-08-20 07:00:00,19.58867077376211,70.02295591408992,2.325210801145518,0.30149504039999114
2026-08-20 07:00:00,19.579265260711246,70.01362987592385,1.3954215338128522,0.6503495668965705
2026-08-20 07:00:00,19.551499430274266,70.02540319726432,1.9303457835587714,0.43797823459116214
2026-08-20 07:00:00,19.562589860058683,70.03462349964535,1.6907751799905437,0.5310998979493978
2026-08-20 07:00:00,19.56182410797182,70.01485279371487,0.8384363647428915,0.8574857988929934
2026-08-20 07:00:00,19.572640582645388,70.01973010773095,0.5181823336406571,0.9444019441393084
2026-08-20 07:00:00,19.565190625901504,70.0361253658585,1.765873126434804,0.5013297625241413
2026-08-20 07:00:00,19.566892747249756,70.01571623209996,0.4138928972057617,0.9650241320876091
2026-08-20 07:00:00,19.560642782408422,70.010809678438,1.2204055957901763,0.7199961673294587
2026-08-20 07:00:00,19.590842572613347,70.01671623204258,2.5547308836074727,0.23506328183649014
2026-08-20 07:00:00,19.551433487676377,70.00294023115006,2.524444715408181,0.24323764602877226
2026-08-20 08:00:00,19.573184607643338,70.02643563733834,0.6228117017815017,0.884185209969794
2026-08-20 08:00:00,19.567342941971003,70.04713793261602,1.6923763646432823,0.4003217842149935
2026-08-20 08:00:00,19.57982113702365,70.02690295838164,0.8980188513543359,0.7733507157089332
2026-08-20 08:00:00,19.566280436465544,70.02718826666852,0.9757263645535299,0.7381443096370914
2026-08-20 08:00:00,19.586168543306584,70.0459020576285,1.9879053250692835,0.28265501938052845
2026-08-20 08:00:00,19.58232940563692,70.04414063635858,1.56709801777488,0.4562030448362197
2026-08-20 08:00:00,19.56601884024944,70.01087590893752,2.400328688631771,0.15839435909996358
2026-08-20 08:00:00,19.579509338599056,70.0443275265613,1.412348431266321,0.5287309905826144
2026-08-20 08:00:00,19.554414160780983,70.03144230699114,2.1304050794155045,0.23426021104587016
2026-08-20 08:00:00,19.588860195160553,70.03153683671486,1.6976075631512049,0.3980564808915526
2026-08-20 08:00:00,19.59187776266201,70.03286428734266,2.03093466956916,0.2674386421953622
2026-08-20 08:00:00,19.590933742023857,70.03430025676172,1.9359999946991064,0.30169061960391347
2026-08-20 08:00:00,19.58905856379737,70.03166142175564,1.7189822075122647,0.38886211545387855
2026-08-20 08:00:00,19.554665721163747,70.02056055742243,2.436776937145198,0.14970558191393668
2026-08-20 08:00:00,19.58279755820355,70.042388469242,1.4635437360114913,0.5043979207226583
2026-08-20 08:00:00,19.581162250805644,70.02632310901456,1.0524836734163403,0.7022726822201265
2026-08-20 08:00:00,19.587136970301575,70.01893506092418,2.0586616721790216,0.2579084418928764
2026-08-20 08:00:00,19.5534045032414,70.0274174618124,2.2994667334350436,0.1843392195304642
2026-08-20 08:00:00,19.570327851002627,70.02905317558951,0.5015833675716566,0.9236057355307322
2026-08-20 08:00:00,19.571394369618023,70.04823421901135,1.6763663986854882,0.4072907852732072
2026-08-20 08:00:00,19.59380126723908,70.03942379028952,2.361789165134303,0.16797537443897967
2026-08-20 08:00:00,19.557428968046906,70.0207889727722,2.1645129632940345,0.2235322121161468
2026-08-20 08:00:00,19.56736220079272,70.0552460759437,2.48973858629981,0.1377137608535129
2026-08-20 08:00:00,19.56510702996549,70.01745393203507,1.822453380057436,0.3458361624975402
2026-08-20 08:00:00,19.583023881090952,70.01573799675923,2.0310030139089394,0.26741488524689605
2026-08-20 08:00:00,19.585893284847533,70.03387222688478,1.3749551836740173,0.5466628251920288
2026-08-20 08:00:00,19.5555095962638,70.01921041402848,2.433536007112377,0.15046365619977636
2026-08-20 08:00:00,19.57518651508347,70.0467433818155,1.5131413692971163,0.48112243974658453
2026-08-20 08:00:00,19.587177063232428,70.01774874951842,2.1484161501653793,0.22855373388899836
2026-08-20 08:00:00,19.57325762218151,70.04754870611671,1.5873330701980168,0.4469793331922056
2026-08-20 08:00:00,19.56063153197785,70.0208879331867,1.8738645396329334,0.32543244803351873
2026-08-20 08:00:00,19.55554981721169,70.02568096396556,2.1209999631977046,0.23727687240465684
2026-08-20 08:00:00,19.56081921589806,70.04272818818593,1.7834905237892251,0.3617395449608373
2026-08-20 08:00:00,19.564164473199018,70.01192299006637,2.3810269933758472,0.16314185746096305
2026-08-20 08:00:00,19.571375079899198,70.01707580981626,1.6188363643521275,0.4327632412281189
2026-08-20 08:00:00,19.557048462517137,70.0245245262241,2.0110193282004483,0.27441708884016575
2026-08-20 08:00:00,19.574283905451505,70.01840836304554,1.4627936314208299,0.5047523438224106
2026-08-20 08:00:00,19.587897814742156,70.03078704589852,1.5971785048778462,0.44251724296951145
2026-08-20 08:00:00,19.560527347445177,70.0400779483695,1.6584068187449372,0.4151718582803739
2026-08-20 08:00:00,19.565631787866593,70.03159957648809,0.8867321266604604,0.7783518962241212
2026-08-20 08:00:00,19.58038708060536,70.03294200067188,0.7571479341045526,0.8332597424223582
2026-08-20 08:00:00,19.57883463359348,70.01365692481008,2.042501412402752,0.2634366498421568
2026-08-20 08:00:00,19.555498820077435,70.02992196488945,2.0241012486148207,0.26982059916748286
2026-08-20 08:00:00,19.558230967582723,70.04301343688053,2.03548169085676,0.26586092637852904
2026-08-20 08:00:00,19.57621614960217,70.03424812779694,0.351482977385567,0.9622361287507626
2026-08-20 08:00:00,19.583485882708874,70.0236456404419,1.4286069321890555,0.5209734506293405
2026-08-20 08:00:00,19.56567153185016,70.03889106762341,1.1118954741206482,0.6739615574053961
2026-08-20 08:00:00,19.565420267017902,70.01315278859497,2.2053222873086096,0.21113334954607127
2026-08-20 08:00:00,19.585934521544278,70.05026446070681,2.3192541923484398,0.1790261643158397
2026-08-20 08:00:00,19.58444823520981,70.02953493729183,1.241673208885261,0.6112047521039397
2026-08-20 08:00:00,19.58158636748836,70.04996864088169,2.0430509643178056,0.2632474461197569
2026-08-20 08:00:00,19.576112263856327,70.04054440772677,0.8991760237096046,0.7728362277801156
2026-08-20 08:00:00,19.581059169958003,70.02266318657584,1.3113745784522088,0.5773725446368267
2026-08-20 08:00:00,19.580739851787378,70.02772858445493,0.930908481784795,0.7586069378777488
2026-08-20 08:00:00,19.576412273306445,70.04474509177089,1.3311667030260268,0.5677897740573616
2026-08-20 08:00:00,19.555418371627628,70.03607875921908,2.053558721082255,0.2596461318474124
2026-08-20 08:00:00,19.571362341447117,70.0096909478426,2.385276333814979,0.1620879269500659
2026-08-20 08:00:00,19.580903824405272,70.0249313217897,1.1250622425120143,0.6676392291132303
2026-08-20 08:00:00,19.56156655710603,70.04449917908313,1.8406504199445357,0.3385374418833282
2026-08-20 08:00:00,19.554832192479186,70.03023864519422,2.0937273897934876,0.24616709783371113
2026-08-20 08:00:00,19.572443059320744,70.00907253037221,2.4404436949118056,0.14885130138347089
2026-08-20 08:00:00,19.57150667700817,70.0138359005615,1.9526592170793236,0.29550087606809416
2026-08-20 08:00:00,19.575925896881316,70.02055994191919,1.2627027832871556,0.6009903664820805
2026-08-20 08:00:00,19.557466535835747,70.02433315839882,1.9771794255231623,0.2865280546887952
2026-08-20 08:00:00,19.583680545711804,70.04064361157288,1.4152984704604188,0.5273215129189744
2026-08-20 08:00:00,19.591910044181105,70.01897499485099,2.4699802513022595,0.1421007035142692
2026-08-20 08:00:00,19.583041453947114,70.02107569256027,1.5804986063811417,0.45008681977397424
2026-08-20 08:00:00,19.57913654616376,70.0134820446762,2.0697640577506267,0.25415322312496885
2026-08-20 08:00:00,19.57636560166788,70.0345141708047,0.3810149467766855,0.955598267659671
2026-08-20 08:00:00,19.5776130164537,70.0468782559519,1.5812602690076738,0.4497401066042912
2026-08-20 08:00:00,19.57273988858074,70.01003202905729,2.338679666663585,0.17391688986786405
2026-08-20 08:00:00,19.590995151676246,70.03508074002819,1.952926400996153,0.29540221797485083
2026-08-20 08:00:00,19.588465723964035,70.03030223169023,1.6657259798582875,0.4119520645997042
2026-08-20 08:00:00,19.557973378386574,70.04850575412327,2.418596570632086,0.1539946356618151
2026-08-20 08:00:00,19.56959854755619,70.0106948350984,2.3102818769406,0.18142167448390198
2026-08-20 08:00:00,19.583312119987443,70.02356773412968,1.4191011103488589,0.5255059010569074
2026-08-20 08:00:00,19.560478073532813,70.04321912774762,1.844838072232458,0.3368696173085914
2026-08-20 08:00:00,19.56695316323482,70.047551461493,1.7496861434491306,0.37583275921825054
2026-08-20 08:00:00,19.559698708671526,70.02037653188053,1.9877790686386376,0.28270042472435464
2026-08-20 08:00:00,19.562217820440395,70.02564382872718,1.4450589671332525,0.5131510433911692
2026-08-20 08:00:00,19.56422186615541,70.03875867356145,1.2354275595059394,0.6142381784919683
2026-08-20 08:00:00,19.55632164013187,70.01874734372619,2.3883464929417384,0.16132953861693294
2026-08-20 08:00:00,19.593475213544693,70.02330103508227,2.4029597628478228,0.15775509018484166
2026-08-20 08:00:00,19.55332987989887,70.03680791350483,2.295815331426369,0.18533166352590805
2026-08-20 08:00:00,19.580902615042973,70.05470594256332,2.472605446139458,0.14151191320268183
2026-08-20 08:00:00,19.559651609310738,70.0467608715303,2.1578222902090554,0.22561042208771656
2026-08-20 08:00:00,19.558092824223472,70.0452793115817,2.186131326913481,0.2169047485041504
2026-08-20 08:00:00,19.58695039917968,70.04769131572947,2.183160112031755,0.21780770435157457
2026-08-20 08:00:00,19.581714015075462,70.04652512243521,1.7331467604878172,0.38282482379628346
2026-08-20 08:00:00,19.567505251765606,70.01757154931501,1.6890311470527113,0.401773452305363
2026-08-20 08:00:00,19.567702511294918,70.04228803739973,1.2253220906893296,0.6191454463879431
2026-08-20 08:00:00,19.59095124027704,70.02700836924184,2.007515869114256,0.275656183879977
2026-08-20 08:00:00,19.57407412439142,70.04522249203237,1.3447121813382932,0.5612421740139807
2026-08-20 08:00:00,19.58288380091822,70.03944288696478,1.269370931067714,0.5977519974270471
2026-08-20 08:00:00,19.573966457679234,70.01408182783518,1.9137028473878441,0.3100923074493774
2026-08-20 08:00:00,19.584163454053854,70.02197079393154,1.6007466777746315,0.4409043642700602
2026-08-20 08:00:00,19.571735333425696,70.04338409157593,1.169552822649089,0.646180935012202
2026-08-20 08:00:00,19.579619678819775,70.0529980301223,2.25839547128159,0.1957191520228134
2026-08-20 08:00:00,19.5817922428501,70.05276862700946,2.3191726963703783,0.17904782138305186
2026-08-20 08:00:00,19.56445170102861,70.03102579520946,1.0237782953286962,0.7157949390442256
2026-08-20 08:00:00,19.571673729888712,70.03278366802249,0.21660783688500096,0.9861206416312872
2026-08-20 08:00:00,19.57281281943539,70.04620967621283,1.4494179187896725,0.5110834224748695
2026-08-20 08:00:00,19.592895502763042,70.03835327650128,2.2325865544262116,0.20311475115363672
2026-08-20 08:00:00,19.553094133000894,70.03491615765444,2.290160838012153,0.18687595132697432
2026-08-20 08:00:00,19.581691589289353,70.03012828505679,0.9298154054570766,0.759100839609644
2026-08-20 08:00:00,19.562192781670618,70.01516449610752,2.199908948659937,0.21275068026792812
2026-08-20 08:00:00,19.565928800341275,70.03260489385084,0.8503828818149705,0.7942390072947391
2026-08-20 08:00:00,19.584386140454672,70.0419415002961,1.561374775151151,0.45882440961004295
2026-08-20 08:00:00,19.573242340220645,70.05625981793432,2.498261289141805,0.13585304326663494
2026-08-20 08:00:00,19.57084277670386,70.04245323706495,1.0971292746040398,0.6810332436235913
2026-08-20 08:00:00,19.57440766953959,70.02303645449781,0.9809548364273277,0.7357317646951292
2026-08-20 08:00:00,19.58405303445168,70.02150354320051,1.6255774599868995,0.429745039835647
2026-08-20 08:00:00,19.588037069772493,70.02147269311482,1.9679756826017016,0.28987671600656206
2026-08-20 08:00:00,19.595238462940504,70.03014029491312,2.414669726915636,0.1549327578527324
2026-08-20 08:00:00,19.59575559105375,70.02975785143691,2.4759103698602387,0.14077325511972325
2026-08-20 08:00:00,19.57927314311556,70.0305394380742,0.6597378105703935,0.8708863569637486
2026-08-20 08:00:00,19.58111596392787,70.03624794189183,0.9287004271692828,0.7596043705076024
2026-08-20 08:00:00,19.58656576223628,70.04856410118065,2.223086218942028,0.20588480627055525
2026-08-20 08:00:00,19.569654924585198,70.044089598787,1.300557938614377,0.5826160906126031
2026-08-20 08:00:00,19.55356020203218,70.02503869941529,2.3516603968079135,0.1705612804538765
2026-08-20 08:00:00,19.58863048960123,70.04351859209855,2.0363160014304733,0.2655720697118889
2026-08-20 08:00:00,19.577851750758896,70.02578607732579,0.836080148597748,0.800393244526538
2026-08-20 08:00:00,19.558322789698966,70.01777208915499,2.2810760686077622,0.1893759508924972
2026-08-20 08:00:00,19.564461667534673,70.02973475153703,1.049870170568949,0.7035085340294291
2026-08-20 08:00:00,19.581023118443234,70.04578036818818,1.6269130944054253,0.4291480558647871
2026-08-20 08:00:00,19.57324454138852,70.05013441476822,1.8577286678887779,0.3317636806510404
2026-08-20 08:00:00,19.582100476394245,70.04667536682916,1.7691208075628242,0.3676974558357896
2026-08-20 08:00:00,19.584735399242135,70.01649874907471,2.070873782391068,0.2537797934522165
2026-08-20 08:00:00,19.557880274963516,70.02262565856887,2.0197257469599297,0.27135265844677947
2026-08-20 08:00:00,19.571493910575274,70.00867063371412,2.4900326372460144,0.13764924632272676
2026-08-20 08:00:00,19.56716490099536,70.05527972061178,2.499277282065992,0.13563249003918235
2026-08-20 08:00:00,19.562414367085943,70.04480504420327,1.7966277484422744,0.3563359487174708
2026-08-20 08:00:00,19.567842886159667,70.03652650066262,0.7713587320471583,0.8274879898685052
2026-08-20 08:00:00,19.574795165751592,70.01202243096556,2.1328433178633843,0.2334822762170764
2026-08-20 08:00:00,19.576702702875483,70.00898464689227,2.4706579060755622,0.1419485418916082
2026-08-20 08:00:00,19.57699280435977,70.04536855782597,1.4105105184582556,0.5296095262300387
2026-08-20 08:00:00,19.587862098958528,70.02654555849462,1.6978090400527488,0.3979693513410135
2026-08-20 08:00:00,19.584245943444653,70.04308682104585,1.629372818018209,0.42804953192507317
2026-08-20 08:00:00,19.577644270909005,70.02908344166904,0.5668948015115401,0.9032094343022513
2026-08-20 08:00:00,19.58849962351561,70.04393486651479,2.0497933298619473,0.26093306144429385
2026-08-20 08:00:00,19.572365486658022,70.04652510434646,1.4860553805891366,0.49379348201413836
2026-08-20 08:00:00,19.584973897808595,70.01494276203783,2.2184790322306154,0.20723740456403647
2026-08-20 08:00:00,19.58239385102214,70.05207562622923,2.2805153958069244,0.18953100326291172
2026-08-20 08:00:00,19.556113036893425,70.04356960157351,2.26554461801937,0.1937039948528347
2026-08-20 08:00:00,19.5597641679722,70.03715642633779,1.6137417661290332,0.4350499148266826
2026-08-20 08:00:00,19.573967241887257,70.04592404246756,1.4176249553410174,0.5262105421150893
2026-08-20 08:00:00,19.56876904294385,70.01233223306426,2.1633607819591933,0.2238891823928337
2026-08-20 08:00:00,19.58557429136267,70.015169421046,2.238008927935056,0.2015452455046654
2026-08-20 08:00:00,19.584719391712305,70.02049678951028,1.7522440012583973,0.3747570219619407
2026-08-20 08:00:00,19.562259035430564,70.05149946825482,2.3625079623361893,0.16779294150853652
2026-08-20 08:00:00,19.56520287940534,70.03062861656151,0.948382491661982,0.7506769317769488
2026-08-20 08:00:00,19.57379829041096,70.0547861973147,2.343966696194402,0.17254450582829817
2026-08-20 08:00:00,19.57381508061226,70.03978142024134,0.7749807778740437,0.8260062180265192
2026-08-20 08:00:00,19.57825658825226,70.04032271752587,0.9795583253902428,0.7363766372303582
2026-08-20 08:00:00,19.588887920105524,70.02594792615697,1.826608902573907,0.34416209086308597
2026-08-20 08:00:00,19.578048648977834,70.02835599585866,0.6496079595966662,0.8745905263490363
2026-08-20 08:00:00,19.574472169071598,70.02696325759504,0.5744948944513691,0.9007056975972945
2026-08-20 08:00:00,19.573077037486527,70.03231506904763,0.05693988967024349,1.0
2026-08-20 08:00:00,19.558735663127763,70.03330659577664,1.65135675221593,0.4182835065373494
2026-08-20 08:00:00,19.55410937301428,70.02846617744858,2.2003179902178767,0.2126281796208015
2026-08-20 08:00:00,19.569493493406064,70.03135922835034,0.4666258557446993,0.9336634736831171
2026-08-20 08:00:00,19.556913026179178,70.04009105527318,2.019061673256069,0.2715856486813602
2026-08-20 08:00:00,19.58740971248435,70.04834731756219,2.2681591068201468,0.19297065534130237
2026-08-20 08:00:00,19.58008723357079,70.0393322185878,1.0246976644902117,0.7153636896018537
2026-08-20 08:00:00,19.581832553099733,70.02966799883923,0.9580701136314485,0.74625345735734
2026-08-20 08:00:00,19.55282364612402,70.03487401622982,2.3194840126908294,0.17896510094999762
2026-08-20 08:00:00,19.593143811102504,70.02609043358189,2.2681553765533993,0.19297170026714353
2026-08-20 08:00:00,19.582130458346676,70.04739959069292,1.8353163321757826,0.3406682857534496
2026-08-20 08:00:00,19.554381759472168,70.02512133098169,2.262741533093733,0.1944923846313367
2026-08-20 08:00:00,19.575387840474697,70.03940008775471,0.7613970606083874,0.8315410054620155
2026-08-20 08:00:00,19.57330382128035,70.04738584833281,1.5701940921800768,0.45478725193440034
2026-08-20 08:00:00,19.592588696388844,70.03622964152993,2.147378570644876,0.22887995567944017
2026-08-20 08:00:00,19.581968677033533,70.04061974517609,1.2684931004048745,0.5981782872114814
2026-08-20 08:00:00,19.590516095078897,70.02202913007,2.1684224023952767,0.22232381349037747
2026-08-20 08:00:00,19.56663863054079,70.04766274117505,1.7751383826177007,0.3651964976798103
2026-08-20 08:00:00,19.55841014161574,70.01936590642774,2.1654473959615035,0.22324298373345616
2026-08-20 08:00:00,19.55860328610571,70.03592851852204,1.704185358641574,0.3952164113073329
2026-08-20 08:00:00,19.56251210028928,70.04086432517313,1.5163779629058056,0.47961518615888293
2026-08-20 08:00:00,19.563253253080685,70.03014820894367,1.1704412001426865,0.6457512284632689
2026-08-20 08:00:00,19.577536879000252,70.04244967161723,1.141214652889124,0.6598642185882418
2026-08-20 08:00:00,19.59306127624166,70.03089285943491,2.1672142409257154,0.2226967868869652
2026-08-20 08:00:00,19.57681878032581,70.0248801011739,0.8620844942418655,0.7891623537670086
2026-08-20 08:00:00,19.57323905972439,70.02537581322616,0.7330686790426987,0.8428829230933507
2026-08-20 08:00:00,19.564311905113758,70.0343328176238,1.0496766318196826,0.7036000171719807
2026-08-20 08:00:00,19.57899152802186,70.0405783322671,1.046859922141932,0.7049308722127079
2026-08-20 08:00:00,19.591534000623124,70.02200723576333,2.268131972029653,0.19297825645432384
2026-08-20 08:00:00,19.565864202446967,70.0450452293702,1.5781845255589815,0.4511408155477787
2026-08-20 08:00:00,19.594899209077735,70.03974164656826,2.487956562824804,0.1381052191983121
2026-08-20 08:00:00,19.56901068690665,70.03977894524796,0.9260509495655882,0.760799802573295
2026-08-20 08:00:00,19.578606937110266,70.01380004496386,2.021045251988503,0.270890076257429
2026-08-20 08:00:00,19.56276610190075,70.02121694489793,1.6746818862123685,0.40802716493509955
2026-08-20 08:00:00,19.57366124050607,70.01739185572676,1.5670796419954898,0.4562114526200822
2026-08-20 08:00:00,19.57929120239719,70.01084943007864,2.3386483797458766,0.17392503433204679
2026-08-20 08:00:00,19.578854175269555,70.05531438087166,2.469306134610996,0.14225219104388023
2026-08-20 08:00:00,19.59226192620702,70.02208472648577,2.335673027702854,0.1747008093214935
2026-08-20 08:00:00,19.564450482287132,70.03635697354244,1.096302533048967,0.6814285539950451
2026-08-20 08:00:00,19.566790500512326,70.02376531879283,1.1747284824825852,0.6436769210890877
2026-08-20 08:00:00,19.59182781484631,70.0326562217051,2.0249596895603,0.2695206495507541
2026-08-20 08:00:00,19.585685914404504,70.03184000093601,1.3441623358949983,0.5615077655193393
2026-08-20 08:00:00,19.569862629995814,70.05247996926362,2.1429027199988857,0.23029071884962155
2026-08-20 09:00:00,19.568102287343876,70.03970612277367,1.3341904734392196,0.4238307835428672
2026-08-20 09:00:00,19.574793323750317,70.04336625597442,0.5024626183264622,0.9097156229823116
2026-08-20 09:00:00,19.587491716500804,70.02830052031103,1.9685043270072828,0.14868972424425356
2026-08-20 09:00:00,19.57662549008221,70.03454415707496,1.1147272044425627,0.554495127579901
2026-08-20 09:00:00,19.586822038414024,70.04626023595509,0.8703183134298711,0.7067234337265303
2026-08-20 09:00:00,19.588265467382094,70.04800455126953,1.0696678023393904,0.5824665658916299
2026-08-20 09:00:00,19.56487806605797,70.03369013588713,1.9640500959919316,0.1499977059150216
2026-08-20 09:00:00,19.573578594570442,70.04538580579957,0.6141206835403185,0.8547373962631014
2026-08-20 09:00:00,19.578017349080856,70.06265032163337,1.8625821222176286,0.1821372108606036
2026-08-20 09:00:00,19.565868452048104,70.0527469333962,1.6826691824615412,0.25055503601886436
2026-08-20 09:00:00,19.57990594623215,70.02747573222925,1.822107767569227,0.19623796531457732
2026-08-20 09:00:00,19.58733139794789,70.02813189899744,1.975750531183425,0.14657999334950544
2026-08-20 09:00:00,19.56376382493308,70.03829132064207,1.8353796942506166,0.19153241798844686
2026-08-20 09:00:00,19.565936240555445,70.05712814800891,1.9425574393338827,0.15642891465066155
2026-08-20 09:00:00,19.578257959400336,70.05163286875649,0.7125594902628686,0.8007076316697924
2026-08-20 09:00:00,19.56316925874881,70.04253498168949,1.78413964158299,0.2101432118605884
2026-08-20 09:00:00,19.573823635081453,70.05785063901753,1.4773972980631145,0.3465458044610972
2026-08-20 09:00:00,19.56686982547796,70.03935147566101,1.47444307462833,0.3480601117261138
2026-08-20 09:00:00,19.571493262510817,70.02863710158226,1.8962294969971474,0.17097600708627428
2026-08-20 09:00:00,19.59534352121368,70.05248125805792,1.9716022100278863,0.1477850351289652
2026-08-20 09:00:00,19.594217028339692,70.04498467364742,1.6790929968803765,0.25206569394008066
2026-08-20 09:00:00,19.58203051349005,70.05779525431463,1.389875374948105,0.39287425974605666
2026-08-20 09:00:00,19.588685663726256,70.03692720213502,1.351153370867786,0.41428687724512375
2026-08-20 09:00:00,19.572298239354048,70.03542593132725,1.2431274387176592,0.47660281707244234
2026-08-20 09:00:00,19.584192765879358,70.05502173398052,1.2026620964720933,0.5007807250452802
2026-08-20 09:00:00,19.58778905089862,70.03726498376685,1.2514101512844322,0.471704488814467
2026-08-20 09:00:00,19.573788308139235,70.04595210394866,0.5991768862404333,0.8625213647816122
2026-08-20 09:00:00,19.574132935495776,70.04567340245694,0.5565468004056379,0.8840328471364761
2026-08-20 09:00:00,19.593714924737004,70.03822267892885,1.766204794322914,0.21694127658842474
2026-08-20 09:00:00,19.590293562458502,70.04954053810269,1.3357737726429968,0.42293588862367476
2026-08-20 09:00:00,19.582863240773502,70.0628862430259,1.9294398032015618,0.1604524140232752
2026-08-20 09:00:00,19.566990484798414,70.03719772232536,1.5648910615042217,0.30336126004109204
2026-08-20 09:00:00,19.580225385965413,70.04825535556651,0.3751052235542435,0.9619999757844004
2026-08-20 09:00:00,19.57602635146643,70.03801892584377,0.7937842057322115,0.753191647393072
2026-08-20 09:00:00,19.58091904157729,70.05333305882563,0.9073473271311434,0.6838419364363039
2026-08-20 09:00:00,19.593544565998,70.05589933797691,1.97558702606558,0.14662735102014543
2026-08-20 09:00:00,19.581340151273587,70.05349571734877,0.9353164729686629,0.6664452145790257
2026-08-20 09:00:00,19.567645724364706,70.05128565660935,1.4363226326811833,0.36791614203120804
2026-08-20 09:00:00,19.586893774816016,70.06142332386275,1.9351247315252793,0.15869950787994233
2026-08-20 09:00:00,19.590895101036484,70.05903318625016,1.9770611825781794,0.14620078695549132
2026-08-20 09:00:00,19.584686059746993,70.03772374311772,0.9723382855437599,0.64332209173771
2026-08-20 09:00:00,19.577381152152793,70.04870740580685,0.4432500141005757,0.9355467356117401
2026-08-20 09:00:00,19.574563263389482,70.05062914459324,0.7838413934917152,0.759122168901084
2026-08-20 09:00:00,19.583353988163736,70.04651486503677,0.503303004968411,0.9093312438350875
2026-08-20 09:00:00,19.574119141077652,70.05147401038676,0.8834573925036484,0.6986276478551559
2026-08-20 09:00:00,19.57782821585263,70.05923462167424,1.508071237977484,0.33103594361220995
2026-08-20 09:00:00,19.56586244165101,70.03319004755716,1.9104437142147286,0.1664123588012312
2026-08-20 09:00:00,19.582743746354527,70.05834678378035,1.4659043402546292,0.35245699770123284
2026-08-20 09:00:00,19.589980758942154,70.03511314691535,1.5823900362414833,0.29512154146767455
2026-08-20 09:00:00,19.5864081330627,70.04120231750045,0.8985927923359749,0.6892691867396896
2026-08-20 09:00:00,19.59214317137029,70.05491991107648,1.7895067707878058,0.20813754777244656
2026-08-20 09:00:00,19.590148320259978,70.05426797511619,1.5719909777165813,0.3000018294640894
2026-08-20 09:00:00,19.591631541439373,70.05666062014943,1.8591792051254499,0.1832942401870133
2026-08-20 09:00:00,19.566263737119247,70.0321619220486,1.948171560213098,0.15472976997070123
2026-08-20 09:00:00,19.58674698968896,70.05269966779247,1.1796622834635213,0.5146900312276456
2026-08-20 09:00:00,19.58234313605159,70.04027180824293,0.6019271003549826,0.861097960133504
2026-08-20 09:00:00,19.579320232479613,70.03579036257265,0.9506396960295367,0.656884677414975
2026-08-20 09:00:00,19.58415377744697,70.03342074392246,1.3233919535433745,0.42995616365854183
2026-08-20 09:00:00,19.561802835151607,70.04184541005198,1.944935630630971,0.1557074749274792
2026-08-20 09:00:00,19.590170313018472,70.04463143579116,1.2301379148264884,0.4843204358117538
2026-08-20 09:00:00,19.594303655832373,70.04947747151927,1.7558738151306545,0.22092426766302808
2026-08-20 09:00:00,19.568312356252555,70.05305013977001,1.4703423984511295,0.3501679881645265
2026-08-20 09:00:00,19.57563888614957,70.05218701537068,0.8551228459840763,0.7160491780293053
2026-08-20 09:00:00,19.588768002404787,70.04144266289684,1.1326678576766476,0.5434285047746342
2026-08-20 09:00:00,19.566193564221063,70.03769962885767,1.6164057473577835,0.2794945015125264
2026-08-20 09:00:00,19.5842007863324,70.03015778853273,1.6405528271712477,0.26871722015665384
2026-08-20 09:00:00,19.584791507310136,70.05593977736874,1.3187262745680715,0.4326144416080369
2026-08-20 09:00:00,19.5876285437986,70.04365308014485,0.95633802112457,0.6533253110906445
2026-08-20 09:00:00,19.563781937362783,70.04501588068464,1.6993019502285946,0.24360616194025195
2026-08-20 09:00:00,19.57169190225109,70.04518936810263,0.8218833046429761,0.7362872343343987
2026-08-20 09:00:00,19.59623757027799,70.04150999806399,1.9356339445929611,0.1585431833127252
2026-08-20 09:00:00,19.573372309118692,70.05052383878645,0.8669569286567279,0.7087899581461277
2026-08-20 09:00:00,19.574369753340918,70.0486376363586,0.6551713144896393,0.8327568178550661
2026-08-20 09:00:00,19.56813976713528,70.03802772063685,1.4108829892877421,0.3814847915794706
2026-08-20 09:00:00,19.588096029601484,70.05480915224608,1.4415957798352408,0.3651350165878242
2026-08-20 09:00:00,19.57354228154808,70.05717250563129,1.4257530147655235,0.3735233652971006
2026-08-20 09:00:00,19.58324942606316,70.0567180865736,1.321616418388996,0.4309669526529351
2026-08-20 09:00:00,19.593408441469215,70.05640442280658,1.9948081540134213,0.14113778392610707
2026-08-20 09:00:00,19.58746712484565,70.03493739675915,1.3946764681037418,0.3902568704607817
2026-08-20 09:00:00,19.568545061592097,70.03783982034007,1.3826736140388751,0.3968162107904267
2026-08-20 09:00:00,19.571707010911116,70.05451217176717,1.2988703749251675,0.44400430770936605
2026-08-20 09:00:00,19.57517871424133,70.04756071917268,0.5170135576615488,0.9029930713459533
2026-08-20 09:00:00,19.566480539205493,70.05101955977159,1.5400735451914185,0.31527747609168544
2026-08-20 09:00:00,19.573326562515494,70.03809853991359,0.954919414868464,0.6542115992727802
2026-08-20 09:00:00,19.5919815510419,70.0380960626331,1.5970084285676764,0.2883423326859603
2026-08-20 09:00:00,19.582795813657107,70.04310957265125,0.4509255457322291,0.9323417816463389
2026-08-20 09:00:00,19.56523103926137,70.0568155845148,1.9812996757209664,0.1449794759683695
2026-08-20 09:00:00,19.57319600231049,70.05638283416302,1.3696789098364217,0.4039763076606065
2026-08-20 09:00:00,19.562828634256384,70.05035981253594,1.8939433693653023,0.17171835206681593
2026-08-20 09:00:00,19.567779851529245,70.03941719729627,1.3792188705683153,0.39871387061924946
2026-08-20 09:00:00,19.574791507309563,70.0459931040462,0.4912466532169832,0.9147993510093988
2026-08-20 09:00:00,19.570228279925402,70.03030901505107,1.8135198329147735,0.19932552607642237
2026-08-20 09:00:00,19.565423266524945,70.03971634656062,1.6101971676377205,0.2823080725597698
2026-08-20 09:00:00,19.57224257770908,70.0601438788637,1.7683405187620909,0.2161239951747637
2026-08-20 09:00:00,19.572418716473635,70.05519431597023,1.3086937968965442,0.4383539385091847
2026-08-20 09:00:00,19.568687212961596,70.05543102427572,1.5974188483258172,0.28815337814241926
2026-08-20 09:00:00,19.592901121300216,70.05479030724322,1.8506528618804852,0.18621620334973937
2026-08-20 09:00:00,19.586294121498753,70.05800458793591,1.5887925514325494,0.29214069082309607
2026-08-20 09:00:00,19.57730418623788,70.03376140021615,1.179277125761207,0.5149238986796169
2026-08-20 09:00:00,19.56784334897796,70.0548670165208,1.6279184185532147,0.2743232625003956
2026-08-20 09:00:00,19.582353850663438,70.06016462865098,1.6393342412260745,0.26925476485111083
2026-08-20 09:00:00,19.56278259870481,70.03768555974082,1.9601907687841253,0.1511378697354924
2026-08-20 09:00:00,19.579472268647958,70.03323718453026,1.2180514300170895,0.49153922680006146
2026-08-20 09:00:00,19.57854274865997,70.0573317976647,1.3039659006494475,0.4410696744132133
2026-08-20 09:00:00,19.586624290336452,70.02961041316874,1.8023573021873984,0.20338901341666532
2026-08-20 09:00:00,19.590597783693998,70.03889408660267,1.422339361394096,0.3753435576822288
2026-08-20 09:00:00,19.566432848679014,70.03544847817264,1.7164767322812542,0.23656433573192645
2026-08-20 09:00:00,19.573134378763758,70.03355611494364,1.356037557671014,0.41155697234843536
2026-08-20 09:00:00,19.587002381902963,70.0477565855789,0.9284290857415023,0.6707363281959866
2026-08-20 09:00:00,19.593742079864573,70.03933566306726,1.7265037999159003,0.23251592197612247
2026-08-20 09:00:00,19.573998262378712,70.04920777433337,0.7243070320926338,0.7939782369534655
2026-08-20 09:00:00,19.586219225876007,70.04095568389039,0.8912545394696356,0.6938106348311663
2026-08-20 09:00:00,19.56654575591609,70.0376682838209,1.583445588309505,0.294628848722618
2026-08-20 09:00:00,19.594659480131806,70.04535667952285,1.7288953701043563,0.23155716810045004
2026-08-20 09:00:00,19.5956359782024,70.04921479454015,1.8917588502426148,0.172429872249201
2026-08-20 09:00:00,19.57510743692803,70.03583160856475,1.0441963367411162,0.5983604879773557
2026-08-20 09:00:00,19.573553671835544,70.04243558742601,0.6655050972022809,0.8270936032030939
2026-08-20 09:00:00,19.59646375281054,70.04797980827946,1.9555527704693925,0.1525165432996253
2026-08-20 09:00:00,19.578799533195845,70.03736832816912,0.7859340634484357,0.75787632584756
2026-08-20 09:00:00,19.583885943643832,70.03806641184877,0.8891951017738222,0.695083808005566
2026-08-20 09:00:00,19.56936765328081,70.04510931590774,1.0794988718075915,0.5763456011397893
2026-08-20 09:00:00,19.566282884267608,70.04784764340063,1.4551856981516653,0.3580181494165105
2026-08-20 09:00:00,19.59600990853481,70.04549477774607,1.8791759534796926,0.17656962204870724
2026-08-20 09:00:00,19.582676940226015,70.02863953480133,1.7441857959860434,0.22548966905787146
2026-08-20 09:00:00,19.571726088605388,70.05894440715005,1.6830419529442933,0.2503979074037222
2026-08-20 09:00:00,19.584547554152213,70.03935259921681,0.8370915549830942,0.7270572728563217
2026-08-20 09:00:00,19.571564066111367,70.0530623046205,1.1961314836187102,0.5047186406636317
2026-08-20 09:00:00,19.56765532065272,70.03961785606408,1.3833364393186178,0.3964526197386161
2026-08-20 09:00:00,19.578208584688266,70.05215987184307,0.7679217498823323,0.7685568095524724
2026-08-20 09:00:00,19.584109370863214,70.05333994199282,1.0458101206752066,0.5973522575964958
2026-08-20 09:00:00,19.580649813247838,70.03438777441391,1.1105551835957441,0.5570750563669038
2026-08-20 09:00:00,19.572663809358254,70.04502313635044,0.7135157975238929,0.8001618287947614
2026-08-20 09:00:00,19.56607468337902,70.04165319795325,1.48356286271699,0.34339692918756576
2026-08-20 09:00:00,19.593863625513446,70.04141513465783,1.6793191436105204,0.25196999093119
2026-08-20 09:00:00,19.583730984685715,70.04372980404989,0.5288917903573895,0.8974012863042875
2026-08-20 09:00:00,19.586790201659507,70.03442861382386,1.3872607566901758,0.3943032117650107
2026-08-20 09:00:00,19.58517859178231,70.06050753084104,1.7688540869928135,0.2159277798709927
2026-08-20 09:00:00,19.566162000684642,70.03564304766226,1.7297284514656592,0.23122381370715475
2026-08-20 09:00:00,19.59081805992069,70.03291245519921,1.8056279752138913,0.20219249666677186
2026-08-20 09:00:00,19.570589211025403,70.05396087701489,1.3390155087535125,0.4211062274216248
2026-08-20 09:00:00,19.592227820433592,70.0551564594255,1.8116921180375662,0.19998697203126767
2026-08-20 09:00:00,19.582394602311567,70.03617360565617,0.9813318933251267,0.6376950859745639
2026-08-20 09:00:00,19.568338401212063,70.04619034569151,1.201350176122708,0.5015710473342806
2026-08-20 09:00:00,19.572134692629145,70.04171565700854,0.8398942229061974,0.7253506818597061
2026-08-20 09:00:00,19.59133238594352,70.04341312126715,1.3674568211516909,0.40520670150858956
2026-08-20 09:00:00,19.570272870247294,70.03740711433605,1.252293931016905,0.47118290173170635
2026-08-20 09:00:00,19.571210842661863,70.04913957693722,0.9816865414465296,0.6374731490662491
2026-08-20 09:00:00,19.568397135067396,70.05696535922404,1.7341057744333608,0.2294774967694356
2026-08-20 09:00:00,19.5703186405464,70.05017811839816,1.1204405778293582,0.5509658591616486
2026-08-20 09:00:00,19.586015132287166,70.05164098074712,1.0446134790358312,0.5980998597576611
2026-08-20 09:00:00,19.580899249914655,70.03822995098682,0.7235753750660536,0.7943989000987123
2026-08-20 09:00:00,19.585340697189327,70.03408454454734,1.324872373931842,0.4291141580709736
2026-08-20 09:00:00,19.576963642626158,70.05515825202478,1.1008444555654573,0.563088681762771
2026-08-20 09:00:00,19.575459508115518,70.05584050289752,1.215356476661837,0.4931536097629476
2026-08-20 09:00:00,19.58525381710057,70.03828038081059,0.9715909892965304,0.6437895356031393
2026-08-20 09:00:00,19.59465253877768,70.04738362456511,1.7471754231557866,0.22431591884347488
2026-08-20 09:00:00,19.561857771441602,70.0425129757859,1.9287336232406147,0.16067114447218778
2026-08-20 09:00:00,19.566705827069878,70.04793021080872,1.4112857298065302,0.381268055040904
2026-08-20 09:00:00,19.573782390934557,70.03061456000574,1.6037436495161346,0.28525101390539964
2026-08-20 09:00:00,19.587776988587734,70.0601130769771,1.8624417055110274,0.18218485103198834
2026-08-20 09:00:00,19.57025021392495,70.02822601422696,1.9988292946959314,0.14000905725497512
2026-08-20 09:00:00,19.569002856180813,70.05535280330172,1.5665458623734347,0.30257628285356997
2026-08-20 09:00:00,19.566607263745638,70.03263498044376,1.8865624469281357,0.17413092464866628
2026-08-20 09:00:00,19.595723214386368,70.04942088426833,1.9064188905438826,0.16769551038261074
2026-08-20 09:00:00,19.56352218363526,70.04892891782602,1.7792711854100514,0.21197395518990228
2026-08-20 09:00:00,19.566976980264506,70.04306772196648,1.3578385634133538,0.4105524155032332
2026-08-20 09:00:00,19.58023130081089,70.05018859843105,0.5697508242166897,0.8774837082006884
2026-08-20 09:00:00,19.58053843843004,70.0467258613018,0.2514402946238637,1.0
2026-08-20 09:00:00,19.5837831021054,70.05711274610867,1.381594199876251,0.3974086607036424
2026-08-20 09:00:00,19.572026569607278,70.05603807358098,1.4061501108126653,0.3840363934833716
2026-08-20 09:00:00,19.58852769198497,70.05185199787489,1.276498942988943,0.4569809084205057
2026-08-20 09:00:00,19.591934597169075,70.04019231772249,1.5075375302676408,0.3313024443317455
2026-08-20 09:00:00,19.56801709719029,70.0528648669057,1.4861530248321362,0.3420787532632749
2026-08-20 09:00:00,19.58505793542214,70.02857214002469,1.8293310701266656,0.19366702293875412
2026-08-20 09:00:00,19.58495315098079,70.04386806346565,0.6592635383888977,0.8305201434275836
2026-08-20 09:00:00,19.586563778769747,70.04928548870096,0.9490577771780714,0.65787244348783
2026-08-20 09:00:00,19.569795956024443,70.03099530121919,1.7810165400238487,0.21131637793165198
2026-08-20 09:00:00,19.590554108784346,70.03214796189265,1.8415611499199853,0.1893680839905981
2026-08-20 09:00:00,19.56714104562899,70.03063006072706,1.9948174990418224,0.14113515291898465
2026-08-20 09:00:00,19.563902517305163,70.05258329104682,1.8685952117963742,0.18010542197524293
2026-08-20 09:00:00,19.563662286709356,70.05244760464878,1.8866891710849787,0.17408929821800892
2026-08-20 09:00:00,19.588936625031433,70.0472749977127,1.1213348164217587,0.550413880153111
2026-08-20 09:00:00,19.567939963326538,70.04226276934041,1.2675356152935133,0.46222099545120343
2026-08-20 09:00:00,19.588411905493032,70.04447538335978,1.0355387096976163,0.6037717204506136
2026-08-20 09:00:00,19.592650622752107,70.04105680639886,1.5573045921626452,0.3069753936743236
2026-08-20 09:00:00,19.595988997550577,70.04953006586399,1.9378393681696513,0.15786743809138132
2026-08-20 09:00:00,19.576190229676282,70.0340803995692,1.174122457857983,0.5180566591307553
2026-08-20 09:00:00,19.57479339807771,70.05840124917985,1.492651040104753,0.338784030469738
2026-08-20 09:00:00,19.587131966275916,70.03891755424299,1.0886682331242794,0.5706449023811104
2026-08-20 09:00:00,19.5862187512666,70.04708097562913,0.8241358474734793,0.7349235221606447
2026-08-20 09:00:00,19.586413282925996,70.04156418807389,0.8835961290514025,0.6985420171060456
2026-08-20 09:00:00,19.581356057480782,70.04095154590188,0.48143678520914845,0.9191742390930557
2026-08-20 09:00:00,19.592074495792634,70.05741734340815,1.9486339040561287,0.15459044720410955
2026-08-20 09:00:00,19.589728471050616,70.04933296819674,1.2694559598625383,0.46109641894276715
2026-08-20 09:00:00,19.587441105847006,70.02982716334225,1.826604381908801,0.194634726764445
2026-08-20 09:00:00,19.58739136745849,70.05797476528068,1.6508536854484606,0.26420027804285173
2026-08-20 09:00:00,19.571385926034015,70.04305464275961,0.8761761498947238,0.7031175340105009
2026-08-20 09:00:00,19.585604700774574,70.0408315769984,0.8377642784914807,0.7266477950798741
2026-08-20 09:00:00,19.564290587067436,70.03779069317152,1.8022077588452945,0.2034438380797966
2026-08-20 09:00:00,19.571686428840863,70.05079782188707,1.0290028389067494,0.6078590130365659
2026-08-20 10:00:00,19.593508458011726,70.05137679624639,1.1718594731357104,0.2953676229279938
2026-08-20 10:00:00,19.59127883239538,70.06591395796399,1.1844742849450882,0.28766562986010963
2026-08-20 10:00:00,19.582300606905836,70.05244737761328,0.5512980432483224,0.7641254315138029
2026-08-20 10:00:00,19.588915089410722,70.04620630470204,1.2491861576923269,0.25008743540242023
2026-08-20 10:00:00,19.585506621003848,70.06891599902349,1.2321478409085098,0.25966460687859527
2026-08-20 10:00:00,19.582649633305287,70.06887445233228,1.239283371545018,0.25562596275437555
2026-08-20 10:00:00,19.5880665917343,70.05632140574251,0.4082385866893149,0.8632897930754945
2026-08-20 10:00:00,19.58365241914803,70.06673209575807,1.002690079452192,0.40961342647650656
2026-08-20 10:00:00,19.576660642166754,70.0610925493297,0.9593378169877865,0.44178408772084515
2026-08-20 10:00:00,19.580852875532706,70.05892218790163,0.4417022053343158,0.8417378049594947
2026-08-20 10:00:00,19.58435828096543,70.06394695705055,0.7073385595086868,0.6417223167568253
2026-08-20 10:00:00,19.585927607770156,70.04778459208687,0.9960752589767414,0.4144557749311702
2026-08-20 10:00:00,19.58607378300824,70.04493801388321,1.2928801944421167,0.22657565748603528
2026-08-20 10:00:00,19.579731328846947,70.06201861887318,0.7303353156020131,0.6231376139315159
2026-08-20 10:00:00,19.5907542210849,70.0459437982599,1.3663591393850487,0.19045038553319882
2026-08-20 10:00:00,19.58677530892189,70.06749712464364,1.1081724337456662,0.3360617645116244
2026-08-20 10:00:00,19.596259545794954,70.05752281576405,1.308032412314538,0.21877595445372075
2026-08-20 10:00:00,19.57610357849102,70.05292097923895,1.031140612384135,0.38907789618206684
2026-08-20 10:00:00,19.594020967336416,70.05680746859296,1.0598051741711787,0.3688916932228592
2026-08-20 10:00:00,19.59480586964064,70.05989926432325,1.1808338689689548,0.28987585894874135
2026-08-20 10:00:00,19.587875499663962,70.07052318213373,1.4449684662210123,0.15648346057498003
2026-08-20 10:00:00,19.575069690115114,70.0559918494791,1.0519402588450768,0.3743781469362831
2026-08-20 10:00:00,19.588093394985936,70.04748655064037,1.0906325965895456,0.3477822137413466
2026-08-20 10:00:00,19.593366155551692,70.06309088776715,1.1638269493085909,0.3003347273351583
2026-08-20 10:00:00,19.57529937449524,70.06471980633502,1.2881805226441996,0.22903189261184734
2026-08-20 10:00:00,19.58441323268958,70.05334041524225,0.4020736933001551,0.8671316984122285
2026-08-20 10:00:00,19.577768493535782,70.06462421988945,1.0771707091610119,0.3569217822573907
2026-08-20 10:00:00,19.58799568893962,70.06641223825902,1.0409520045197078,0.38210993650026287
2026-08-20 10:00:00,19.58883637337348,70.07015506071355,1.4400663924050632,0.1584630699526129
2026-08-20 10:00:00,19.576462810280397,70.06258094863004,1.0537503527789527,0.37311190073672085
2026-08-20 10:00:00,19.575309179963305,70.0584503657568,1.0265092318446263,0.39238773393258625
2026-08-20 10:00:00,19.593045137437095,70.0464466069291,1.471376897400214,0.14612925823782824
2026-08-20 10:00:00,19.57879723491756,70.04967991300052,1.0068748894981856,0.40656288281594943
2026-08-20 10:00:00,19.582377538311004,70.0515069265347,0.6379576539431934,0.69723511411422
2026-08-20 10:00:00,19.59073767658311,70.05647174663608,0.6986138248796854,0.6487576925392744
2026-08-20 10:00:00,19.580933925898712,70.05951221391337,0.4627871662634907,0.8275888398517489
2026-08-20 10:00:00,19.58421526505046,70.0573795527166,0.03575319332066734,1.0
2026-08-20 10:00:00,19.592350888688834,70.05281779865399,0.9858385959431109,0.42199784842289223
2026-08-20 10:00:00,19.584786891800274,70.06976025198311,1.3155971297935392,0.21495020032517315
2026-08-20 10:00:00,19.583015931247033,70.04499915192268,1.2846398313533762,0.23089398179459492
2026-08-20 10:00:00,19.584549394704453,70.05461375920149,0.2689525005580222,0.9387914550037975
2026-08-20 10:00:00,19.59281618319951,70.06342710752409,1.132458181606091,0.3201935735702307
2026-08-20 10:00:00,19.579277216792406,70.05830159090063,0.5891833604068609,0.7353343448054241
2026-08-20 10:00:00,19.58848670232685,70.070432875792,1.4551362962693801,0.15243510552971662
2026-08-20 10:00:00,19.58666341093007,70.06257523019632,0.6136540142453265,0.7163447447841886
2026-08-20 10:00:00,19.57405750368562,70.05974284617993,1.187408202691616,0.2858917098140829
2026-08-20 10:00:00,19.582587057464817,70.06512684341037,0.8567591930461719,0.5213464610550068
2026-08-20 10:00:00,19.587568768034238,70.04617362055289,1.2014628514522587,0.2774855571626519
2026-08-20 10:00:00,19.591734945843474,70.05213334852537,0.9631105035478376,0.43894509836035767
2026-08-20 10:00:00,19.5883103366289,70.04536283955672,1.3073625616826374,0.21911691216790755
2026-08-20 10:00:00,19.583827140481763,70.0640385104985,0.7204360013128718,0.6311435210547236
2026-08-20 10:00:00,19.582536960118603,70.07067878467153,1.4275964657623263,0.16358092657939824
2026-08-20 10:00:00,19.584195879275676,70.06732436758475,1.06088251515191,0.36814329054896194
2026-08-20 10:00:00,19.592248409851354,70.06654184628844,1.3043042522179857,0.22067813607178716
2026-08-20 10:00:00,19.596168016077026,70.05261196530655,1.3827121647880158,0.18298993561643936
2026-08-20 10:00:00,19.573452291611908,70.06546040386121,1.4991212007867514,0.13580693962056578
2026-08-20 10:00:00,19.585492500138553,70.06388648714353,0.7098434669604321,0.6397005692411477
2026-08-20 10:00:00,19.588610858576526,70.05087602990976,0.8034350817071492,0.5640295875815912
2026-08-20 10:00:00,19.579028885943384,70.06143282053695,0.7506493489950874,0.606694496702648
2026-08-20 10:00:00,19.59124032086979,70.05879395614113,0.7690646899705584,0.5917882429530408
2026-08-20 10:00:00,19.589899262438706,70.06649779837066,1.1447710113658536,0.31231180208129766
2026-08-20 10:00:00,19.575845097619318,70.0462116726092,1.49513399970643,0.13725582100830258
2026-08-20 10:00:00,19.58724032068994,70.0432150464183,1.4926907569750332,0.13814935234673248
2026-08-20 10:00:00,19.586863116040433,70.06728268643421,1.0886871775515647,0.34909534326900804
2026-08-20 10:00:00,19.593859740440756,70.0514970555289,1.1990876628068174,0.27889548808635106
2026-08-20 10:00:00,19.59190910477501,70.04647277131093,1.3910189514627807,0.17928029054214606
2026-08-20 10:00:00,19.592044017942012,70.04589410761601,1.4488272089936696,0.15493793549856624
2026-08-20 10:00:00,19.58533337117582,70.0635969194055,0.677263915686842,0.6659204925383666
2026-08-20 10:00:00,19.5938131053327,70.06044019273607,1.090513131567208,0.34786277580694536
2026-08-20 10:00:00,19.592775272046232,70.04749870916751,1.3688985985047988,0.18927811249920512
2026-08-20 10:00:00,19.581924045965405,70.06460197103915,0.8259568223750144,0.5459281557604718
2026-08-20 10:00:00,19.577905216490283,70.05072028590922,0.9947715042063932,0.4154131023783579
2026-08-20 10:00:00,19.58531939422877,70.04297258398032,1.4891767787613457,0.13944208230991403
2026-08-20 10:00:00,19.593765310893314,70.06745672248074,1.4887427808798803,0.1396023667607724
2026-08-20 10:00:00,19.586956680098222,70.04378664122437,1.427844642887194,0.16347791683235852
2026-08-20 10:00:00,19.595664886064103,70.05235512902537,1.3403390525770447,0.20275428919087915
2026-08-20 10:00:00,19.583530163483893,70.04981207026044,0.7781668372696906,0.5844262145382848
2026-08-20 10:00:00,19.577341328334292,70.06011720303923,0.8496544395524406,0.5269951731365052
2026-08-20 10:00:00,19.591622943852673,70.04976091719439,1.1096785087181638,0.33506543968458385
2026-08-20 10:00:00,19.574510403044204,70.05534060323059,1.123276053677157,0.3261432781614387
2026-08-20 10:00:00,19.58416416810408,70.04699207705258,1.0664808219341784,0.3642665568903612
2026-08-20 10:00:00,19.589101803813627,70.0468444985637,1.1968743166313198,0.28021326603684443
2026-08-20 10:00:00,19.5844446710093,70.04801916053277,0.9585023739794414,0.44241373320542066
2026-08-20 10:00:00,19.581723911861605,70.06924977971518,1.2983227079428092,0.22375310247501543
2026-08-20 10:00:00,19.590240918046547,70.0627727998572,0.866306720842162,0.5137782152737789
2026-08-20 10:00:00,19.585048654548565,70.06541038902076,0.8625678194375751,0.5167388099233935
2026-08-20 10:00:00,19.579660467464414,70.05709206429106,0.5350312273658547,0.7762228165647923
2026-08-20 10:00:00,19.578612600721524,70.05697792253372,0.6516152795669147,0.6864045091606646
2026-08-20 10:00:00,19.573659927204446,70.05062016937566,1.3833553330844013,0.18270078858484282
2026-08-20 10:00:00,19.57734302637025,70.06305247337683,1.0020654977624932,0.4100695831667107
2026-08-20 10:00:00,19.58596168088626,70.05052074531383,0.7160324851177327,0.6347022329305313
2026-08-20 10:00:00,19.594545405660657,70.05069771235655,1.307102702564099,0.21924927783618803
2026-08-20 10:00:00,19.584686734029642,70.06785791824538,1.1164486253688226,0.33060664528527056
2026-08-20 10:00:00,19.58431354353405,70.0551057018666,0.21817659292969616,0.9596604410502885
2026-08-20 10:00:00,19.581156137939086,70.04992911619944,0.8436902743350839,0.5317474309870237
2026-08-20 10:00:00,19.57885416938885,70.0563120541565,0.6310730346188287,0.7026709489160269
2026-08-20 10:00:00,19.588602352047836,70.06794486484294,1.2147896678896275,0.26965566102440935
2026-08-20 10:00:00,19.58646690658693,70.04996410708567,0.7866510289944766,0.5775698897233894
2026-08-20 10:00:00,19.587818803720236,70.05628936774575,0.3822698696240303,0.8791873185025065
2026-08-20 10:00:00,19.58392222053776,70.05387516056493,0.35157321526924634,0.8969692307779051
2026-08-20 10:00:00,19.593444207080818,70.05178577220853,1.144065741295975,0.3127602559398329
2026-08-20 10:00:00,19.58646169773526,70.05697475458567,0.22108318645749986,0.9585719511669156
2026-08-20 10:00:00,19.57703269505867,70.06777423997606,1.3819487163264055,0.18333357563955768
2026-08-20 10:00:00,19.581038567469527,70.0528683443148,0.5913066195544153,0.733697852658059
2026-08-20 10:00:00,19.5740959878496,70.05900593640354,1.1682355302719212,0.2976025487020221
2026-08-20 10:00:00,19.593459475223174,70.05638184056059,1.0002739939757395,0.4113792265769206
2026-08-20 10:00:00,19.591955248065922,70.06249030212406,0.9982063528007525,0.4128930064185588
2026-08-20 10:00:00,19.58139390747854,70.05919516059734,0.40192483166644877,0.8672239542112271
2026-08-20 10:00:00,19.593070115183988,70.0481282149979,1.3439466369530768,0.20101650861022893
2026-08-20 10:00:00,19.581768329094004,70.07043005070982,1.417521813128397,0.1678023112864754
2026-08-20 10:00:00,19.58481343428063,70.05572124338305,0.15744047006571735,0.9793197546435652
2026-08-20 10:00:00,19.58024889864438,70.06125609517646,0.6339238087645194,0.7004221229695261
2026-08-20 10:00:00,19.597226077162794,70.05547351521817,1.4261081392341282,0.16419966550700024
2026-08-20 10:00:00,19.5919323385757,70.05007978735618,1.1119175458639596,0.3335872038215733
2026-08-20 10:00:00,19.582821003938452,70.06245399468364,0.5810241398242183,0.7416017551853309
2026-08-20 10:00:00,19.58524981528413,70.05077728249648,0.67548391422047,0.6673473215037542
2026-08-20 10:00:00,19.57878151901566,70.06714433744965,1.2185930614990006,0.2674463669968569
2026-08-20 10:00:00,19.57544985071181,70.04961771391963,1.2770426187310524,0.23492302164315546
2026-08-20 10:00:00,19.578789615554403,70.0478654707266,1.1613398810446727,0.30188251555342344
2026-08-20 10:00:00,19.590806220685735,70.04489621128413,1.4644397750686722,0.148798758310247
2026-08-20 10:00:00,19.59386651234714,70.05872725626796,1.0543448715856678,0.37269646819646657
2026-08-20 10:00:00,19.585860125928285,70.06490642236963,0.8219560829634909,0.5491368672241421
2026-08-20 10:00:00,19.58226728288841,70.04755813363533,1.036230692194331,0.3854554867822578
2026-08-20 10:00:00,19.577012433898567,70.05384161044219,0.89958277037184,0.48763098921281517
2026-08-20 10:00:00,19.578080526287522,70.05737208294966,0.710588318591042,0.6390992429829304
2026-08-20 10:00:00,19.58720437464783,70.05822993202217,0.32158562003814034,0.9132092454334622
2026-08-20 10:00:00,19.579836346963408,70.064124938173,0.8902123962973834,0.4949548520205927
2026-08-20 10:00:00,19.592022787591024,70.04811477123937,1.2651762850871493,0.24130769022071874
2026-08-20 10:00:00,19.586280267322593,70.05756014842972,0.20367880711842867,0.9648917624168757
2026-08-20 10:00:00,19.57735432202106,70.06294237622855,0.9940581747128048,0.4159372930706152
2026-08-20 10:00:00,19.594686695927056,70.0532955158525,1.2037529452766478,0.2761302665436935
2026-08-20 10:00:00,19.594502721247423,70.06070630060039,1.1719254437216522,0.2953270301645951
2026-08-20 10:00:00,19.584457764376946,70.04454408370349,1.321914891643789,0.2117898830968413
2026-08-20 10:00:00,19.58389808330975,70.07008281480469,1.3504330269341551,0.1979178619879231
2026-08-20 10:00:00,19.59210503242543,70.04818919284658,1.2654398828346696,0.24116465010160906
2026-08-20 10:00:00,19.58437275076458,70.05258711859994,0.48093119708091947,0.8150880508113421
2026-08-20 10:00:00,19.59149336305936,70.05067988373689,1.0338280800064445,0.3871633316075996
2026-08-20 10:00:00,19.586710108743368,70.06807184465625,1.1651881411802643,0.2994895790696061
2026-08-20 10:00:00,19.577912235844924,70.0557959456417,0.7433193037458843,0.6126289555188404
2026-08-20 10:00:00,19.584989556825104,70.05427562116432,0.3094213788755508,0.9194612513965228
2026-08-20 10:00:00,19.58465241221354,70.06396427621496,0.7092800730114343,0.6401553592658881
2026-08-20 10:00:00,19.58557969363772,70.06678773329557,1.0116878984639668,0.4030669729158508
2026-08-20 10:00:00,19.59304753290338,70.05875289579876,0.9650612508399932,0.4374799601559854
2026-08-20 10:00:00,19.58996788824877,70.05563078029853,0.6304765721151847,0.7031410943307773
2026-08-20 10:00:00,19.581429640267643,70.04456995154943,1.3619599740953692,0.1924931275656805
2026-08-20 10:00:00,19.5759159915899,70.04680082872478,1.4431891784023432,0.15719989310898352
2026-08-20 10:00:00,19.58425103694423,70.05075295235198,0.673077794811721,0.6692749079368203
2026-08-20 10:00:00,19.57170699169628,70.05445564982477,1.446215426562118,0.15598279401103837
2026-08-20 10:00:00,19.582694037674088,70.05747084995642,0.2004673493219204,0.9660055882654472
2026-08-20 10:00:00,19.572131121462917,70.06148579988232,1.4426245400625304,0.15742774515564045
2026-08-20 10:00:00,19.576103600390145,70.04637710378827,1.4635025718057495,0.14916214822190466
2026-08-20 10:00:00,19.584924588448416,70.05868665179798,0.16467146621631723,0.977294277068541
2026-08-20 10:00:00,19.593482611591302,70.04908102726542,1.3102646365325148,0.21764231185591978
2026-08-20 10:00:00,19.58951572442611,70.0441066721689,1.4774821617475276,0.14380933969244353
2026-08-20 10:00:00,19.576948240285127,70.06825096742183,1.4276834356186952,0.16354482305062287
2026-08-20 10:00:00,19.57275691291023,70.05048495362273,1.4778693659087325,0.14366313447429388
2026-08-20 10:00:00,19.590819862977785,70.06542665341145,1.1127568862153532,0.33303397976294524
2026-08-20 10:00:00,19.588200792168085,70.05649124529978,0.4193462945372519,0.8562644434776644
2026-08-20 10:00:00,19.59468936023942,70.04960833872705,1.3827601726479293,0.1829683417345738
2026-08-20 10:00:00,19.593817792644156,70.05188852197242,1.1752078861079327,0.29331145355888744
2026-08-20 10:00:00,19.579249750322298,70.06696477868384,1.1760772399904909,0.2927789973415265
2026-08-20 10:00:00,19.588726572796002,70.06527913745126,0.9689275629179117,0.43458185581152
2026-08-20 10:00:00,19.586910765135304,70.06771953271443,1.1343035075201415,0.3190052576970029
2026-08-20 10:00:00,19.588951187605375,70.06019641572549,0.5878388409621788,0.736369462102287
2026-08-20 10:00:00,19.592947020873137,70.06563574470478,1.2901482704611273,0.2280013350381375
2026-08-20 10:00:00,19.587815748386262,70.05888623984535,0.41083931352898817,0.8616566925213006
2026-08-20 10:00:00,19.59600040655523,70.05640150338618,1.28140810277153,0.23260227096115046
2026-08-20 10:00:00,19.59560729469241,70.06311455180101,1.382100376566739,0.1832652747959414
2026-08-20 10:00:00,19.590729374760375,70.06447829662514,1.0310453552196908,0.3891458396062232
2026-08-20 10:00:00,19.58898167078898,70.04812604601928,1.0710360981910747,0.36112740026123114
2026-08-20 10:00:00,19.577868437932597,70.05331287342017,0.8381420607955885,0.5361762821754933
2026-08-20 10:00:00,19.586513092789616,70.0432277835612,1.4769163190183023,0.14402319601613695
2026-08-20 10:00:00,19.57660760137376,70.04818389812328,1.2843403239636202,0.2310519526267406
2026-08-20 10:00:00,19.590539905247248,70.05130753792136,0.9111664199946002,0.47862357422700963
2026-08-20 10:00:00,19.580836588576364,70.05260078218178,0.6271495986000959,0.7057610788801768
2026-08-20 10:00:00,19.578208530856102,70.05625313054443,0.7028898081881011,0.6453109883613635
2026-08-20 10:00:00,19.5823451244398,70.04768135587577,1.0216776124334,0.3958545972949897
2026-08-20 10:00:00,19.572070269420855,70.06170400813588,1.4562894288936041,0.15198088203820315
2026-08-20 10:00:00,19.577907725002433,70.06730262494021,1.285235106103963,0.23058022416384755
2026-08-20 10:00:00,19.578339320664732,70.05852767692211,0.6959155361127434,0.6509312573351985
2026-08-20 10:00:00,19.59053525076076,70.0688261031254,1.3906877975277272,0.17942714904819287
2026-08-20 10:00:00,19.586877046955447,70.0487385907627,0.9224701495288519,0.46988617826953444
2026-08-20 10:00:00,19.58364166086245,70.07039180642806,1.3843319367814813,0.18226235717051897
2026-08-20 10:00:00,19.588264601887946,70.06297988900894,0.7374442999017246,0.6173847068640063
2026-08-20 10:00:00,19.584723373888178,70.06846323008962,1.179824722938418,0.29049033735664437
2026-08-20 10:00:00,19.591592415664064,70.0456237225421,1.4439558851235326,0.15689088462559767
2026-08-20 10:00:00,19.581166094383853,70.06356304506531,0.7617489879104119,0.5977087045921607
2026-08-20 10:00:00,19.580080484154525,70.04619573877896,1.248633184253155,0.25039467081914457
2026-08-20 10:00:00,19.59280324729808,70.04600097911921,1.4904540901696952,0.13897114165536417
2026-08-20 10:00:00,19.589110637974876,70.05979662629414,0.5821049272225394,0.7407735388610651
2026-08-20 10:00:00,19.584858514200977,70.05293883866312,0.445987840727208,0.8388961798648266
2026-08-20 10:00:00,19.580546884564768,70.0681970470499,1.2316408498425329,0.2599530798488295
2026-08-20 10:00:00,19.586119564926648,70.06536155864909,0.8743030838532587,0.5074608890332958
2026-08-20 10:00:00,19.583128847285987,70.05363467117857,0.40037491689019433,0.8681830528157585
2026-08-20 10:00:00,19.59233961340618,70.05187522485413,1.0341361807025753,0.38694412460213257
2026-08-20 10:00:00,19.581205179390093,70.06914244538676,1.3022995159328365,0.22170555622409308
2026-08-20 10:00:00,19.577928402475912,70.05397435239684,0.8009528081817148,0.566029805476768
2026-08-20 10:00:00,19.58254241315095,70.06522815311918,0.8682485095792294,0.5122423139363288
2026-08-20 10:00:00,19.572768409722293,70.05277214913531,1.3794287409850816,0.18447108608371354
2026-08-20 10:00:00,19.5774542201854,70.05001591543869,1.0817401733264547,0.3538056365216312
2026-08-20 11:00:00,19.591463125277304,70.06675788526942,0.34449581576391447,0.7964108694918652
2026-08-20 11:00:00,19.58152466193798,70.07256802273439,0.9680141686310727,0.15499100658376563
2026-08-20 11:00:00,19.597907776870464,70.06687477316827,0.9459009365228115,0.16868157922815874
2026-08-20 11:00:00,19.58748752647267,70.06616030892243,0.43124751579076853,0.6961193425284081
2026-08-20 11:00:00,19.593578448363385,70.0731270676847,0.5685647582862524,0.5289734205063535
2026-08-20 11:00:00,19.594938403251657,70.06466415457416,0.7665735285365932,0.3117495076444056
2026-08-20 11:00:00,19.582138671929098,70.07005473315375,0.8473855891117399,0.24016958578937084
2026-08-20 11:00:00,19.593528318163752,70.07445223752748,0.665323992623337,0.41661307952450266
2026-08-20 11:00:00,19.59179987074479,70.07260414050833,0.39533697267138457,0.7386966212530621
2026-08-20 11:00:00,19.588643364023817,70.0666571989104,0.32272510562841494,0.8198873616085081
2026-08-20 11:00:00,19.598367274375086,70.07231271337467,0.9998826615730187,0.13672057995388986
2026-08-20 11:00:00,19.58836992479443,70.0757915483562,0.6747978374620708,0.4061675306866709
2026-08-20 11:00:00,19.59512815662927,70.07638344031723,0.934094079388419,0.17633867861541228
2026-08-20 11:00:00,19.58392229691429,70.07191163329773,0.6945329399165416,0.38479777835857815
2026-08-20 11:00:00,19.582326047734448,70.07421558528817,0.9603945223427731,0.1596134057546483
2026-08-20 11:00:00,19.587111742378305,70.06912044437726,0.29624210161884584,0.8472121952830334
2026-08-20 11:00:00,19.589192224451914,70.0726817288754,0.33766727904040533,0.8038651826662242
2026-08-20 11:00:00,19.59826621371526,70.07135238679268,0.9641743554587128,0.15730798617020084
2026-08-20 11:00:00,19.583155147306083,70.06338003559837,0.9733925441695066,0.15178785640766676
2026-08-20 11:00:00,19.586210584284068,70.07333233436928,0.5609968337391605,0.5380949650813664
2026-08-20 11:00:00,19.586636153683674,70.06487020179092,0.5959571184186593,0.49627994887039856
2026-08-20 11:00:00,19.594456807035577,70.07356696541133,0.6726442111805899,0.4085316888057125
2026-08-20 11:00:00,19.59554542114365,70.07004194331651,0.6451059448395208,0.4392842045585495
2026-08-20 11:00:00,19.589797509210204,70.07367705960979,0.4359417575314352,0.6904748315736113
2026-08-20 11:00:00,19.581532717178806,70.07195252884989,0.9478266634461042,0.1674557582721048
2026-08-20 11:00:00,19.58618895851989,70.07248051214897,0.5032967322620362,0.6084135022130052
2026-08-20 11:00:00,19.592553946158294,70.0620475291708,0.839804983003585,0.24639233804551644
2026-08-20 11:00:00,19.588075414391774,70.07122934136775,0.2591441254108858,0.8828529030962684
2026-08-20 11:00:00,19.588014302825645,70.06915074715612,0.1968535789068349,0.9344585694723789
2026-08-20 11:00:00,19.583692949550766,70.06522260732461,0.8085360057393367,0.27314669887685666
2026-08-20 11:00:00,19.59495164768374,70.07026994402588,0.5822506827589473,0.5125704881404746
2026-08-20 11:00:00,19.582494631538907,70.06877356925374,0.8096044668355044,0.27220383229792994
2026-08-20 11:00:00,19.588205129952847,70.07193546386569,0.30662876931043237,0.8366681783082655
2026-08-20 11:00:00,19.582027489112594,70.0739325456496,0.9746031910043509,0.15107360897689756
2026-08-20 11:00:00,19.596052855828617,70.07438352804625,0.865167305723636,0.22597876185205787
2026-08-20 11:00:00,19.591482204754758,70.06074687360116,0.936091466164391,0.17502616700440235
2026-08-20 11:00:00,19.592867961773536,70.06825793636438,0.36941921179672144,0.7685678488408654
2026-08-20 11:00:00,19.594803147654243,70.0702631981502,0.5658276848059569,0.5322684763028859
2026-08-20 11:00:00,19.585359847871125,70.06605694874506,0.6069136381779076,0.4833696230614114
2026-08-20 11:00:00,19.590329045037166,70.06252653649837,0.7329206289406913,0.34485521348369425
2026-08-20 11:00:00,19.588690428583124,70.07459468845752,0.5448563898013992,0.5576508130996413
2026-08-20 11:00:00,19.59027402680622,70.06721924387715,0.24623310538878626,0.8944495222928622
2026-08-20 11:00:00,19.586069242021313,70.06521651378588,0.6073535879020315,0.4828534507717167
2026-08-20 11:00:00,19.593857893241264,70.06743146262464,0.5045288045565706,0.6069044257981684
2026-08-20 11:00:00,19.595312231943094,70.06880128508737,0.6212256365147971,0.4666723342160936
2026-08-20 11:00:00,19.593612938666563,70.07062448121003,0.4438012422470517,0.6809922115477335
2026-08-20 11:00:00,19.58541816067017,70.07116808067408,0.511758121151717,0.5980517002057891
2026-08-20 11:00:00,19.582930684839344,70.06730553912702,0.7918032207766452,0.2881742332206809
2026-08-20 11:00:00,19.593146755836663,70.07425576800303,0.6230199311242499,0.464593247108638
2026-08-20 11:00:00,19.587023550740465,70.07432254976898,0.5876932815419044,0.5060842554626109
2026-08-20 11:00:00,19.596318379973106,70.06896684357507,0.7306884648893623,0.3471158858199371
2026-08-20 11:00:00,19.597629215464327,70.0703638624188,0.8785559406457427,0.21566987301029636
2026-08-20 11:00:00,19.58445522747755,70.07123902451558,0.6155225067761189,0.47330217951771436
2026-08-20 11:00:00,19.59355223948072,70.06338633930416,0.766498201273715,0.31182151893398957
2026-08-20 11:00:00,19.585789689537428,70.07791290228124,0.9829560648208934,0.14621303525913823
2026-08-20 11:00:00,19.583298933967043,70.07038317285348,0.7224819126580614,0.3554944816367002
2026-08-20 11:00:00,19.59826688295244,70.06825440668518,0.9538330967824216,0.16367369832645431
2026-08-20 11:00:00,19.581829231383963,70.07084778948766,0.8908830586875176,0.20646371982052145
2026-08-20 11:00:00,19.5912405863942,70.07120690764901,0.2423193794357969,0.897876554080594
2026-08-20 11:00:00,19.595347938038973,70.07150860192287,0.655056388007366,0.4280637836072842
2026-08-20 11:00:00,19.59684541277596,70.06682144928614,0.8356544787581696,0.2498431044873299
2026-08-20 11:00:00,19.58886794845382,70.07896054216121,0.9933337366908465,0.14033692375511492
2026-08-20 11:00:00,19.58365799239983,70.06934330588705,0.6770349261016839,0.40371830593105473
2026-08-20 11:00:00,19.592065922934122,70.07108019058121,0.3046070487147982,0.8387385578483031
2026-08-20 11:00:00,19.58376385468485,70.07281700465931,0.7496727117301708,0.3281436943929352
2026-08-20 11:00:00,19.592656317548908,70.06806216605591,0.3557580527886337,0.7839477480929952
2026-08-20 11:00:00,19.581946385009726,70.06938292212637,0.8669022783909346,0.2246246605636203
2026-08-20 11:00:00,19.596069187344625,70.0682796587038,0.7125145594735436,0.3658106901697038
2026-08-20 11:00:00,19.589330240297272,70.07762944277398,0.850547687303473,0.23760442659900136
2026-08-20 11:00:00,19.58135888141612,70.06925400577056,0.9323957458496492,0.1774601897709375
2026-08-20 11:00:00,19.594293375770874,70.06365105761083,0.7930624295493874,0.28702632038441594
2026-08-20 11:00:00,19.583074496503023,70.07189913441148,0.7825850300466919,0.2966613628991799
2026-08-20 11:00:00,19.58831378278875,70.07767301171808,0.8686600574676099,0.2232582925298665
2026-08-20 11:00:00,19.59484300812211,70.06258952058245,0.9178534749363143,0.1872715966444107
2026-08-20 11:00:00,19.58328800232461,70.07519566392072,0.9322305435229006,0.17756955334310512
2026-08-20 11:00:00,19.58806783489637,70.06915845436431,0.190866958069969,0.9388066647470408
2026-08-20 11:00:00,19.59640123160449,70.06846061511963,0.745781668317068,0.33198485849746573
2026-08-20 11:00:00,19.591383409137016,70.0736061597627,0.46504764250294983,0.655193973761984
2026-08-20 11:00:00,19.587103342815332,70.07791973163637,0.9275483226127809,0.1806891538757732
2026-08-20 11:00:00,19.59687196475905,70.07100224200938,0.805231448220548,0.27607555662208666
2026-08-20 11:00:00,19.585212898402748,70.07340448848244,0.6482456934160367,0.43573096340107603
2026-08-20 11:00:00,19.590958555015554,70.07345444475747,0.4337098432377934,0.6931604474501377
2026-08-20 11:00:00,19.58752300818518,70.0644701456766,0.5822573536846284,0.5125625245519556
2026-08-20 11:00:00,19.59291647788489,70.076795351304,0.8389145931143555,0.24713001272580437
2026-08-20 11:00:00,19.587902216557854,70.0656592311666,0.45206143964248796,0.6709877390241266
2026-08-20 11:00:00,19.589522351914788,70.07242342118538,0.30591329709310244,0.8374018508862523
2026-08-20 11:00:00,19.58454286597512,70.07662132672456,0.9423527780123275,0.17095706414121575
2026-08-20 11:00:00,19.58517198818857,70.07630655079487,0.8741912545776906,0.21899507815293953
2026-08-20 11:00:00,19.588920287160516,70.06532723751846,0.44698426220408766,0.6771413861102527
2026-08-20 11:00:00,19.584992063612916,70.07058851608544,0.5406584350863229,0.5627564085715144
2026-08-20 11:00:00,19.58403795590639,70.07672373264586,0.9859361932350824,0.14450723857969067
2026-08-20 11:00:00,19.59431212570851,70.06307709998546,0.8415369788423545,0.24496148179424365
2026-08-20 11:00:00,19.583423306332676,70.06624466360623,0.7813590750825287,0.29780113934303054
2026-08-20 11:00:00,19.5908812252236,70.07467600675936,0.5546426646266318,0.545778373329545
2026-08-20 11:00:00,19.593743296928576,70.06643693398028,0.5469233439582939,0.5551396291750497
2026-08-20 11:00:00,19.58877068262441,70.07109655089825,0.19880547952767919,0.9330163428593276
2026-08-20 11:00:00,19.597215246874068,70.07148760029843,0.8535114919565708,0.2352164656837373
2026-08-20 11:00:00,19.587884544790423,70.06957600104768,0.20778648911053996,0.9262271476683577
2026-08-20 11:00:00,19.590202348061148,70.06997670110185,0.06969460364532562,1.0
2026-08-20 11:00:00,19.590312540902868,70.07765455226097,0.8541048459416322,0.2347402958060976
2026-08-20 11:00:00,19.5895961221928,70.06019527819439,0.9741015127537404,0.1513692839404549
2026-08-20 11:00:00,19.59509233777453,70.07559840842598,0.8697718365912468,0.22239695240821694
2026-08-20 11:00:00,19.591922154419805,70.0633573243858,0.6867606501717892,0.3931493532099718
2026-08-20 11:00:00,19.595549134510634,70.06693444859108,0.69716945541301,0.3819842798042692
2026-08-20 11:00:00,19.585089627658814,70.06559014984862,0.6604062557616375,0.422080945337659
2026-08-20 11:00:00,19.58849008958934,70.0642282490713,0.5697751022204582,0.5275178060449823
2026-08-20 11:00:00,19.588279579510075,70.06278160740551,0.7222978708163552,0.35568358383164117
2026-08-20 11:00:00,19.59566488229632,70.06922495850056,0.6566208625539666,0.4263105367670463
2026-08-20 11:00:00,19.58596525989732,70.07571446510708,0.7734131367133447,0.3052509406184364
2026-08-20 11:00:00,19.59420006849417,70.07724608363145,0.9476919755390432,0.16754128416699499
2026-08-20 11:00:00,19.58083400706733,70.06836262722575,0.9975015876297192,0.13802724868282773
2026-08-20 11:00:00,19.587282346903578,70.0689520766097,0.28061234805852203,0.8626278542842829
2026-08-20 11:00:00,19.592200628403333,70.07484149579074,0.6202285648543941,0.4678290770425415
2026-08-20 11:00:00,19.58685284423377,70.06685679038978,0.42509551369875626,0.7034927444540282
2026-08-20 11:00:00,19.59508030123535,70.07001153074201,0.5933973996619244,0.49931092938672395
2026-08-20 11:00:00,19.59409542113221,70.0672578682368,0.5361651038145088,0.568228665287876
2026-08-20 11:00:00,19.589411241747733,70.07348685422126,0.41777641343999816,0.7122262952223827
2026-08-20 11:00:00,19.59738830062224,70.07156495247189,0.8741144395451265,0.21905390644859554
2026-08-20 11:00:00,19.59468979230624,70.07374530514137,0.704477638274797,0.37423819094406324
2026-08-20 11:00:00,19.590284292056953,70.07865967636646,0.9587729565529192,0.16060995567605285
2026-08-20 11:00:00,19.589512034425475,70.07121551860807,0.1805337731478919,0.9460402048996132
2026-08-20 11:00:00,19.592037591220915,70.07001517573202,0.2588011072850924,0.8831666622579059
2026-08-20 11:00:00,19.58870618730466,70.07547816365793,0.6350382531236556,0.45075447443381356
2026-08-20 11:00:00,19.590651047661204,70.0720457137168,0.2833325262020531,0.8599853151790938
2026-08-20 11:00:00,19.586416731062098,70.07289472271277,0.5125715524830007,0.597055910661641
2026-08-20 11:00:00,19.5830387989988,70.07578056518844,0.9929903036166182,0.14052852152970202
2026-08-20 11:00:00,19.587570493092716,70.07321387897258,0.4571209987351424,0.6648428783409632
2026-08-20 11:00:00,19.587869611962564,70.07326486713244,0.44510419163617265,0.6794165884234193
2026-08-20 11:00:00,19.59552271894228,70.07337902674358,0.7573906975898959,0.32059819719747445
2026-08-20 11:00:00,19.596033426773783,70.07057282879956,0.7056899395578463,0.37296081964126876
2026-08-20 11:00:00,19.591789499631762,70.07646666910668,0.7618650124548605,0.31626907680358496
2026-08-20 11:00:00,19.58998637580764,70.0636443709189,0.6137876491169781,0.4753252935246631
2026-08-20 11:00:00,19.59793333899874,70.06900680452614,0.9092647358690136,0.19324237591211535
2026-08-20 11:00:00,19.592776610776177,70.0679631583519,0.37226408830622226,0.765331330367104
2026-08-20 11:00:00,19.583860939342003,70.06934269248735,0.6545171088989696,0.4286688300346126
2026-08-20 11:00:00,19.582422342794274,70.06793114798559,0.8305190235293151,0.25415549319535224
2026-08-20 11:00:00,19.586441816948426,70.07769531996182,0.931792058499588,0.17786006225090448
2026-08-20 11:00:00,19.590576111862614,70.06376095887292,0.6079240136371961,0.4821844618742508
2026-08-20 11:00:00,19.59038391054483,70.06233430263076,0.7534889508770204,0.3244004652249466
2026-08-20 11:00:00,19.591077949852508,70.06742253939493,0.2629447565692488,0.8793562138078566
2026-08-20 11:00:00,19.592700419206473,70.0670997084036,0.4126973323294312,0.7182601133570258
2026-08-20 11:00:00,19.587585267751074,70.07051660834023,0.26294136697392156,0.8793593487907128
2026-08-20 11:00:00,19.590568868781254,70.0613960728584,0.8531593590874579,0.2354993540439745
2026-08-20 11:00:00,19.591433217063347,70.06469516788856,0.5367121842497529,0.5675620128286049
2026-08-20 11:00:00,19.587003118041444,70.07710108959414,0.8507322082722846,0.23745529499407741
2026-08-20 11:00:00,19.591851179981212,70.06844885399035,0.25767863520919726,0.8841912597774848
2026-08-20 11:00:00,19.59669498144208,70.07447004919334,0.9287345155685371,0.17989518104070748
2026-08-20 11:00:00,19.597984975480557,70.06919393037168,0.9140734095854072,0.18988327823650794
2026-08-20 11:00:00,19.59009365351846,70.06667966163279,0.2982092269703985,0.8452331178619811
2026-08-20 11:00:00,19.590912290033042,70.07032375408642,0.1541314583632638,0.9629071037016345
2026-08-20 11:00:00,19.588567708602163,70.06762238097103,0.2372526353531003,0.902250618086407
2026-08-20 11:00:00,19.59788782546015,70.07139141682057,0.9239210859952997,0.18313244024005768
2026-08-20 11:00:00,19.59030752357007,70.06491314177686,0.48446206151967747,0.6314779197626729
2026-08-20 11:00:00,19.591785796757172,70.06276393972426,0.7404548047370539,0.33728332995063753
2026-08-20 11:00:00,19.58504988516368,70.0657629250249,0.6528738034107792,0.4305147338170626
2026-08-20 11:00:00,19.59475421079745,70.0628309183859,0.8919223767955382,0.20570002168501436
2026-08-20 11:00:00,19.594900379382242,70.07336638024425,0.6992126296561516,0.37981084466670484
2026-08-20 11:00:00,19.58872169059264,70.07618522519351,0.7075739118009297,0.3709800446717906
2026-08-20 11:00:00,19.582067066558842,70.07439193175216,0.9945310148506694,0.13967049977077126
2026-08-20 11:00:00,19.59312262302287,70.07048534422601,0.38746555556495227,0.7478562953775754
2026-08-20 11:00:00,19.581975149364535,70.07229459310976,0.9114296126119292,0.19172500448519733
2026-08-20 11:00:00,19.589559814040697,70.07167400481443,0.22748570417475641,0.9104786619188687
2026-08-20 11:00:00,19.584890466200118,70.07363311919492,0.6911213855560908,0.38845308974138293
2026-08-20 11:00:00,19.58219580778776,70.07359054981913,0.9414535697170751,0.17153722641075322
2026-08-20 11:00:00,19.595093110066472,70.06414867109811,0.8156065016931395,0.2669448341356277
2026-08-20 11:00:00,19.588804903007176,70.07735966683626,0.8277769140089212,0.25647744212314344
2026-08-20 11:00:00,19.59338575434725,70.06647057109961,0.5131445042641357,0.5963545603053173
2026-08-20 11:00:00,19.58454605894051,70.07228361861489,0.6469735631086129,0.4371692289844992
2026-08-20 11:00:00,19.587193737370065,70.07462010207462,0.6054593822041661,0.48507709037761787
2026-08-20 11:00:00,19.583250730442476,70.06939961609446,0.7221102479247848,0.35587641945386483
2026-08-20 11:00:00,19.584430429195216,70.07272108909552,0.6798734662741797,0.4006202993239564
2026-08-20 11:00:00,19.589516905043304,70.07497010478832,0.571750253062462,0.525144388652001
2026-08-20 11:00:00,19.584776817061385,70.06941962977305,0.5527030055745763,0.54812794161274
2026-08-20 11:00:00,19.592366117468146,70.07341493084682,0.5008521654691354,0.6114078025957921
2026-08-20 11:00:00,19.58650284277096,70.07414124426586,0.6041913992144861,0.4865674136924379
2026-08-20 11:00:00,19.586560755141743,70.06802117808212,0.38722277558798196,0.7481376601449535
2026-08-20 11:00:00,19.582557016332547,70.07413103671598,0.9338652483113256,0.17648949400126096
2026-08-20 11:00:00,19.592886472286125,70.06287432295802,0.7759635248086261,0.3028480428209017
2026-08-20 11:00:00,19.589616289094675,70.07300314523908,0.36576826761469544,0.7727048127069667
2026-08-20 11:00:00,19.597124813617814,70.06800480525169,0.8329821932124368,0.25208120713074145
2026-08-20 11:00:00,19.59155066313578,70.06091320012791,0.9206880405424919,0.18532981443500735
2026-08-20 11:00:00,19.59405548714129,70.06856616976475,0.4873763146196775,0.6279111091010486
2026-08-20 11:00:00,19.59159406047743,70.0663522744667,0.3880729239940142,0.7471520902856248
2026-08-20 11:00:00,19.590279930247796,70.07019999001695,0.09282918255458276,0.9925083645352836
2026-08-20 11:00:00,19.58782411838563,70.069164612913,0.21737143063541056,0.9187088650809615
2026-08-20 11:00:00,19.593545579666586,70.07682411713003,0.8730700706721721,0.2198547844943428
2026-08-20 11:00:00,19.593476170051026,70.06086727223679,0.9935725097051014,0.14020382973487108
2026-08-20 11:00:00,19.588107551387314,70.06848657035586,0.21184976392782834,0.9230739122592561
2026-08-20 11:00:00,19.58909774271132,70.07774980896839,0.8649109544224148,0.2261792974710219
2026-08-20 11:00:00,19.591938027756886,70.06841130271424,0.26807119547045716,0.8745816194910543
2026-08-20 11:00:00,19.594950160584997,70.0743812265711,0.769501673099979,0.3089576784984694
2026-08-20 11:00:00,19.58254407249343,70.06626100313592,0.8695258952028041,0.22258730121894216
2026-08-20 11:00:00,19.588778363271842,70.06387205091576,0.5993366310077648,0.4922866456757377
2026-08-20 11:00:00,19.59063381383183,70.06986996886565,0.10456921684063497,0.9879188041292943
2026-08-20 11:00:00,19.584077972570324,70.0652531023089,0.7714851600163324,0.3070747644307852
2026-08-20 11:00:00,19.59336418453412,70.06079261475213,0.9956126898247268,0.13907045820387914
2026-08-20 11:00:00,19.5939225911442,70.07150666588878,0.5075602652281754,0.6031917314911771
2026-08-20 11:00:00,19.585845339956897,70.06918870767245,0.4353059581342941,0.6912402170331309
2026-08-20 11:00:00,19.589584982676307,70.07287003781992,0.35203109628769297,0.7880946280686838
2026-08-20 11:00:00,19.586263107088588,70.06342316204997,0.7451547623816519,0.3326060360721726
2026-08-20 12:00:00,19.592550500356836,70.08031100665423,0.3206256294531414,0.44175855282050175
2026-08-20 12:00:00,19.595890619810756,70.0782881776986,0.4084718130112521,0.2646414921241277
2026-08-20 12:00:00,19.59498347946423,70.07882654070623,0.33791478154780347,0.4032991642609854
2026-08-20 12:00:00,19.597976822135724,70.07946321607318,0.43401052390360934,0.22279426061400515
2026-08-20 12:00:00,19.59519951201767,70.08125928640958,0.08885568452974535,0.9438876695531511
2026-08-20 12:00:00,19.59495406463877,70.083872495626,0.18984016232172687,0.7535953316349144
2026-08-20 12:00:00,19.591609827046813,70.08076860962848,0.3918541831930595,0.29435078996941966
2026-08-20 12:00:00,19.594287121465722,70.08426157094107,0.24111836431671044,0.6314793879598136
2026-08-20 12:00:00,19.59315801281508,70.08547941659089,0.4080601362756317,0.2653541178716344
2026-08-20 12:00:00,19.59735388708028,70.08088225628762,0.296320319696987,0.49806170322672066
2026-08-20 12:00:00,19.59316458942836,70.07796103986252,0.4708092921045159,0.1706950634747807
2026-08-20 12:00:00,19.59895000678409,70.08136934166107,0.4525647427606316,0.19532230791871602
2026-08-20 12:00:00,19.592183652263223,70.0837311956349,0.351012036855142,0.3752131356307736
2026-08-20 12:00:00,19.591073643682275,70.08107766021966,0.4395722600138849,0.2143005892539049
2026-08-20 12:00:00,19.592586844159825,70.08225869459046,0.2603545113086627,0.5845802415474688
2026-08-20 12:00:00,19.597398835184748,70.08415559965815,0.35151805672392655,0.37414756286353845
2026-08-20 12:00:00,19.595091758013666,70.08417475187039,0.22219476358775772,0.6773619191486082
2026-08-20 12:00:00,19.59080809310223,70.08129086910074,0.46391975828827176,0.1797195336433375
2026-08-20 12:00:00,19.59865058864686,70.08383931738184,0.45361537026659904,0.19384029399514333
2026-08-20 12:00:00,19.59881252392412,70.08016152438688,0.4749077985275145,0.16548333411180255
2026-08-20 12:00:00,19.59792996059892,70.08520134115494,0.4683687065828212,0.17385399954024072
2026-08-20 12:00:00,19.59634138897523,70.08649321241901,0.48979492189576007,0.14752199778932512
2026-08-20 12:00:00,19.595131586987343,70.07978316011099,0.23892270278895952,0.6368265732885006
2026-08-20 12:00:00,19.598491074633074,70.08469788542162,0.4826552317118596,0.1559477857891604
2026-08-20 12:00:00,19.59768244337114,70.07993837385885,0.37789323603102426,0.3207761229866863
2026-08-20 12:00:00,19.59447941322666,70.07898560992355,0.3249981091937891,0.4318937714123444
2026-08-20 12:00:00,19.597988090334862,70.08355321583115,0.3742906277105643,0.32780602111462176
2026-08-20 12:00:00,19.59398262036692,70.07944344099378,0.2926612190956797,0.5067233090154492
2026-08-20 12:00:00,19.59328644128684,70.08016715443172,0.26858565065959505,0.5645696798702337
2026-08-20 12:00:00,19.5950268434713,70.07971105208244,0.24561877879018573,0.6205096462029204
2026-08-20 12:00:00,19.595534856785285,70.08084698994979,0.14355137534792797,0.8526199025494179
2026-08-20 12:00:00,19.594297630132562,70.07875442397398,0.35233680518333144,0.37242662257497233
2026-08-20 12:00:00,19.59128760959032,70.07973547833939,0.47110552844184694,0.17031445691010605
2026-08-20 12:00:00,19.593352316774485,70.0854662798678,0.3969105595957308,0.28510738186665135
2026-08-20 12:00:00,19.593867175378026,70.07879386066838,0.3608932088429254,0.354680917313744
2026-08-20 12:00:00,19.597766544472307,70.08122134875381,0.32733504175802675,0.4266585266211486
2026-08-20 12:00:00,19.592307580600696,70.08035447288462,0.34073509736934643,0.3971708630837776
2026-08-20 12:00:00,19.59386844044735,70.08017921665615,0.2287342057782083,0.661569558817328
2026-08-20 12:00:00,19.591153116229236,70.08372660433035,0.4535790662037594,0.19389137352251748
2026-08-20 12:00:00,19.595001838506548,70.07992928140501,0.22270101216739455,0.6761425318639408
2026-08-20 12:00:00,19.59873751278832,70.08199803532061,0.4232678693000784,0.23982855475448162
2026-08-20 12:00:00,19.597020718190475,70.08558221707213,0.43588559608461275,0.21990591666076964
2026-08-20 12:00:00,19.595930882864042,70.08552172921449,0.3791005941790827,0.3184392574172125
2026-08-20 12:00:00,19.590868101470335,70.080967971309,0.4644691526234085,0.17898769785717497
2026-08-20 12:00:00,19.59251117973459,70.08235852859367,0.2697454135155267,0.5617568592155237
2026-08-20 12:00:00,19.591115697479292,70.08010585597216,0.4694723690599009,0.17242034881742804
2026-08-20 12:00:00,19.598590358459173,70.08329663782793,0.42702765121222075,0.23377261382717568
2026-08-20 12:00:00,19.59160535721506,70.08447533851462,0.44686402511327783,0.20350084776802024
2026-08-20 12:00:00,19.591740433659098,70.08011594750246,0.40760879208111855,0.26613678535786495
2026-08-20 12:00:00,19.591360318110784,70.07981366041592,0.4599845152257762,0.18502367546076762
2026-08-20 12:00:00,19.592456258008728,70.07807756375207,0.4982717287579228,0.13796114684276584
2026-08-20 12:00:00,19.594381472376348,70.07901215973538,0.32409985132850594,0.4339130278175038
2026-08-20 12:00:00,19.592364870263424,70.07870705334675,0.451086378565561,0.1974209910360471
2026-08-20 12:00:00,19.59589708004576,70.07806271689745,0.43144517598358706,0.226786785983668
2026-08-20 12:00:00,19.59277799969382,70.07978553758753,0.33647814405694243,0.40643722739445526
2026-08-20 12:00:00,19.590707719255416,70.08098248552528,0.48139095331458814,0.15747580491358254
2026-08-20 12:00:00,19.59270246362669,70.08019908223505,0.31401669126520754,0.45683303187541646
2026-08-20 12:00:00,19.59765005434593,70.08419248849744,0.375987338974412,0.32448457286996024
2026-08-20 12:00:00,19.594712128257825,70.08359720319437,0.1627439376681675,0.8134505290652935
2026-08-20 12:00:00,19.592815986578465,70.08166815547793,0.23757903635751737,0.6400968149043913
2026-08-20 12:00:00,19.59780799353595,70.07891840913967,0.45844742624802703,0.18712512023279074
2026-08-20 12:00:00,19.593701660784788,70.07934063731476,0.3148621614408626,0.4548939799387511
2026-08-20 12:00:00,19.59730835630012,70.08367217766234,0.31388058613717185,0.45714546641690496
2026-08-20 12:00:00,19.593055709111045,70.08075820164997,0.24798236741279622,0.6147451489384701
2026-08-20 12:00:00,19.595482597350077,70.08535711981905,0.3505746476492041,0.37613538976485605
2026-08-20 12:00:00,19.594519297022178,70.07778683972218,0.4488365407781051,0.200644744427236
2026-08-20 12:00:00,19.596917545978517,70.07805855510534,0.4730655656919397,0.16781154449228183
2026-08-20 12:00:00,19.59393173863369,70.08135590622969,0.13239564951706673,0.8738781611726728
2026-08-20 12:00:00,19.592056941441395,70.0800887872628,0.3790846644353064,0.3184700270063608
2026-08-20 12:00:00,19.593297874093768,70.08483238858224,0.34178698332892027,0.394896257256804
2026-08-20 12:00:00,19.591593669453143,70.08329903910332,0.3918806739530473,0.29430190417163693
2026-08-20 12:00:00,19.596904244042737,70.0796468839038,0.33439336376050777,0.4110103729575017
2026-08-20 12:00:00,19.594450167408386,70.07908077197602,0.3156916299387011,0.4529945908244578
2026-08-20 12:00:00,19.591854196072077,70.08165074070037,0.3434678705605116,0.39127412507023335
2026-08-20 12:00:00,19.59260026257582,70.08474397058232,0.38144433694721896,0.31393048273100543
2026-08-20 12:00:00,19.59795458843746,70.08311083577706,0.353900837464316,0.36915012505511474
2026-08-20 12:00:00,19.59685221955551,70.08462794844593,0.34356384087264125,0.3910677913201856
2026-08-20 12:00:00,19.596352036215187,70.08610726738507,0.45217123691088557,0.19587940836169637
2026-08-20 12:00:00,19.592202354690915,70.08500635280443,0.43175455736965235,0.22630278151984165
2026-08-20 12:00:00,19.59739614524511,70.08109690733146,0.29213802139621986,0.5079651475151858
2026-08-20 12:00:00,19.590896406645065,70.08191885451357,0.44737487566785655,0.20275849505981847
2026-08-20 12:00:00,19.59532052452972,70.08645502859659,0.4619660888540684,0.18233916345662377
2026-08-20 12:00:00,19.596314033272588,70.08321245681246,0.1958904064612344,0.7396561496584216
2026-08-20 12:00:00,19.593113296572874,70.0851596508356,0.3816682007093199,0.3135017376723707
2026-08-20 12:00:00,19.59589038823461,70.07971811856811,0.26707302072617417,0.5682411219601488
2026-08-20 12:00:00,19.5920465274092,70.08480785211496,0.4298756570005804,0.22925276737224431
2026-08-20 12:00:00,19.59523492338798,70.07974420998548,0.2443283289749079,0.6236561455052104
2026-08-20 12:00:00,19.596124759437807,70.07835237361842,0.4096960837538699,0.26252932182597605
2026-08-20 12:00:00,19.596670282357714,70.08360636433112,0.25254932986331297,0.6036053040525231
2026-08-20 12:00:00,19.59242608899253,70.07990062049984,0.35747159447638044,0.3617242927743035
2026-08-20 12:00:00,19.599167916265994,70.08087360206318,0.4869924198373605,0.15078830364068305
2026-08-20 12:00:00,19.59265262818028,70.08376056253783,0.3087505216418405,0.46897747961777775
2026-08-20 12:00:00,19.598925942479,70.08346526698439,0.4679045003959696,0.17445954036867742
2026-08-20 12:00:00,19.598890063422306,70.07985584538783,0.4967254224427955,0.1396697439304079
2026-08-20 12:00:00,19.59806162101113,70.07907181756782,0.4676673093143146,0.17476952898589246
2026-08-20 12:00:00,19.59310788855702,70.08178732197584,0.20363326700427833,0.7215760419345506
2026-08-20 12:00:00,19.591064373784913,70.08066152140505,0.45267488872676687,0.19516656769645002
2026-08-20 12:00:00,19.59511698750672,70.08289002337332,0.08965126198297664,0.9428159005226551
2026-08-20 12:00:00,19.59611867326622,70.07933974927774,0.3135689253175878,0.4578611897074874
2026-08-20 12:00:00,19.590721568316493,70.0820966015707,0.4665654759296555,0.17621468973602356
2026-08-20 12:00:00,19.59857866401402,70.08289565306387,0.4149554833834347,0.2535764614968626
2026-08-20 12:00:00,19.593581425517193,70.0788720140297,0.36494534773643783,0.3464328385339348
2026-08-20 12:00:00,19.597595433134735,70.08114600025569,0.31139365162227556,0.46286793516256197
2026-08-20 12:00:00,19.59686150387068,70.07827000286781,0.4506375889976018,0.19806117218196323
2026-08-20 12:00:00,19.594279424114465,70.08602632233234,0.4211764487564033,0.24324107224937042
2026-08-20 12:00:00,19.59783615865933,70.08313338035714,0.34220071581444467,0.39400326146844467
2026-08-20 12:00:00,19.598884781609005,70.08040379129797,0.4723569458602413,0.16871335521915695
2026-08-20 12:00:00,19.596918036706903,70.08117411363457,0.23976447704916193,0.6347770219535351
2026-08-20 12:00:00,19.593103738682473,70.08165814436721,0.20639253205883254,0.7150745535921642
2026-08-20 12:00:00,19.592663409628496,70.07906833015203,0.4008752188442127,0.2779836496261399
2026-08-20 12:00:00,19.59060577121248,70.08315493110443,0.4929488672017034,0.14390899792190623
2026-08-20 12:00:00,19.592963486594034,70.08320582042374,0.24862450266756206,0.6131788650296788
2026-08-20 12:00:00,19.596570766548673,70.08368678147103,0.24983513510604674,0.6102258096769866
2026-08-20 12:00:00,19.596305689062355,70.0830773506105,0.18674772285237504,0.7606490868403705
2026-08-20 12:00:00,19.5953771834275,70.08646682427734,0.4638328242140783,0.17983553086628004
2026-08-20 12:00:00,19.596034686761023,70.08011116399348,0.23790625276111077,0.639300586710404
2026-08-20 12:00:00,19.596869874158898,70.08474815654124,0.3546753891676471,0.3675328759003311
2026-08-20 12:00:00,19.59557882848645,70.08676597530798,0.49771288862209623,0.13857682574089938
2026-08-20 12:00:00,19.594451340579784,70.08189892203576,0.05509287821952027,0.9813096180404276
2026-08-20 12:00:00,19.595655014523267,70.08553893115067,0.37298997657805566,0.33036484852104264
2026-08-20 12:00:00,19.596597047965993,70.08498322656195,0.3578718495163268,0.36089669030055144
2026-08-20 12:00:00,19.59119314027159,70.08039282755368,0.44929037837743496,0.1999915415719406
2026-08-20 12:00:00,19.59311031523556,70.0841581276551,0.2980274901551772,0.4940351888931143
2026-08-20 12:00:00,19.592899264195406,70.07987586196525,0.32028946240043615,0.4425206404901571
2026-08-20 12:00:00,19.596496846639923,70.08103046389921,0.2049011838660673,0.7185920885856386
2026-08-20 12:00:00,19.59718395737622,70.08540180527503,0.4303531200176742,0.22850072039945588
2026-08-20 12:00:00,19.59833912737408,70.07986550897319,0.44291898502664917,0.20929652115010486
2026-08-20 12:00:00,19.596287041559894,70.0810408905555,0.18484001242887743,0.7649750238841044
2026-08-20 12:00:00,19.596271677571686,70.07942090200544,0.3136307837204129,0.45771910053876935
2026-08-20 12:00:00,19.592036108221702,70.0787389007565,0.47246825167483025,0.16857147361438585
2026-08-20 12:00:00,19.59475399345896,70.08188688491322,0.02601573406511509,1.0
2026-08-20 12:00:00,19.593345924193333,70.08005191343092,0.273294287638176,0.5531624308625299
2026-08-20 12:00:00,19.593699027400728,70.07874123424415,0.37250580030804475,0.3313201923308362
2026-08-20 12:00:00,19.597514390978578,70.08234305513135,0.28900426452733935,0.5154200024413541
2026-08-20 12:00:00,19.597193177288812,70.081408247937,0.2607897568817022,0.5835204206702246
2026-08-20 12:00:00,19.592300853850627,70.08039593607197,0.33913031599342924,0.40065265563848085
2026-08-20 12:00:00,19.59530166171927,70.08005989533774,0.21302764381043,0.699330612810408
2026-08-20 12:00:00,19.592573688105407,70.0844823384201,0.3638767789236776,0.34859798207506837
2026-08-20 12:00:00,19.598699937258935,70.08237013468084,0.420326040507017,0.24463761269869294
2026-08-20 12:00:00,19.591514501602827,70.08183567384123,0.37924100273721134,0.31816811960320723
2026-08-20 12:00:00,19.59355160421276,70.08199146596414,0.15256910799579554,0.8345988286056681
2026-08-20 12:00:00,19.591105617659395,70.08375177666593,0.4594585438768043,0.18574088257444132
2026-08-20 12:00:00,19.593917896529764,70.08374798251418,0.20915176157965307,0.708545410798762
2026-08-20 12:00:00,19.594929002895505,70.08623886506814,0.43726765276290697,0.21779316436989293
2026-08-20 12:00:00,19.59226028298927,70.08156293367209,0.3002353704911575,0.48884213487267875
2026-08-20 12:00:00,19.592101740627587,70.08504339412119,0.4423690054852686,0.2101133464739483
2026-08-20 12:00:00,19.59693412015321,70.08164952859879,0.2270863841170061,0.6655568239390939
2026-08-20 12:00:00,19.59583073630623,70.08388561000714,0.21602204962423963,0.6921797103521101
2026-08-20 12:00:00,19.593578601132585,70.08511044372639,0.3525003000769936,0.372083441377474
2026-08-20 12:00:00,19.594701758088227,70.08289220839572,0.09074141102379951,0.9413337917552168
2026-08-20 12:00:00,19.592865287171634,70.08144736909944,0.2373274840712372,0.6407088546146766
2026-08-20 12:00:00,19.59109190371266,70.08207575475436,0.4254445475571253,0.23631019367542436
2026-08-20 12:00:00,19.592372591861963,70.07862143980613,0.4575432980345755,0.18836901217688548
2026-08-20 12:00:00,19.59614234489132,70.0816374137069,0.14211383108076642,0.8554255791223225
2026-08-20 12:00:00,19.59399609033512,70.08643849331098,0.46959496096053466,0.17226162684774088
2026-08-20 12:00:00,19.593509199916998,70.07806045808505,0.4465190936715862,0.20400314659842697
2026-08-20 12:00:00,19.599073573536145,70.08275600874497,0.46628432734410163,0.17658480364989312
2026-08-20 12:00:00,19.59463196843287,70.08604117813971,0.4178601903085648,0.2487162571467209
2026-08-20 12:00:00,19.591321871445484,70.08294454852599,0.41053412382345417,0.2610896126148534
2026-08-20 12:00:00,19.59812710965766,70.08272784883535,0.362316585786817,0.35177204262933504
2026-08-20 12:00:00,19.59223547542758,70.07945436587165,0.4039762445031004,0.27248821823972513
2026-08-20 12:00:00,19.593044607309114,70.07793062736282,0.47935103644578814,0.15996427310404637
2026-08-20 12:00:00,19.594895372683926,70.08054172010742,0.15852602421740444,0.8223168832450474
2026-08-20 12:00:00,19.59240719891895,70.08177805501134,0.2809646231494684,0.5346652609673874
2026-08-20 12:00:00,19.593961730076995,70.08127528449498,0.13458730771869967,0.869797024400528
2026-08-20 12:00:00,19.591447177936796,70.08488124898291,0.4860054454283507,0.15195120999525405
2026-08-20 12:00:00,19.59783006645473,70.08287511877099,0.33364107435962825,0.41266614248067546
2026-08-20 12:00:00,19.59792015302603,70.08436599724386,0.4108967238480335,0.2604682271345576
2026-08-20 12:00:00,19.592602532991933,70.07843054287214,0.45856299035800996,0.18696654504094218
2026-08-20 12:00:00,19.599407138743626,70.0819244458276,0.49774497688989505,0.13854141832246264
2026-08-20 12:00:00,19.596727584271694,70.08224800481256,0.20111095059212075,0.7274933882943644
2026-08-20 12:00:00,19.59115773550565,70.08054404024848,0.44707734390098225,0.20319063253192843
2026-08-20 12:00:00,19.594951593439244,70.07755320941376,0.47101563088095505,0.17042989345113313
2026-08-20 12:00:00,19.595386669334367,70.08112091590532,0.11053888099994004,0.9117985455457781
2026-08-20 12:00:00,19.591169784065126,70.08089382515323,0.4341919391771263,0.2225137073914832
2026-08-20 12:00:00,19.592968030278406,70.08010903252924,0.2977941072270195,0.4945850775759541
2026-08-20 12:00:00,19.593732914919478,70.07842035201311,0.40267753583681326,0.2747815019232947
2026-08-20 12:00:00,19.596967117381336,70.07940179565838,0.35848577239510665,0.3596291761279403
2026-08-20 12:00:00,19.596575424153247,70.08375086958584,0.25482457303340905,0.598056554463549
2026-08-20 12:00:00,19.596406121673876,70.08127078968707,0.1838622867827889,0.7671843329819656
2026-08-20 12:00:00,19.596444591622255,70.08232346464165,0.17098774304698588,0.7957422764824857
2026-08-20 12:00:00,19.595671124459816,70.08074039091208,0.16071936543902518,0.8177233781717772
2026-08-20 12:00:00,19.59811193345611,70.08382802836365,0.39930879032854316,0.2807851387480197
2026-08-20 12:00:00,19.595835085344753,70.08472195310696,0.29639958307980885,0.4978745429673035
2026-08-20 12:00:00,19.59702064269388,70.0821118023453,0.23271948683225502,0.6519076755102267
2026-08-20 12:00:00,19.591397335268624,70.08339853325747,0.4158981524081055,0.2519925795686952
2026-08-20 12:00:00,19.593037312235428,70.08547627730947,0.4143819390871382,0.2545432327388228
2026-08-20 12:00:00,19.59659059512975,70.08509042369228,0.36714039969642326,0.34200769664513636
2026-08-20 12:00:00,19.590773201775356,70.08345588254768,0.48346608383263323,0.15497350899487122
2026-08-20 12:00:00,19.592638068529578,70.08376616114775,0.31040869488523565,0.46514136188947386
2026-08-20 12:00:00,19.595380755005984,70.07771281345575,0.4571277095269146,0.18894271687359823
2026-08-20 12:00:00,19.59589138878343,70.08124193338593,0.13705784174226981,0.8651397118415597
2026-08-20 12:00:00,19.592698192144496,70.07869159005888,0.4300671732527677,0.22895091560804703
2026-08-20 12:00:00,19.59810312183316,70.08540626130711,0.4971034635344865,0.139250573692029
2026-08-20 12:00:00,19.593758614261272,70.08627905698577,0.4600538599685413,0.1849292637324985
2026-08-20 12:00:00,19.597858033577424,70.08017125700206,0.3806785781043042,0.31539959413870117
2026-08-20 12:00:00,19.597950797926668,70.08406018308152,0.3958427921306515,0.28704462678021253
2026-08-20 12:00:00,19.592692879733857,70.0836272703009,0.29719082650586087,0.49600734121883316
2026-08-20 12:00:00,19.59839813669608,70.0806642920627,0.41215446687440616,0.2583200680330974
2026-08-20 12:00:00,19.59868996258322,70.08077717444651,0.4388608501510835,0.2153746478886461
