{
  "type": "FeatureCollection",
  "features": [
    {
      "type": "Feature",
      "geometry": {
        "type": "Point",
        "coordinates": [
          56.09761143839485,
          27.043163220794668
        ]
      },
      "properties": {
        "tile": "D:\\SIHwork_2026\\data\\new_sar_case_study\\tiles_npz_run5_balanced3500\\S1C_IW_GRDH_1SDV_20260804T021408_20260804T021438_r8192_c19456_uncertain.npz",
        "tile_name": "S1C_IW_GRDH_1SDV_20260804T021408_20260804T021438_r8192_c19456_uncertain.npz",
        "scene": "S1C_IW_GRDH_1SDV_20260804T021408_20260804T021438_008839_01188E_BC5E",
        "acquisition_date": "2026-08-04",
        "acquisition_time": "02:14:08",
        "left": 407941.37147003977,
        "bottom": 2988976.4374795803,
        "right": 413061.37147003977,
        "top": 2994096.4374795803,
        "center_x": 410501.37147003977,
        "center_y": 2991536.4374795803,
        "crs": "EPSG:32640",
        "label": "uncertain",
        "old_cnn_score": 0.9675121307373047,
        "old_unet_mean_probability": 0.1771993339061737,
        "old_unet_max_probability": 0.3773665130138397,
        "old_unet_p95": 0.2465328574180603,
        "old_candidate_pixel_count": 15647,
        "old_candidate_fraction": 0.2387542724609375,
        "old_fusion_score": 2.3036837233250784,
        "old_rank": 5,
        "new_cnn_score": 0.9186722040176392,
        "new_unet_mean_probability": 0.16116073727607727,
        "new_unet_max_probability": 0.3428005576133728,
        "new_unet_p95": 0.20642617344856262,
        "new_candidate_pixel_count": 4251,
        "new_candidate_fraction": 0.0648651123046875,
        "new_fusion_score": 1.584452835575402,
        "new_rank": 1,
        "score_delta": -0.7192308877496765,
        "rank_delta": 4,
        "unet_p95_delta": -0.04010668396949768,
        "candidate_pixel_delta": -11396,
        "abs_candidate_pixel_delta": 11396,
        "external_context_zone": "qeshm_hengam_context_priority",
        "category": "both_high;strong_unet_mask_change;qeshm_hengam_context_priority",
        "review_recommendation": "highest manual review priority: both model versions rank high inside Qeshm/Hengam context zone"
      }
    },
    {
      "type": "Feature",
      "geometry": {
        "type": "Point",
        "coordinates": [
          56.65219079479506,
          27.085518938388418
        ]
      },
      "properties": {
        "tile": "D:\\SIHwork_2026\\data\\new_sar_case_study\\tiles_npz_run5_balanced3500\\S1C_20260808T141633_preprocessed_r6144_c11776_uncertain.npz",
        "tile_name": "S1C_20260808T141633_preprocessed_r6144_c11776_uncertain.npz",
        "scene": "S1C_IW_GRDH_1SDV_20260808T141614_20260808T141633_008905_011A9E_BE01_preprocessed_extracted_xmx4",
        "acquisition_date": "2026-08-08",
        "acquisition_time": "14:16:14",
        "left": 462958.061760937,
        "bottom": 2993394.963305102,
        "right": 468078.061760937,
        "top": 2998514.963305102,
        "center_x": 465518.061760937,
        "center_y": 2995954.963305102,
        "crs": "EPSG:32640",
        "label": "uncertain",
        "old_cnn_score": 0.9287616014480591,
        "old_unet_mean_probability": 0.1861075460910797,
        "old_unet_max_probability": 0.4018319249153137,
        "old_unet_p95": 0.2657206952571869,
        "old_candidate_pixel_count": 21327,
        "old_candidate_fraction": 0.3254241943359375,
        "old_fusion_score": 2.4599591961832203,
        "old_rank": 1,
        "new_cnn_score": 0.8191238641738892,
        "new_unet_mean_probability": 0.16156676411628723,
        "new_unet_max_probability": 0.3428005576133728,
        "new_unet_p95": 0.20944227278232574,
        "new_candidate_pixel_count": 4644,
        "new_candidate_fraction": 0.07086181640625,
        "new_fusion_score": 1.448567803018201,
        "new_rank": 2,
        "score_delta": -1.0113913931650194,
        "rank_delta": -1,
        "unet_p95_delta": -0.056278422474861145,
        "candidate_pixel_delta": -16683,
        "abs_candidate_pixel_delta": 16683,
        "external_context_zone": "qeshm_hengam_context_priority",
        "category": "both_high;strong_unet_mask_change;qeshm_hengam_context_priority",
        "review_recommendation": "highest manual review priority: both model versions rank high inside Qeshm/Hengam context zone"
      }
    },
    {
      "type": "Feature",
      "geometry": {
        "type": "Point",
        "coordinates": [
          56.497879788833714,
          26.946376713358195
        ]
      },
      "properties": {
        "tile": "D:\\SIHwork_2026\\data\\new_sar_case_study\\tiles_npz_run5_balanced3500\\S1C_20260808T141633_preprocessed_r7680_c10240_uncertain.npz",
        "tile_name": "S1C_20260808T141633_preprocessed_r7680_c10240_uncertain.npz",
        "scene": "S1C_IW_GRDH_1SDV_20260808T141614_20260808T141633_008905_011A9E_BE01_preprocessed_extracted_xmx4",
        "acquisition_date": "2026-08-08",
        "acquisition_time": "14:16:14",
        "left": 447598.061760937,
        "bottom": 2978034.963305102,
        "right": 452718.061760937,
        "top": 2983154.963305102,
        "center_x": 450158.061760937,
        "center_y": 2980594.963305102,
        "crs": "EPSG:32640",
        "label": "uncertain",
        "old_cnn_score": 0.9035555720329285,
        "old_unet_mean_probability": 0.18025150895118713,
        "old_unet_max_probability": 0.3872784972190857,
        "old_unet_p95": 0.2634642720222473,
        "old_candidate_pixel_count": 17867,
        "old_candidate_fraction": 0.2726287841796875,
        "old_fusion_score": 2.3307371541570223,
        "old_rank": 4,
        "new_cnn_score": 0.7656732201576233,
        "new_unet_mean_probability": 0.16230382025241852,
        "new_unet_max_probability": 0.35075700283050537,
        "new_unet_p95": 0.21533572673797607,
        "new_candidate_pixel_count": 5526,
        "new_candidate_fraction": 0.084320068359375,
        "new_fusion_score": 1.4208094048402085,
        "new_rank": 4,
        "score_delta": -0.9099277493168139,
        "rank_delta": 0,
        "unet_p95_delta": -0.04812854528427124,
        "candidate_pixel_delta": -12341,
        "abs_candidate_pixel_delta": 12341,
        "external_context_zone": "qeshm_hengam_context_priority",
        "category": "both_high;strong_unet_mask_change;qeshm_hengam_context_priority",
        "review_recommendation": "highest manual review priority: both model versions rank high inside Qeshm/Hengam context zone"
      }
    },
    {
      "type": "Feature",
      "geometry": {
        "type": "Point",
        "coordinates": [
          56.75567798133968,
          26.993285076986474
        ]
      },
      "properties": {
        "tile": "D:\\SIHwork_2026\\data\\new_sar_case_study\\tiles_npz_run5_balanced3500\\S1C_20260808T141633_preprocessed_r7168_c12800_uncertain.npz",
        "tile_name": "S1C_20260808T141633_preprocessed_r7168_c12800_uncertain.npz",
        "scene": "S1C_IW_GRDH_1SDV_20260808T141614_20260808T141633_008905_011A9E_BE01_preprocessed_extracted_xmx4",
        "acquisition_date": "2026-08-08",
        "acquisition_time": "14:16:14",
        "left": 473198.061760937,
        "bottom": 2983154.963305102,
        "right": 478318.061760937,
        "top": 2988274.963305102,
        "center_x": 475758.061760937,
        "center_y": 2985714.963305102,
        "crs": "EPSG:32640",
        "label": "uncertain",
        "old_cnn_score": 0.9029810428619385,
        "old_unet_mean_probability": 0.18596011400222778,
        "old_unet_max_probability": 0.4016983211040497,
        "old_unet_p95": 0.2701428532600403,
        "old_candidate_pixel_count": 21958,
        "old_candidate_fraction": 0.335052490234375,
        "old_fusion_score": 2.4385904515993073,
        "old_rank": 2,
        "new_cnn_score": 0.7493911981582642,
        "new_unet_mean_probability": 0.1621842086315155,
        "new_unet_max_probability": 0.3465733826160431,
        "new_unet_p95": 0.21556253731250763,
        "new_candidate_pixel_count": 5694,
        "new_candidate_fraction": 0.086883544921875,
        "new_fusion_score": 1.396897707127038,
        "new_rank": 5,
        "score_delta": -1.0416927444722692,
        "rank_delta": -3,
        "unet_p95_delta": -0.054580315947532654,
        "candidate_pixel_delta": -16264,
        "abs_candidate_pixel_delta": 16264,
        "external_context_zone": "qeshm_hengam_context_priority",
        "category": "both_high;strong_unet_mask_change;qeshm_hengam_context_priority",
        "review_recommendation": "highest manual review priority: both model versions rank high inside Qeshm/Hengam context zone"
      }
    },
    {
      "type": "Feature",
      "geometry": {
        "type": "Point",
        "coordinates": [
          56.480755471079355,
          26.98292509744249
        ]
      },
      "properties": {
        "tile": "D:\\SIHwork_2026\\data\\new_sar_case_study\\tiles_npz_run5_balanced3500\\S1D_20260810T021454_preprocessed_r4608_c24064_uncertain.npz",
        "tile_name": "S1D_20260810T021454_preprocessed_r4608_c24064_uncertain.npz",
        "scene": "S1D_IW_GRDH_1SDV_20260810T021429_20260810T021454_004057_00763F_AFC5_preprocessed_extracted_xmx4",
        "acquisition_date": "2026-08-10",
        "acquisition_time": "02:14:29",
        "left": 445914.85972424183,
        "bottom": 2982089.977188905,
        "right": 451034.85972424183,
        "top": 2987209.977188905,
        "center_x": 448474.85972424183,
        "center_y": 2984649.977188905,
        "crs": "EPSG:32640",
        "label": "uncertain",
        "old_cnn_score": 0.9428054690361023,
        "old_unet_mean_probability": 0.17286497354507446,
        "old_unet_max_probability": 0.3799494504928589,
        "old_unet_p95": 0.23648224771022797,
        "old_candidate_pixel_count": 11934,
        "old_candidate_fraction": 0.182098388671875,
        "old_fusion_score": 2.092946473171769,
        "old_rank": 14,
        "new_cnn_score": 0.8382733464241028,
        "new_unet_mean_probability": 0.15945234894752502,
        "new_unet_max_probability": 0.3458867371082306,
        "new_unet_p95": 0.1979856789112091,
        "new_candidate_pixel_count": 2991,
        "new_candidate_fraction": 0.0456390380859375,
        "new_fusion_score": 1.3283425738545385,
        "new_rank": 7,
        "score_delta": -0.7646038993172304,
        "rank_delta": 7,
        "unet_p95_delta": -0.03849656879901886,
        "candidate_pixel_delta": -8943,
        "abs_candidate_pixel_delta": 8943,
        "external_context_zone": "qeshm_hengam_context_priority",
        "category": "both_high;strong_unet_mask_change;qeshm_hengam_context_priority",
        "review_recommendation": "highest manual review priority: both model versions rank high inside Qeshm/Hengam context zone"
      }
    },
    {
      "type": "Feature",
      "geometry": {
        "type": "Point",
        "coordinates": [
          56.70407664339856,
          26.993186159389857
        ]
      },
      "properties": {
        "tile": "D:\\SIHwork_2026\\data\\new_sar_case_study\\tiles_npz_run5_balanced3500\\S1C_20260808T141633_preprocessed_r7168_c12288_uncertain.npz",
        "tile_name": "S1C_20260808T141633_preprocessed_r7168_c12288_uncertain.npz",
        "scene": "S1C_IW_GRDH_1SDV_20260808T141614_20260808T141633_008905_011A9E_BE01_preprocessed_extracted_xmx4",
        "acquisition_date": "2026-08-08",
        "acquisition_time": "14:16:14",
        "left": 468078.061760937,
        "bottom": 2983154.963305102,
        "right": 473198.061760937,
        "top": 2988274.963305102,
        "center_x": 470638.061760937,
        "center_y": 2985714.963305102,
        "crs": "EPSG:32640",
        "label": "uncertain",
        "old_cnn_score": 0.9037020802497864,
        "old_unet_mean_probability": 0.18288259208202362,
        "old_unet_max_probability": 0.39242321252822876,
        "old_unet_p95": 0.2628578543663025,
        "old_candidate_pixel_count": 19863,
        "old_candidate_fraction": 0.3030853271484375,
        "old_fusion_score": 2.350905005996908,
        "old_rank": 3,
        "new_cnn_score": 0.7517914772033691,
        "new_unet_mean_probability": 0.15985625982284546,
        "new_unet_max_probability": 0.34837865829467773,
        "new_unet_p95": 0.20638152956962585,
        "new_candidate_pixel_count": 4252,
        "new_candidate_fraction": 0.06488037109375,
        "new_fusion_score": 1.2963862784604352,
        "new_rank": 8,
        "score_delta": -1.0545187275364727,
        "rank_delta": -5,
        "unet_p95_delta": -0.056476324796676636,
        "candidate_pixel_delta": -15611,
        "abs_candidate_pixel_delta": 15611,
        "external_context_zone": "qeshm_hengam_context_priority",
        "category": "both_high;strong_unet_mask_change;qeshm_hengam_context_priority",
        "review_recommendation": "highest manual review priority: both model versions rank high inside Qeshm/Hengam context zone"
      }
    },
    {
      "type": "Feature",
      "geometry": {
        "type": "Point",
        "coordinates": [
          56.60054780354594,
          27.085381686794065
        ]
      },
      "properties": {
        "tile": "D:\\SIHwork_2026\\data\\new_sar_case_study\\tiles_npz_run5_balanced3500\\S1C_20260808T141633_preprocessed_r6144_c11264_uncertain.npz",
        "tile_name": "S1C_20260808T141633_preprocessed_r6144_c11264_uncertain.npz",
        "scene": "S1C_IW_GRDH_1SDV_20260808T141614_20260808T141633_008905_011A9E_BE01_preprocessed_extracted_xmx4",
        "acquisition_date": "2026-08-08",
        "acquisition_time": "14:16:14",
        "left": 457838.061760937,
        "bottom": 2993394.963305102,
        "right": 462958.061760937,
        "top": 2998514.963305102,
        "center_x": 460398.061760937,
        "center_y": 2995954.963305102,
        "crs": "EPSG:32640",
        "label": "uncertain",
        "old_cnn_score": 0.9334961175918579,
        "old_unet_mean_probability": 0.1779199093580246,
        "old_unet_max_probability": 0.36826184391975403,
        "old_unet_p95": 0.24922750890254974,
        "old_candidate_pixel_count": 15672,
        "old_candidate_fraction": 0.2391357421875,
        "old_fusion_score": 2.2473561158512023,
        "old_rank": 6,
        "new_cnn_score": 0.8323037624359131,
        "new_unet_mean_probability": 0.15772581100463867,
        "new_unet_max_probability": 0.35452502965927124,
        "new_unet_p95": 0.1942199021577835,
        "new_candidate_pixel_count": 2564,
        "new_candidate_fraction": 0.03912353515625,
        "new_fusion_score": 1.2689058780806068,
        "new_rank": 9,
        "score_delta": -0.9784502377705955,
        "rank_delta": -3,
        "unet_p95_delta": -0.055007606744766235,
        "candidate_pixel_delta": -13108,
        "abs_candidate_pixel_delta": 13108,
        "external_context_zone": "qeshm_hengam_context_priority",
        "category": "both_high;strong_unet_mask_change;qeshm_hengam_context_priority",
        "review_recommendation": "highest manual review priority: both model versions rank high inside Qeshm/Hengam context zone"
      }
    },
    {
      "type": "Feature",
      "geometry": {
        "type": "Point",
        "coordinates": [
          56.54945859591706,
          26.94655086356604
        ]
      },
      "properties": {
        "tile": "D:\\SIHwork_2026\\data\\new_sar_case_study\\tiles_npz_run5_balanced3500\\S1C_20260808T141633_preprocessed_r7680_c10752_uncertain.npz",
        "tile_name": "S1C_20260808T141633_preprocessed_r7680_c10752_uncertain.npz",
        "scene": "S1C_IW_GRDH_1SDV_20260808T141614_20260808T141633_008905_011A9E_BE01_preprocessed_extracted_xmx4",
        "acquisition_date": "2026-08-08",
        "acquisition_time": "14:16:14",
        "left": 452718.061760937,
        "bottom": 2978034.963305102,
        "right": 457838.061760937,
        "top": 2983154.963305102,
        "center_x": 455278.061760937,
        "center_y": 2980594.963305102,
        "crs": "EPSG:32640",
        "label": "uncertain",
        "old_cnn_score": 0.9527891278266907,
        "old_unet_mean_probability": 0.17275568842887878,
        "old_unet_max_probability": 0.3928791284561157,
        "old_unet_p95": 0.2401464730501175,
        "old_candidate_pixel_count": 12067,
        "old_candidate_fraction": 0.1841278076171875,
        "old_fusion_score": 2.1504180247598725,
        "old_rank": 11,
        "new_cnn_score": 0.8650367259979248,
        "new_unet_mean_probability": 0.15702658891677856,
        "new_unet_max_probability": 0.3459109365940094,
        "new_unet_p95": 0.18931333720684052,
        "new_candidate_pixel_count": 1998,
        "new_candidate_fraction": 0.030487060546875,
        "new_fusion_score": 1.2446646069796392,
        "new_rank": 10,
        "score_delta": -0.9057534177802333,
        "rank_delta": 1,
        "unet_p95_delta": -0.05083313584327698,
        "candidate_pixel_delta": -10069,
        "abs_candidate_pixel_delta": 10069,
        "external_context_zone": "qeshm_hengam_context_priority",
        "category": "both_high;strong_unet_mask_change;qeshm_hengam_context_priority",
        "review_recommendation": "highest manual review priority: both model versions rank high inside Qeshm/Hengam context zone"
      }
    },
    {
      "type": "Feature",
      "geometry": {
        "type": "Point",
        "coordinates": [
          56.75577773528194,
          26.947058894448393
        ]
      },
      "properties": {
        "tile": "D:\\SIHwork_2026\\data\\new_sar_case_study\\tiles_npz_run5_balanced3500\\S1C_20260808T141633_preprocessed_r7680_c12800_uncertain.npz",
        "tile_name": "S1C_20260808T141633_preprocessed_r7680_c12800_uncertain.npz",
        "scene": "S1C_IW_GRDH_1SDV_20260808T141614_20260808T141633_008905_011A9E_BE01_preprocessed_extracted_xmx4",
        "acquisition_date": "2026-08-08",
        "acquisition_time": "14:16:14",
        "left": 473198.061760937,
        "bottom": 2978034.963305102,
        "right": 478318.061760937,
        "top": 2983154.963305102,
        "center_x": 475758.061760937,
        "center_y": 2980594.963305102,
        "crs": "EPSG:32640",
        "label": "uncertain",
        "old_cnn_score": 0.8922485709190369,
        "old_unet_mean_probability": 0.18161335587501526,
        "old_unet_max_probability": 0.38560906052589417,
        "old_unet_p95": 0.2541448473930359,
        "old_candidate_pixel_count": 18646,
        "old_candidate_fraction": 0.284515380859375,
        "old_fusion_score": 2.229834686229517,
        "old_rank": 7,
        "new_cnn_score": 0.7264896631240845,
        "new_unet_mean_probability": 0.15872985124588013,
        "new_unet_max_probability": 0.3388325870037079,
        "new_unet_p95": 0.2017083615064621,
        "new_candidate_pixel_count": 3533,
        "new_candidate_fraction": 0.0539093017578125,
        "new_fusion_score": 1.1972511589278312,
        "new_rank": 12,
        "score_delta": -1.032583527301686,
        "rank_delta": -5,
        "unet_p95_delta": -0.05243648588657379,
        "candidate_pixel_delta": -15113,
        "abs_candidate_pixel_delta": 15113,
        "external_context_zone": "qeshm_hengam_context_priority",
        "category": "both_high;strong_unet_mask_change;qeshm_hengam_context_priority",
        "review_recommendation": "highest manual review priority: both model versions rank high inside Qeshm/Hengam context zone"
      }
    },
    {
      "type": "Feature",
      "geometry": {
        "type": "Point",
        "coordinates": [
          56.704197464905256,
          26.94696017323377
        ]
      },
      "properties": {
        "tile": "D:\\SIHwork_2026\\data\\new_sar_case_study\\tiles_npz_run5_balanced3500\\S1C_20260808T141633_preprocessed_r7680_c12288_uncertain.npz",
        "tile_name": "S1C_20260808T141633_preprocessed_r7680_c12288_uncertain.npz",
        "scene": "S1C_IW_GRDH_1SDV_20260808T141614_20260808T141633_008905_011A9E_BE01_preprocessed_extracted_xmx4",
        "acquisition_date": "2026-08-08",
        "acquisition_time": "14:16:14",
        "left": 468078.061760937,
        "bottom": 2978034.963305102,
        "right": 473198.061760937,
        "top": 2983154.963305102,
        "center_x": 470638.061760937,
        "center_y": 2980594.963305102,
        "crs": "EPSG:32640",
        "label": "uncertain",
        "old_cnn_score": 0.8921376466751099,
        "old_unet_mean_probability": 0.17874740064144135,
        "old_unet_max_probability": 0.39400115609169006,
        "old_unet_p95": 0.2499334067106247,
        "old_candidate_pixel_count": 16658,
        "old_candidate_fraction": 0.254180908203125,
        "old_fusion_score": 2.1674744083259,
        "old_rank": 9,
        "new_cnn_score": 0.7206373810768127,
        "new_unet_mean_probability": 0.1582309454679489,
        "new_unet_max_probability": 0.3522748053073883,
        "new_unet_p95": 0.20049911737442017,
        "new_candidate_pixel_count": 3347,
        "new_candidate_fraction": 0.0510711669921875,
        "new_fusion_score": 1.1726748930970108,
        "new_rank": 13,
        "score_delta": -0.9947995152288893,
        "rank_delta": -4,
        "unet_p95_delta": -0.04943428933620453,
        "candidate_pixel_delta": -13311,
        "abs_candidate_pixel_delta": 13311,
        "external_context_zone": "qeshm_hengam_context_priority",
        "category": "both_high;strong_unet_mask_change;qeshm_hengam_context_priority",
        "review_recommendation": "highest manual review priority: both model versions rank high inside Qeshm/Hengam context zone"
      }
    },
    {
      "type": "Feature",
      "geometry": {
        "type": "Point",
        "coordinates": [
          56.601037844662095,
          26.94670615732081
        ]
      },
      "properties": {
        "tile": "D:\\SIHwork_2026\\data\\new_sar_case_study\\tiles_npz_run5_balanced3500\\S1C_20260808T141633_preprocessed_r7680_c11264_uncertain.npz",
        "tile_name": "S1C_20260808T141633_preprocessed_r7680_c11264_uncertain.npz",
        "scene": "S1C_IW_GRDH_1SDV_20260808T141614_20260808T141633_008905_011A9E_BE01_preprocessed_extracted_xmx4",
        "acquisition_date": "2026-08-08",
        "acquisition_time": "14:16:14",
        "left": 457838.061760937,
        "bottom": 2978034.963305102,
        "right": 462958.061760937,
        "top": 2983154.963305102,
        "center_x": 460398.061760937,
        "center_y": 2980594.963305102,
        "crs": "EPSG:32640",
        "label": "uncertain",
        "old_cnn_score": 0.8808692693710327,
        "old_unet_mean_probability": 0.17683644592761993,
        "old_unet_max_probability": 0.3842678666114807,
        "old_unet_p95": 0.24972474575042725,
        "old_candidate_pixel_count": 15223,
        "old_candidate_fraction": 0.2322845458984375,
        "old_fusion_score": 2.1184960814001847,
        "old_rank": 12,
        "new_cnn_score": 0.7170440554618835,
        "new_unet_mean_probability": 0.15776553750038147,
        "new_unet_max_probability": 0.3428005576133728,
        "new_unet_p95": 0.19909369945526123,
        "new_candidate_pixel_count": 3166,
        "new_candidate_fraction": 0.048309326171875,
        "new_fusion_score": 1.1507142630937295,
        "new_rank": 15,
        "score_delta": -0.9677818183064553,
        "rank_delta": -3,
        "unet_p95_delta": -0.050631046295166016,
        "candidate_pixel_delta": -12057,
        "abs_candidate_pixel_delta": 12057,
        "external_context_zone": "qeshm_hengam_context_priority",
        "category": "both_high;strong_unet_mask_change;qeshm_hengam_context_priority",
        "review_recommendation": "highest manual review priority: both model versions rank high inside Qeshm/Hengam context zone"
      }
    },
    {
      "type": "Feature",
      "geometry": {
        "type": "Point",
        "coordinates": [
          56.12103711278973,
          26.796245257151188
        ]
      },
      "properties": {
        "tile": "D:\\SIHwork_2026\\data\\new_sar_case_study\\tiles_npz_run5_balanced3500\\S1D_20260810T021454_preprocessed_r6656_c20480_uncertain.npz",
        "tile_name": "S1D_20260810T021454_preprocessed_r6656_c20480_uncertain.npz",
        "scene": "S1D_IW_GRDH_1SDV_20260810T021429_20260810T021454_004057_00763F_AFC5_preprocessed_extracted_xmx4",
        "acquisition_date": "2026-08-10",
        "acquisition_time": "02:14:29",
        "left": 410074.85972424183,
        "bottom": 2961609.977188905,
        "right": 415194.85972424183,
        "top": 2966729.977188905,
        "center_x": 412634.85972424183,
        "center_y": 2964169.977188905,
        "crs": "EPSG:32640",
        "label": "uncertain",
        "old_cnn_score": 0.9552201628684998,
        "old_unet_mean_probability": 0.16193537414073944,
        "old_unet_max_probability": 0.3489416241645813,
        "old_unet_p95": 0.1894458383321762,
        "old_candidate_pixel_count": 2204,
        "old_candidate_fraction": 0.03363037109375,
        "old_fusion_score": 1.3931365725327927,
        "old_rank": 122,
        "new_cnn_score": 0.9363624453544617,
        "new_unet_mean_probability": 0.16311514377593994,
        "new_unet_max_probability": 0.33950644731521606,
        "new_unet_p95": 0.19207775592803955,
        "new_candidate_pixel_count": 572,
        "new_candidate_fraction": 0.00872802734375,
        "new_fusion_score": 1.1422347225133551,
        "new_rank": 16,
        "score_delta": -0.25090185001943754,
        "rank_delta": 106,
        "unet_p95_delta": 0.0026319175958633423,
        "candidate_pixel_delta": -1632,
        "abs_candidate_pixel_delta": 1632,
        "external_context_zone": "qeshm_hengam_context_priority",
        "category": "both_high;qeshm_hengam_context_priority",
        "review_recommendation": "highest manual review priority: both model versions rank high inside Qeshm/Hengam context zone"
      }
    },
    {
      "type": "Feature",
      "geometry": {
        "type": "Point",
        "coordinates": [
          56.703834128392714,
          27.085637219820804
        ]
      },
      "properties": {
        "tile": "D:\\SIHwork_2026\\data\\new_sar_case_study\\tiles_npz_run5_balanced3500\\S1C_20260808T141633_preprocessed_r6144_c12288_uncertain.npz",
        "tile_name": "S1C_20260808T141633_preprocessed_r6144_c12288_uncertain.npz",
        "scene": "S1C_IW_GRDH_1SDV_20260808T141614_20260808T141633_008905_011A9E_BE01_preprocessed_extracted_xmx4",
        "acquisition_date": "2026-08-08",
        "acquisition_time": "14:16:14",
        "left": 468078.061760937,
        "bottom": 2993394.963305102,
        "right": 473198.061760937,
        "top": 2998514.963305102,
        "center_x": 470638.061760937,
        "center_y": 2995954.963305102,
        "crs": "EPSG:32640",
        "label": "uncertain",
        "old_cnn_score": 0.8808407783508301,
        "old_unet_mean_probability": 0.17831352353096008,
        "old_unet_max_probability": 0.38526448607444763,
        "old_unet_p95": 0.25232648849487305,
        "old_candidate_pixel_count": 16593,
        "old_candidate_fraction": 0.2531890869140625,
        "old_fusion_score": 2.1596499399411857,
        "old_rank": 10,
        "new_cnn_score": 0.6959681510925293,
        "new_unet_mean_probability": 0.15791289508342743,
        "new_unet_max_probability": 0.3428005576133728,
        "new_unet_p95": 0.20076848566532135,
        "new_candidate_pixel_count": 3376,
        "new_candidate_fraction": 0.051513671875,
        "new_fusion_score": 1.1352579257310933,
        "new_rank": 17,
        "score_delta": -1.0243920142100924,
        "rank_delta": -7,
        "unet_p95_delta": -0.0515580028295517,
        "candidate_pixel_delta": -13217,
        "abs_candidate_pixel_delta": 13217,
        "external_context_zone": "qeshm_hengam_context_priority",
        "category": "both_high;strong_unet_mask_change;qeshm_hengam_context_priority",
        "review_recommendation": "highest manual review priority: both model versions rank high inside Qeshm/Hengam context zone"
      }
    },
    {
      "type": "Feature",
      "geometry": {
        "type": "Point",
        "coordinates": [
          56.11924514620165,
          27.02735282165892
        ]
      },
      "properties": {
        "tile": "D:\\SIHwork_2026\\data\\new_sar_case_study\\tiles_npz_run5_balanced3500\\S1D_20260810T021454_preprocessed_r4096_c20480_uncertain.npz",
        "tile_name": "S1D_20260810T021454_preprocessed_r4096_c20480_uncertain.npz",
        "scene": "S1D_IW_GRDH_1SDV_20260810T021429_20260810T021454_004057_00763F_AFC5_preprocessed_extracted_xmx4",
        "acquisition_date": "2026-08-10",
        "acquisition_time": "02:14:29",
        "left": 410074.85972424183,
        "bottom": 2987209.977188905,
        "right": 415194.85972424183,
        "top": 2992329.977188905,
        "center_x": 412634.85972424183,
        "center_y": 2989769.977188905,
        "crs": "EPSG:32640",
        "label": "uncertain",
        "old_cnn_score": 0.8858631253242493,
        "old_unet_mean_probability": 0.17141887545585632,
        "old_unet_max_probability": 0.39129024744033813,
        "old_unet_p95": 0.23823434114456177,
        "old_candidate_pixel_count": 11865,
        "old_candidate_fraction": 0.1810455322265625,
        "old_fusion_score": 1.9798858167949278,
        "old_rank": 24,
        "new_cnn_score": 0.7140187621116638,
        "new_unet_mean_probability": 0.15821072459220886,
        "new_unet_max_probability": 0.3471962809562683,
        "new_unet_p95": 0.19810888171195984,
        "new_candidate_pixel_count": 3047,
        "new_candidate_fraction": 0.0464935302734375,
        "new_fusion_score": 1.1347737224685208,
        "new_rank": 18,
        "score_delta": -0.845112094326407,
        "rank_delta": 6,
        "unet_p95_delta": -0.04012545943260193,
        "candidate_pixel_delta": -8818,
        "abs_candidate_pixel_delta": 8818,
        "external_context_zone": "qeshm_hengam_context_priority",
        "category": "both_high;strong_unet_mask_change;qeshm_hengam_context_priority",
        "review_recommendation": "highest manual review priority: both model versions rank high inside Qeshm/Hengam context zone"
      }
    },
    {
      "type": "Feature",
      "geometry": {
        "type": "Point",
        "coordinates": [
          56.393731279254716,
          27.130866092905308
        ]
      },
      "properties": {
        "tile": "D:\\SIHwork_2026\\data\\new_sar_case_study\\tiles_npz_run5_balanced3500\\S1C_20260808T141633_preprocessed_r5632_c9216_uncertain.npz",
        "tile_name": "S1C_20260808T141633_preprocessed_r5632_c9216_uncertain.npz",
        "scene": "S1C_IW_GRDH_1SDV_20260808T141614_20260808T141633_008905_011A9E_BE01_preprocessed_extracted_xmx4",
        "acquisition_date": "2026-08-08",
        "acquisition_time": "14:16:14",
        "left": 437358.061760937,
        "bottom": 2998514.963305102,
        "right": 442478.061760937,
        "top": 3003634.963305102,
        "center_x": 439918.061760937,
        "center_y": 3001074.963305102,
        "crs": "EPSG:32640",
        "label": "uncertain",
        "old_cnn_score": 0.9759423732757568,
        "old_unet_mean_probability": 0.16165316104888916,
        "old_unet_max_probability": 0.3541499376296997,
        "old_unet_p95": 0.19754865765571594,
        "old_candidate_pixel_count": 3003,
        "old_candidate_fraction": 0.0458221435546875,
        "old_fusion_score": 1.5438533788182482,
        "old_rank": 80,
        "new_cnn_score": 0.9403039813041687,
        "new_unet_mean_probability": 0.1566818654537201,
        "new_unet_max_probability": 0.32497134804725647,
        "new_unet_p95": 0.1786501407623291,
        "new_candidate_pixel_count": 732,
        "new_candidate_fraction": 0.01116943359375,
        "new_fusion_score": 1.1082244143673088,
        "new_rank": 20,
        "score_delta": -0.43562896445093946,
        "rank_delta": 60,
        "unet_p95_delta": -0.01889851689338684,
        "candidate_pixel_delta": -2271,
        "abs_candidate_pixel_delta": 2271,
        "external_context_zone": "qeshm_hengam_context_priority",
        "category": "both_high;qeshm_hengam_context_priority",
        "review_recommendation": "highest manual review priority: both model versions rank high inside Qeshm/Hengam context zone"
      }
    },
    {
      "type": "Feature",
      "geometry": {
        "type": "Point",
        "coordinates": [
          56.652617484511396,
          26.946842594045656
        ]
      },
      "properties": {
        "tile": "D:\\SIHwork_2026\\data\\new_sar_case_study\\tiles_npz_run5_balanced3500\\S1C_20260808T141633_preprocessed_r7680_c11776_uncertain.npz",
        "tile_name": "S1C_20260808T141633_preprocessed_r7680_c11776_uncertain.npz",
        "scene": "S1C_IW_GRDH_1SDV_20260808T141614_20260808T141633_008905_011A9E_BE01_preprocessed_extracted_xmx4",
        "acquisition_date": "2026-08-08",
        "acquisition_time": "14:16:14",
        "left": 462958.061760937,
        "bottom": 2978034.963305102,
        "right": 468078.061760937,
        "top": 2983154.963305102,
        "center_x": 465518.061760937,
        "center_y": 2980594.963305102,
        "crs": "EPSG:32640",
        "label": "uncertain",
        "old_cnn_score": 0.8711068034172058,
        "old_unet_mean_probability": 0.17879518866539001,
        "old_unet_max_probability": 0.37718987464904785,
        "old_unet_p95": 0.24852463603019714,
        "old_candidate_pixel_count": 16985,
        "old_candidate_fraction": 0.2591705322265625,
        "old_fusion_score": 2.1086585603829673,
        "old_rank": 13,
        "new_cnn_score": 0.6935096383094788,
        "new_unet_mean_probability": 0.15789708495140076,
        "new_unet_max_probability": 0.3461240828037262,
        "new_unet_p95": 0.19844399392604828,
        "new_candidate_pixel_count": 3047,
        "new_candidate_fraction": 0.0464935302734375,
        "new_fusion_score": 1.1040434373635803,
        "new_rank": 21,
        "score_delta": -1.004615123019387,
        "rank_delta": -8,
        "unet_p95_delta": -0.050080642104148865,
        "candidate_pixel_delta": -13938,
        "abs_candidate_pixel_delta": 13938,
        "external_context_zone": "qeshm_hengam_context_priority",
        "category": "both_high;strong_unet_mask_change;qeshm_hengam_context_priority",
        "review_recommendation": "highest manual review priority: both model versions rank high inside Qeshm/Hengam context zone"
      }
    },
    {
      "type": "Feature",
      "geometry": {
        "type": "Point",
        "coordinates": [
          56.325697018316916,
          27.028493048934234
        ]
      },
      "properties": {
        "tile": "D:\\SIHwork_2026\\data\\new_sar_case_study\\tiles_npz_run5_balanced3500\\S1D_20260810T021454_preprocessed_r4096_c22528_uncertain.npz",
        "tile_name": "S1D_20260810T021454_preprocessed_r4096_c22528_uncertain.npz",
        "scene": "S1D_IW_GRDH_1SDV_20260810T021429_20260810T021454_004057_00763F_AFC5_preprocessed_extracted_xmx4",
        "acquisition_date": "2026-08-10",
        "acquisition_time": "02:14:29",
        "left": 430554.85972424183,
        "bottom": 2987209.977188905,
        "right": 435674.85972424183,
        "top": 2992329.977188905,
        "center_x": 433114.85972424183,
        "center_y": 2989769.977188905,
        "crs": "EPSG:32640",
        "label": "uncertain",
        "old_cnn_score": 0.9275863766670227,
        "old_unet_mean_probability": 0.16664719581604004,
        "old_unet_max_probability": 0.3584911823272705,
        "old_unet_p95": 0.22321739792823792,
        "old_candidate_pixel_count": 7861,
        "old_candidate_fraction": 0.1199493408203125,
        "old_fusion_score": 1.8572269781164963,
        "old_rank": 38,
        "new_cnn_score": 0.799964427947998,
        "new_unet_mean_probability": 0.1566385179758072,
        "new_unet_max_probability": 0.35117876529693604,
        "new_unet_p95": 0.18578572571277618,
        "new_candidate_pixel_count": 1647,
        "new_candidate_fraction": 0.0251312255859375,
        "new_fusion_score": 1.100890163810321,
        "new_rank": 22,
        "score_delta": -0.7563368143061753,
        "rank_delta": 16,
        "unet_p95_delta": -0.03743167221546173,
        "candidate_pixel_delta": -6214,
        "abs_candidate_pixel_delta": 6214,
        "external_context_zone": "qeshm_hengam_context_priority",
        "category": "both_high;qeshm_hengam_context_priority",
        "review_recommendation": "highest manual review priority: both model versions rank high inside Qeshm/Hengam context zone"
      }
    },
    {
      "type": "Feature",
      "geometry": {
        "type": "Point",
        "coordinates": [
          56.54964217503699,
          26.900325387494867
        ]
      },
      "properties": {
        "tile": "D:\\SIHwork_2026\\data\\new_sar_case_study\\tiles_npz_run5_balanced3500\\S1C_20260808T141633_preprocessed_r8192_c10752_uncertain.npz",
        "tile_name": "S1C_20260808T141633_preprocessed_r8192_c10752_uncertain.npz",
        "scene": "S1C_IW_GRDH_1SDV_20260808T141614_20260808T141633_008905_011A9E_BE01_preprocessed_extracted_xmx4",
        "acquisition_date": "2026-08-08",
        "acquisition_time": "14:16:14",
        "left": 452718.061760937,
        "bottom": 2972914.963305102,
        "right": 457838.061760937,
        "top": 2978034.963305102,
        "center_x": 455278.061760937,
        "center_y": 2975474.963305102,
        "crs": "EPSG:32640",
        "label": "uncertain",
        "old_cnn_score": 0.9100881218910217,
        "old_unet_mean_probability": 0.1721542775630951,
        "old_unet_max_probability": 0.3777118921279907,
        "old_unet_p95": 0.23729929327964783,
        "old_candidate_pixel_count": 11885,
        "old_candidate_fraction": 0.1813507080078125,
        "old_fusion_score": 2.0264085081830525,
        "old_rank": 19,
        "new_cnn_score": 0.7432045936584473,
        "new_unet_mean_probability": 0.15686017274856567,
        "new_unet_max_probability": 0.3428005576133728,
        "new_unet_p95": 0.19185468554496765,
        "new_candidate_pixel_count": 2242,
        "new_candidate_fraction": 0.034210205078125,
        "new_fusion_score": 1.1001421014460981,
        "new_rank": 23,
        "score_delta": -0.9262664067369544,
        "rank_delta": -4,
        "unet_p95_delta": -0.045444607734680176,
        "candidate_pixel_delta": -9643,
        "abs_candidate_pixel_delta": 9643,
        "external_context_zone": "qeshm_hengam_context_priority",
        "category": "both_high;strong_unet_mask_change;qeshm_hengam_context_priority",
        "review_recommendation": "highest manual review priority: both model versions rank high inside Qeshm/Hengam context zone"
      }
    },
    {
      "type": "Feature",
      "geometry": {
        "type": "Point",
        "coordinates": [
          56.54890520547289,
          27.08522546554839
        ]
      },
      "properties": {
        "tile": "D:\\SIHwork_2026\\data\\new_sar_case_study\\tiles_npz_run5_balanced3500\\S1C_20260808T141633_preprocessed_r6144_c10752_uncertain.npz",
        "tile_name": "S1C_20260808T141633_preprocessed_r6144_c10752_uncertain.npz",
        "scene": "S1C_IW_GRDH_1SDV_20260808T141614_20260808T141633_008905_011A9E_BE01_preprocessed_extracted_xmx4",
        "acquisition_date": "2026-08-08",
        "acquisition_time": "14:16:14",
        "left": 452718.061760937,
        "bottom": 2993394.963305102,
        "right": 457838.061760937,
        "top": 2998514.963305102,
        "center_x": 455278.061760937,
        "center_y": 2995954.963305102,
        "crs": "EPSG:32640",
        "label": "uncertain",
        "old_cnn_score": 0.950193464756012,
        "old_unet_mean_probability": 0.16965588927268982,
        "old_unet_max_probability": 0.3809944987297058,
        "old_unet_p95": 0.2365468442440033,
        "old_candidate_pixel_count": 9372,
        "old_candidate_fraction": 0.14300537109375,
        "old_fusion_score": 2.055610626260586,
        "old_rank": 17,
        "new_cnn_score": 0.874587893486023,
        "new_unet_mean_probability": 0.15511980652809143,
        "new_unet_max_probability": 0.34264758229255676,
        "new_unet_p95": 0.1790415197610855,
        "new_candidate_pixel_count": 1102,
        "new_candidate_fraction": 0.016815185546875,
        "new_fusion_score": 1.097019307617108,
        "new_rank": 24,
        "score_delta": -0.9585913186434782,
        "rank_delta": -7,
        "unet_p95_delta": -0.057505324482917786,
        "candidate_pixel_delta": -8270,
        "abs_candidate_pixel_delta": 8270,
        "external_context_zone": "qeshm_hengam_context_priority",
        "category": "both_high;strong_unet_mask_change;qeshm_hengam_context_priority",
        "review_recommendation": "highest manual review priority: both model versions rank high inside Qeshm/Hengam context zone"
      }
    },
    {
      "type": "Feature",
      "geometry": {
        "type": "Point",
        "coordinates": [
          56.446301473966884,
          26.94618370734415
        ]
      },
      "properties": {
        "tile": "D:\\SIHwork_2026\\data\\new_sar_case_study\\tiles_npz_run5_balanced3500\\S1C_20260808T141633_preprocessed_r7680_c9728_uncertain.npz",
        "tile_name": "S1C_20260808T141633_preprocessed_r7680_c9728_uncertain.npz",
        "scene": "S1C_IW_GRDH_1SDV_20260808T141614_20260808T141633_008905_011A9E_BE01_preprocessed_extracted_xmx4",
        "acquisition_date": "2026-08-08",
        "acquisition_time": "14:16:14",
        "left": 442478.061760937,
        "bottom": 2978034.963305102,
        "right": 447598.061760937,
        "top": 2983154.963305102,
        "center_x": 445038.061760937,
        "center_y": 2980594.963305102,
        "crs": "EPSG:32640",
        "label": "uncertain",
        "old_cnn_score": 0.8833975791931152,
        "old_unet_mean_probability": 0.1704459935426712,
        "old_unet_max_probability": 0.3724217712879181,
        "old_unet_p95": 0.23830600082874298,
        "old_candidate_pixel_count": 10559,
        "old_candidate_fraction": 0.1611175537109375,
        "old_fusion_score": 1.9504219264325828,
        "old_rank": 27,
        "new_cnn_score": 0.734154224395752,
        "new_unet_mean_probability": 0.15743783116340637,
        "new_unet_max_probability": 0.34951162338256836,
        "new_unet_p95": 0.19164466857910156,
        "new_candidate_pixel_count": 2390,
        "new_candidate_fraction": 0.036468505859375,
        "new_fusion_score": 1.0945456647551728,
        "new_rank": 25,
        "score_delta": -0.85587626167741,
        "rank_delta": 2,
        "unet_p95_delta": -0.04666133224964142,
        "candidate_pixel_delta": -8169,
        "abs_candidate_pixel_delta": 8169,
        "external_context_zone": "qeshm_hengam_context_priority",
        "category": "both_high;strong_unet_mask_change;qeshm_hengam_context_priority",
        "review_recommendation": "highest manual review priority: both model versions rank high inside Qeshm/Hengam context zone"
      }
    },
    {
      "type": "Feature",
      "geometry": {
        "type": "Point",
        "coordinates": [
          56.14888123403439,
          27.089705608681243
        ]
      },
      "properties": {
        "tile": "D:\\SIHwork_2026\\data\\new_sar_case_study\\tiles_npz_run5_balanced3500\\S1C_IW_GRDH_1SDV_20260804T021408_20260804T021438_r7680_c19968_uncertain.npz",
        "tile_name": "S1C_IW_GRDH_1SDV_20260804T021408_20260804T021438_r7680_c19968_uncertain.npz",
        "scene": "S1C_IW_GRDH_1SDV_20260804T021408_20260804T021438_008839_01188E_BC5E",
        "acquisition_date": "2026-08-04",
        "acquisition_time": "02:14:08",
        "left": 413061.37147003977,
        "bottom": 2994096.4374795803,
        "right": 418181.37147003977,
        "top": 2999216.4374795803,
        "center_x": 415621.37147003977,
        "center_y": 2996656.4374795803,
        "crs": "EPSG:32640",
        "label": "uncertain",
        "old_cnn_score": 0.8950325846672058,
        "old_unet_mean_probability": 0.16565753519535065,
        "old_unet_max_probability": 0.375244140625,
        "old_unet_p95": 0.2195298820734024,
        "old_candidate_pixel_count": 6895,
        "old_candidate_fraction": 0.1052093505859375,
        "old_fusion_score": 1.736683697584153,
        "old_rank": 52,
        "new_cnn_score": 0.7129448652267456,
        "new_unet_mean_probability": 0.1589856892824173,
        "new_unet_max_probability": 0.3469993472099304,
        "new_unet_p95": 0.1944209635257721,
        "new_candidate_pixel_count": 2610,
        "new_candidate_fraction": 0.039825439453125,
        "new_fusion_score": 1.0905238224340983,
        "new_rank": 27,
        "score_delta": -0.6461598751500548,
        "rank_delta": 25,
        "unet_p95_delta": -0.02510891854763031,
        "candidate_pixel_delta": -4285,
        "abs_candidate_pixel_delta": 4285,
        "external_context_zone": "qeshm_hengam_context_priority",
        "category": "both_high;qeshm_hengam_context_priority",
        "review_recommendation": "highest manual review priority: both model versions rank high inside Qeshm/Hengam context zone"
      }
    },
    {
      "type": "Feature",
      "geometry": {
        "type": "Point",
        "coordinates": [
          56.37756639068963,
          26.982507175847015
        ]
      },
      "properties": {
        "tile": "D:\\SIHwork_2026\\data\\new_sar_case_study\\tiles_npz_run5_balanced3500\\S1D_20260810T021454_preprocessed_r4608_c23040_uncertain.npz",
        "tile_name": "S1D_20260810T021454_preprocessed_r4608_c23040_uncertain.npz",
        "scene": "S1D_IW_GRDH_1SDV_20260810T021429_20260810T021454_004057_00763F_AFC5_preprocessed_extracted_xmx4",
        "acquisition_date": "2026-08-10",
        "acquisition_time": "02:14:29",
        "left": 435674.85972424183,
        "bottom": 2982089.977188905,
        "right": 440794.85972424183,
        "top": 2987209.977188905,
        "center_x": 438234.85972424183,
        "center_y": 2984649.977188905,
        "crs": "EPSG:32640",
        "label": "uncertain",
        "old_cnn_score": 0.9218679070472717,
        "old_unet_mean_probability": 0.1656075417995453,
        "old_unet_max_probability": 0.36784064769744873,
        "old_unet_p95": 0.22413280606269836,
        "old_candidate_pixel_count": 8124,
        "old_candidate_fraction": 0.12396240234375,
        "old_fusion_score": 1.8601456518091803,
        "old_rank": 37,
        "new_cnn_score": 0.7977136373519897,
        "new_unet_mean_probability": 0.1546226143836975,
        "new_unet_max_probability": 0.35048967599868774,
        "new_unet_p95": 0.18782870471477509,
        "new_candidate_pixel_count": 1439,
        "new_candidate_fraction": 0.0219573974609375,
        "new_fusion_score": 1.0896490444532614,
        "new_rank": 28,
        "score_delta": -0.770496607355919,
        "rank_delta": 9,
        "unet_p95_delta": -0.03630410134792328,
        "candidate_pixel_delta": -6685,
        "abs_candidate_pixel_delta": 6685,
        "external_context_zone": "qeshm_hengam_context_priority",
        "category": "both_high;qeshm_hengam_context_priority",
        "review_recommendation": "highest manual review priority: both model versions rank high inside Qeshm/Hengam context zone"
      }
    },
    {
      "type": "Feature",
      "geometry": {
        "type": "Point",
        "coordinates": [
          56.30380574738594,
          27.090558322997776
        ]
      },
      "properties": {
        "tile": "D:\\SIHwork_2026\\data\\new_sar_case_study\\tiles_npz_run5_balanced3500\\S1C_IW_GRDH_1SDV_20260804T021408_20260804T021438_r7680_c21504_uncertain.npz",
        "tile_name": "S1C_IW_GRDH_1SDV_20260804T021408_20260804T021438_r7680_c21504_uncertain.npz",
        "scene": "S1C_IW_GRDH_1SDV_20260804T021408_20260804T021438_008839_01188E_BC5E",
        "acquisition_date": "2026-08-04",
        "acquisition_time": "02:14:08",
        "left": 428421.37147003977,
        "bottom": 2994096.4374795803,
        "right": 433541.37147003977,
        "top": 2999216.4374795803,
        "center_x": 430981.37147003977,
        "center_y": 2996656.4374795803,
        "crs": "EPSG:32640",
        "label": "uncertain",
        "old_cnn_score": 0.950334906578064,
        "old_unet_mean_probability": 0.1589200496673584,
        "old_unet_max_probability": 0.3374854028224945,
        "old_unet_p95": 0.20268136262893677,
        "old_candidate_pixel_count": 3706,
        "old_candidate_fraction": 0.056549072265625,
        "old_fusion_score": 1.5829073000413327,
        "old_rank": 76,
        "new_cnn_score": 0.8697139024734497,
        "new_unet_mean_probability": 0.1537342667579651,
        "new_unet_max_probability": 0.34247419238090515,
        "new_unet_p95": 0.18238162994384766,
        "new_candidate_pixel_count": 836,
        "new_candidate_fraction": 0.01275634765625,
        "new_fusion_score": 1.067483611353029,
        "new_rank": 32,
        "score_delta": -0.5154236886883037,
        "rank_delta": 44,
        "unet_p95_delta": -0.02029973268508911,
        "candidate_pixel_delta": -2870,
        "abs_candidate_pixel_delta": 2870,
        "external_context_zone": "qeshm_hengam_context_priority",
        "category": "both_high;qeshm_hengam_context_priority",
        "review_recommendation": "highest manual review priority: both model versions rank high inside Qeshm/Hengam context zone"
      }
    },
    {
      "type": "Feature",
      "geometry": {
        "type": "Point",
        "coordinates": [
          56.81482797335499,
          26.77897234664682
        ]
      },
      "properties": {
        "tile": "D:\\SIHwork_2026\\data\\new_sar_case_study\\tiles_npz_run5_balanced3500\\S1D_20260805T020639_preprocessed_r7168_c6656_uncertain.npz",
        "tile_name": "S1D_20260805T020639_preprocessed_r7168_c6656_uncertain.npz",
        "scene": "S1D_IW_GRDH_1SDV_20260805T020614_20260805T020639_003984_0073C1_55A6_preprocessed_after_c_cleanup_xmx4",
        "acquisition_date": "2026-08-05",
        "acquisition_time": "02:06:14",
        "left": 479032.3208254428,
        "bottom": 2959408.1820285493,
        "right": 484152.3208254428,
        "top": 2964528.1820285493,
        "center_x": 481592.3208254428,
        "center_y": 2961968.1820285493,
        "crs": "EPSG:32640",
        "label": "uncertain",
        "old_cnn_score": 0.9351529479026794,
        "old_unet_mean_probability": 0.16266372799873352,
        "old_unet_max_probability": 0.35350462794303894,
        "old_unet_p95": 0.20155967772006989,
        "old_candidate_pixel_count": 3468,
        "old_candidate_fraction": 0.05291748046875,
        "old_fusion_score": 1.5364920462269376,
        "old_rank": 83,
        "new_cnn_score": 0.8557940721511841,
        "new_unet_mean_probability": 0.15934550762176514,
        "new_unet_max_probability": 0.326717734336853,
        "new_unet_p95": 0.18157076835632324,
        "new_candidate_pixel_count": 924,
        "new_candidate_fraction": 0.01409912109375,
        "new_fusion_score": 1.061262438269167,
        "new_rank": 35,
        "score_delta": -0.4752296079577705,
        "rank_delta": 48,
        "unet_p95_delta": -0.019988909363746643,
        "candidate_pixel_delta": -2544,
        "abs_candidate_pixel_delta": 2544,
        "external_context_zone": "qeshm_hengam_context_priority",
        "category": "both_high;qeshm_hengam_context_priority",
        "review_recommendation": "highest manual review priority: both model versions rank high inside Qeshm/Hengam context zone"
      }
    },
    {
      "type": "Feature",
      "geometry": {
        "type": "Point",
        "coordinates": [
          56.86644048606399,
          26.68657423791523
        ]
      },
      "properties": {
        "tile": "D:\\SIHwork_2026\\data\\new_sar_case_study\\tiles_npz_run5_balanced3500\\S1D_20260805T020639_preprocessed_r8192_c7168_uncertain.npz",
        "tile_name": "S1D_20260805T020639_preprocessed_r8192_c7168_uncertain.npz",
        "scene": "S1D_IW_GRDH_1SDV_20260805T020614_20260805T020639_003984_0073C1_55A6_preprocessed_after_c_cleanup_xmx4",
        "acquisition_date": "2026-08-05",
        "acquisition_time": "02:06:14",
        "left": 484152.3208254428,
        "bottom": 2949168.1820285493,
        "right": 489272.3208254428,
        "top": 2954288.1820285493,
        "center_x": 486712.3208254428,
        "center_y": 2951728.1820285493,
        "crs": "EPSG:32640",
        "label": "uncertain",
        "old_cnn_score": 0.9383050799369812,
        "old_unet_mean_probability": 0.16495226323604584,
        "old_unet_max_probability": 0.3775329291820526,
        "old_unet_p95": 0.20063842833042145,
        "old_candidate_pixel_count": 3387,
        "old_candidate_fraction": 0.0516815185546875,
        "old_fusion_score": 1.5301768086996228,
        "old_rank": 86,
        "new_cnn_score": 0.8682775497436523,
        "new_unet_mean_probability": 0.16212502121925354,
        "new_unet_max_probability": 0.32324954867362976,
        "new_unet_p95": 0.18152998387813568,
        "new_candidate_pixel_count": 824,
        "new_candidate_fraction": 0.0125732421875,
        "new_fusion_score": 1.0584680492534109,
        "new_rank": 36,
        "score_delta": -0.47170875944621193,
        "rank_delta": 50,
        "unet_p95_delta": -0.019108444452285767,
        "candidate_pixel_delta": -2563,
        "abs_candidate_pixel_delta": 2563,
        "external_context_zone": "qeshm_hengam_context_priority",
        "category": "both_high;qeshm_hengam_context_priority",
        "review_recommendation": "highest manual review priority: both model versions rank high inside Qeshm/Hengam context zone"
      }
    },
    {
      "type": "Feature",
      "geometry": {
        "type": "Point",
        "coordinates": [
          56.18874971100896,
          26.898713601673567
        ]
      },
      "properties": {
        "tile": "D:\\SIHwork_2026\\data\\new_sar_case_study\\tiles_npz_run5_balanced3500\\S1C_20260808T141633_preprocessed_r8192_c7168_uncertain.npz",
        "tile_name": "S1C_20260808T141633_preprocessed_r8192_c7168_uncertain.npz",
        "scene": "S1C_IW_GRDH_1SDV_20260808T141614_20260808T141633_008905_011A9E_BE01_preprocessed_extracted_xmx4",
        "acquisition_date": "2026-08-08",
        "acquisition_time": "14:16:14",
        "left": 416878.061760937,
        "bottom": 2972914.963305102,
        "right": 421998.061760937,
        "top": 2978034.963305102,
        "center_x": 419438.061760937,
        "center_y": 2975474.963305102,
        "crs": "EPSG:32640",
        "label": "uncertain",
        "old_cnn_score": 0.5796864628791809,
        "old_unet_mean_probability": 0.17937345802783966,
        "old_unet_max_probability": 0.3913877308368683,
        "old_unet_p95": 0.2578122913837433,
        "old_candidate_pixel_count": 12695,
        "old_candidate_fraction": 0.1937103271484375,
        "old_fusion_score": 1.4121621561906517,
        "old_rank": 116,
        "new_cnn_score": 0.5510476231575012,
        "new_unet_mean_probability": 0.167046457529068,
        "new_unet_max_probability": 0.34340402483940125,
        "new_unet_p95": 0.21900297701358795,
        "new_candidate_pixel_count": 5976,
        "new_candidate_fraction": 0.0911865234375,
        "new_fusion_score": 1.0494032481290334,
        "new_rank": 37,
        "score_delta": -0.36275890806161826,
        "rank_delta": 79,
        "unet_p95_delta": -0.038809314370155334,
        "candidate_pixel_delta": -6719,
        "abs_candidate_pixel_delta": 6719,
        "external_context_zone": "qeshm_hengam_context_priority",
        "category": "both_high;qeshm_hengam_context_priority",
        "review_recommendation": "highest manual review priority: both model versions rank high inside Qeshm/Hengam context zone"
      }
    },
    {
      "type": "Feature",
      "geometry": {
        "type": "Point",
        "coordinates": [
          55.82597857197268,
          27.081047008583877
        ]
      },
      "properties": {
        "tile": "D:\\SIHwork_2026\\data\\new_sar_case_study\\tiles_npz_run5_balanced3500\\S1C_20260808T141633_preprocessed_r6144_c3584_uncertain.npz",
        "tile_name": "S1C_20260808T141633_preprocessed_r6144_c3584_uncertain.npz",
        "scene": "S1C_IW_GRDH_1SDV_20260808T141614_20260808T141633_008905_011A9E_BE01_preprocessed_extracted_xmx4",
        "acquisition_date": "2026-08-08",
        "acquisition_time": "14:16:14",
        "left": 381038.061760937,
        "bottom": 2993394.963305102,
        "right": 386158.061760937,
        "top": 2998514.963305102,
        "center_x": 383598.061760937,
        "center_y": 2995954.963305102,
        "crs": "EPSG:32640",
        "label": "uncertain",
        "old_cnn_score": 0.8204025030136108,
        "old_unet_mean_probability": 0.16671636700630188,
        "old_unet_max_probability": 0.41399040818214417,
        "old_unet_p95": 0.19895444810390472,
        "old_candidate_pixel_count": 3147,
        "old_candidate_fraction": 0.0480194091796875,
        "old_fusion_score": 1.3146811467043702,
        "old_rank": 144,
        "new_cnn_score": 0.7776657938957214,
        "new_unet_mean_probability": 0.1666986346244812,
        "new_unet_max_probability": 0.35802242159843445,
        "new_unet_p95": 0.19185644388198853,
        "new_candidate_pixel_count": 1068,
        "new_candidate_fraction": 0.01629638671875,
        "new_fusion_score": 1.0405936047988165,
        "new_rank": 41,
        "score_delta": -0.27408754190555373,
        "rank_delta": 103,
        "unet_p95_delta": -0.007098004221916199,
        "candidate_pixel_delta": -2079,
        "abs_candidate_pixel_delta": 2079,
        "external_context_zone": "qeshm_hengam_context_priority",
        "category": "both_high;qeshm_hengam_context_priority",
        "review_recommendation": "highest manual review priority: both model versions rank high inside Qeshm/Hengam context zone"
      }
    },
    {
      "type": "Feature",
      "geometry": {
        "type": "Point",
        "coordinates": [
          56.429857848510466,
          26.844051553234795
        ]
      },
      "properties": {
        "tile": "D:\\SIHwork_2026\\data\\new_sar_case_study\\tiles_npz_run5_balanced3500\\S1D_20260810T021454_preprocessed_r6144_c23552_uncertain.npz",
        "tile_name": "S1D_20260810T021454_preprocessed_r6144_c23552_uncertain.npz",
        "scene": "S1D_IW_GRDH_1SDV_20260810T021429_20260810T021454_004057_00763F_AFC5_preprocessed_extracted_xmx4",
        "acquisition_date": "2026-08-10",
        "acquisition_time": "02:14:29",
        "left": 440794.85972424183,
        "bottom": 2966729.977188905,
        "right": 445914.85972424183,
        "top": 2971849.977188905,
        "center_x": 443354.85972424183,
        "center_y": 2969289.977188905,
        "crs": "EPSG:32640",
        "label": "uncertain",
        "old_cnn_score": 0.823527455329895,
        "old_unet_mean_probability": 0.16805002093315125,
        "old_unet_max_probability": 0.38657015562057495,
        "old_unet_p95": 0.20529533922672272,
        "old_candidate_pixel_count": 3616,
        "old_candidate_fraction": 0.05517578125,
        "old_fusion_score": 1.385228257413143,
        "old_rank": 124,
        "new_cnn_score": 0.775669276714325,
        "new_unet_mean_probability": 0.16244098544120789,
        "new_unet_max_probability": 0.3406699299812317,
        "new_unet_p95": 0.18108728528022766,
        "new_candidate_pixel_count": 1559,
        "new_candidate_fraction": 0.0237884521484375,
        "new_fusion_score": 1.0327521367495553,
        "new_rank": 43,
        "score_delta": -0.3524761206635876,
        "rank_delta": 81,
        "unet_p95_delta": -0.024208053946495056,
        "candidate_pixel_delta": -2057,
        "abs_candidate_pixel_delta": 2057,
        "external_context_zone": "qeshm_hengam_context_priority",
        "category": "both_high;qeshm_hengam_context_priority",
        "review_recommendation": "highest manual review priority: both model versions rank high inside Qeshm/Hengam context zone"
      }
    },
    {
      "type": "Feature",
      "geometry": {
        "type": "Point",
        "coordinates": [
          56.91787033939857,
          26.732841569570727
        ]
      },
      "properties": {
        "tile": "D:\\SIHwork_2026\\data\\new_sar_case_study\\tiles_npz_run5_balanced3500\\S1D_20260805T020639_preprocessed_r7680_c7680_uncertain.npz",
        "tile_name": "S1D_20260805T020639_preprocessed_r7680_c7680_uncertain.npz",
        "scene": "S1D_IW_GRDH_1SDV_20260805T020614_20260805T020639_003984_0073C1_55A6_preprocessed_after_c_cleanup_xmx4",
        "acquisition_date": "2026-08-05",
        "acquisition_time": "02:06:14",
        "left": 489272.3208254428,
        "bottom": 2954288.1820285493,
        "right": 494392.3208254428,
        "top": 2959408.1820285493,
        "center_x": 491832.3208254428,
        "center_y": 2956848.1820285493,
        "crs": "EPSG:32640",
        "label": "uncertain",
        "old_cnn_score": 0.9626148343086243,
        "old_unet_mean_probability": 0.16424286365509033,
        "old_unet_max_probability": 0.3678782880306244,
        "old_unet_p95": 0.1800464689731598,
        "old_candidate_pixel_count": 1480,
        "old_candidate_fraction": 0.0225830078125,
        "old_fusion_score": 1.2652843798535398,
        "old_rank": 161,
        "new_cnn_score": 0.9362682700157166,
        "new_unet_mean_probability": 0.16392861306667328,
        "new_unet_max_probability": 0.36216264963150024,
        "new_unet_p95": 0.17606574296951294,
        "new_candidate_pixel_count": 495,
        "new_candidate_fraction": 0.0075531005859375,
        "new_fusion_score": 1.0231215723095695,
        "new_rank": 47,
        "score_delta": -0.24216280754397035,
        "rank_delta": 114,
        "unet_p95_delta": -0.003980726003646851,
        "candidate_pixel_delta": -985,
        "abs_candidate_pixel_delta": 985,
        "external_context_zone": "qeshm_hengam_context_priority",
        "category": "both_high;qeshm_hengam_context_priority",
        "review_recommendation": "highest manual review priority: both model versions rank high inside Qeshm/Hengam context zone"
      }
    },
    {
      "type": "Feature",
      "geometry": {
        "type": "Point",
        "coordinates": [
          56.446527081092206,
          26.899958961053297
        ]
      },
      "properties": {
        "tile": "D:\\SIHwork_2026\\data\\new_sar_case_study\\tiles_npz_run5_balanced3500\\S1C_20260808T141633_preprocessed_r8192_c9728_uncertain.npz",
        "tile_name": "S1C_20260808T141633_preprocessed_r8192_c9728_uncertain.npz",
        "scene": "S1C_IW_GRDH_1SDV_20260808T141614_20260808T141633_008905_011A9E_BE01_preprocessed_extracted_xmx4",
        "acquisition_date": "2026-08-08",
        "acquisition_time": "14:16:14",
        "left": 442478.061760937,
        "bottom": 2972914.963305102,
        "right": 447598.061760937,
        "top": 2978034.963305102,
        "center_x": 445038.061760937,
        "center_y": 2975474.963305102,
        "crs": "EPSG:32640",
        "label": "uncertain",
        "old_cnn_score": 0.8756407499313354,
        "old_unet_mean_probability": 0.17273887991905212,
        "old_unet_max_probability": 0.3716122508049011,
        "old_unet_p95": 0.23415416479110718,
        "old_candidate_pixel_count": 12385,
        "old_candidate_fraction": 0.1889801025390625,
        "old_fusion_score": 1.9323152037378424,
        "old_rank": 29,
        "new_cnn_score": 0.6976715326309204,
        "new_unet_mean_probability": 0.15688736736774445,
        "new_unet_max_probability": 0.361908882856369,
        "new_unet_p95": 0.19128523766994476,
        "new_candidate_pixel_count": 2072,
        "new_candidate_fraction": 0.0316162109375,
        "new_fusion_score": 1.019157139654858,
        "new_rank": 48,
        "score_delta": -0.9131580640829844,
        "rank_delta": -19,
        "unet_p95_delta": -0.042868927121162415,
        "candidate_pixel_delta": -10313,
        "abs_candidate_pixel_delta": 10313,
        "external_context_zone": "qeshm_hengam_context_priority",
        "category": "both_high;strong_unet_mask_change;qeshm_hengam_context_priority",
        "review_recommendation": "highest manual review priority: both model versions rank high inside Qeshm/Hengam context zone"
      }
    },
    {
      "type": "Feature",
      "geometry": {
        "type": "Point",
        "coordinates": [
          56.394228681382266,
          27.038419581106496
        ]
      },
      "properties": {
        "tile": "D:\\SIHwork_2026\\data\\new_sar_case_study\\tiles_npz_run5_balanced3500\\S1C_20260808T141633_preprocessed_r6656_c9216_uncertain.npz",
        "tile_name": "S1C_20260808T141633_preprocessed_r6656_c9216_uncertain.npz",
        "scene": "S1C_IW_GRDH_1SDV_20260808T141614_20260808T141633_008905_011A9E_BE01_preprocessed_extracted_xmx4",
        "acquisition_date": "2026-08-08",
        "acquisition_time": "14:16:14",
        "left": 437358.061760937,
        "bottom": 2988274.963305102,
        "right": 442478.061760937,
        "top": 2993394.963305102,
        "center_x": 439918.061760937,
        "center_y": 2990834.963305102,
        "crs": "EPSG:32640",
        "label": "uncertain",
        "old_cnn_score": 0.8612512946128845,
        "old_unet_mean_probability": 0.1687648594379425,
        "old_unet_max_probability": 0.390491247177124,
        "old_unet_p95": 0.2313571572303772,
        "old_candidate_pixel_count": 10192,
        "old_candidate_fraction": 0.155517578125,
        "old_fusion_score": 1.8390305922673902,
        "old_rank": 40,
        "new_cnn_score": 0.6683550477027893,
        "new_unet_mean_probability": 0.15755240619182587,
        "new_unet_max_probability": 0.35409241914749146,
        "new_unet_p95": 0.19422516226768494,
        "new_candidate_pixel_count": 2526,
        "new_candidate_fraction": 0.038543701171875,
        "new_fusion_score": 1.0170445590175206,
        "new_rank": 49,
        "score_delta": -0.8219860332498696,
        "rank_delta": -9,
        "unet_p95_delta": -0.03713199496269226,
        "candidate_pixel_delta": -7666,
        "abs_candidate_pixel_delta": 7666,
        "external_context_zone": "qeshm_hengam_context_priority",
        "category": "both_high;strong_unet_mask_change;qeshm_hengam_context_priority",
        "review_recommendation": "highest manual review priority: both model versions rank high inside Qeshm/Hengam context zone"
      }
    },
    {
      "type": "Feature",
      "geometry": {
        "type": "Point",
        "coordinates": [
          56.75597652532749,
          26.854605619733245
        ]
      },
      "properties": {
        "tile": "D:\\SIHwork_2026\\data\\new_sar_case_study\\tiles_npz_run5_balanced3500\\S1C_20260808T141633_preprocessed_r8704_c12800_uncertain.npz",
        "tile_name": "S1C_20260808T141633_preprocessed_r8704_c12800_uncertain.npz",
        "scene": "S1C_IW_GRDH_1SDV_20260808T141614_20260808T141633_008905_011A9E_BE01_preprocessed_extracted_xmx4",
        "acquisition_date": "2026-08-08",
        "acquisition_time": "14:16:14",
        "left": 473198.061760937,
        "bottom": 2967794.963305102,
        "right": 478318.061760937,
        "top": 2972914.963305102,
        "center_x": 475758.061760937,
        "center_y": 2970354.963305102,
        "crs": "EPSG:32640",
        "label": "uncertain",
        "old_cnn_score": 0.8496068716049194,
        "old_unet_mean_probability": 0.18001630902290344,
        "old_unet_max_probability": 0.3684828579425812,
        "old_unet_p95": 0.25030428171157837,
        "old_candidate_pixel_count": 17858,
        "old_candidate_fraction": 0.272491455078125,
        "old_fusion_score": 2.0819996276761557,
        "old_rank": 15,
        "new_cnn_score": 0.6509751081466675,
        "new_unet_mean_probability": 0.15750223398208618,
        "new_unet_max_probability": 0.33757641911506653,
        "new_unet_p95": 0.1968320608139038,
        "new_candidate_pixel_count": 2791,
        "new_candidate_fraction": 0.0425872802734375,
        "new_fusion_score": 1.0166712051941404,
        "new_rank": 50,
        "score_delta": -1.0653284224820152,
        "rank_delta": -35,
        "unet_p95_delta": -0.05347222089767456,
        "candidate_pixel_delta": -15067,
        "abs_candidate_pixel_delta": 15067,
        "external_context_zone": "qeshm_hengam_context_priority",
        "category": "both_high;strong_unet_mask_change;qeshm_hengam_context_priority",
        "review_recommendation": "highest manual review priority: both model versions rank high inside Qeshm/Hengam context zone"
      }
    },
    {
      "type": "Feature",
      "geometry": {
        "type": "Point",
        "coordinates": [
          56.81497760572164,
          26.68651651751874
        ]
      },
      "properties": {
        "tile": "D:\\SIHwork_2026\\data\\new_sar_case_study\\tiles_npz_run5_balanced3500\\S1D_20260805T020639_preprocessed_r8192_c6656_uncertain.npz",
        "tile_name": "S1D_20260805T020639_preprocessed_r8192_c6656_uncertain.npz",
        "scene": "S1D_IW_GRDH_1SDV_20260805T020614_20260805T020639_003984_0073C1_55A6_preprocessed_after_c_cleanup_xmx4",
        "acquisition_date": "2026-08-05",
        "acquisition_time": "02:06:14",
        "left": 479032.3208254428,
        "bottom": 2949168.1820285493,
        "right": 484152.3208254428,
        "top": 2954288.1820285493,
        "center_x": 481592.3208254428,
        "center_y": 2951728.1820285493,
        "crs": "EPSG:32640",
        "label": "uncertain",
        "old_cnn_score": 0.8567779064178467,
        "old_unet_mean_probability": 0.16881905496120453,
        "old_unet_max_probability": 0.3804706931114197,
        "old_unet_p95": 0.22902968525886536,
        "old_candidate_pixel_count": 10529,
        "old_candidate_fraction": 0.1606597900390625,
        "old_fusion_score": 1.8174565755185337,
        "old_rank": 45,
        "new_cnn_score": 0.6720705032348633,
        "new_unet_mean_probability": 0.15614531934261322,
        "new_unet_max_probability": 0.3364429175853729,
        "new_unet_p95": 0.19399505853652954,
        "new_candidate_pixel_count": 2432,
        "new_candidate_fraction": 0.037109375,
        "new_fusion_score": 1.0165444458215442,
        "new_rank": 51,
        "score_delta": -0.8009121296969894,
        "rank_delta": -6,
        "unet_p95_delta": -0.035034626722335815,
        "candidate_pixel_delta": -8097,
        "abs_candidate_pixel_delta": 8097,
        "external_context_zone": "qeshm_hengam_context_priority",
        "category": "both_high;strong_unet_mask_change;qeshm_hengam_context_priority",
        "review_recommendation": "highest manual review priority: both model versions rank high inside Qeshm/Hengam context zone"
      }
    },
    {
      "type": "Feature",
      "geometry": {
        "type": "Point",
        "coordinates": [
          56.445393608208185,
          27.131079641784964
        ]
      },
      "properties": {
        "tile": "D:\\SIHwork_2026\\data\\new_sar_case_study\\tiles_npz_run5_balanced3500\\S1C_20260808T141633_preprocessed_r5632_c9728_uncertain.npz",
        "tile_name": "S1C_20260808T141633_preprocessed_r5632_c9728_uncertain.npz",
        "scene": "S1C_IW_GRDH_1SDV_20260808T141614_20260808T141633_008905_011A9E_BE01_preprocessed_extracted_xmx4",
        "acquisition_date": "2026-08-08",
        "acquisition_time": "14:16:14",
        "left": 442478.061760937,
        "bottom": 2998514.963305102,
        "right": 447598.061760937,
        "top": 3003634.963305102,
        "center_x": 445038.061760937,
        "center_y": 3001074.963305102,
        "crs": "EPSG:32640",
        "label": "uncertain",
        "old_cnn_score": 0.9481843709945679,
        "old_unet_mean_probability": 0.16103699803352356,
        "old_unet_max_probability": 0.3486681282520294,
        "old_unet_p95": 0.2038261443376541,
        "old_candidate_pixel_count": 3747,
        "old_candidate_fraction": 0.0571746826171875,
        "old_fusion_score": 1.5903714259988624,
        "old_rank": 73,
        "new_cnn_score": 0.8707610368728638,
        "new_unet_mean_probability": 0.15562975406646729,
        "new_unet_max_probability": 0.3317771255970001,
        "new_unet_p95": 0.17842477560043335,
        "new_candidate_pixel_count": 665,
        "new_candidate_fraction": 0.0101470947265625,
        "new_fusion_score": 1.010075097042025,
        "new_rank": 54,
        "score_delta": -0.5802963289568375,
        "rank_delta": 19,
        "unet_p95_delta": -0.025401368737220764,
        "candidate_pixel_delta": -3082,
        "abs_candidate_pixel_delta": 3082,
        "external_context_zone": "qeshm_hengam_context_priority",
        "category": "both_high;qeshm_hengam_context_priority",
        "review_recommendation": "highest manual review priority: both model versions rank high inside Qeshm/Hengam context zone"
      }
    },
    {
      "type": "Feature",
      "geometry": {
        "type": "Point",
        "coordinates": [
          56.86638654446447,
          26.732802418851307
        ]
      },
      "properties": {
        "tile": "D:\\SIHwork_2026\\data\\new_sar_case_study\\tiles_npz_run5_balanced3500\\S1D_20260805T020639_preprocessed_r7680_c7168_uncertain.npz",
        "tile_name": "S1D_20260805T020639_preprocessed_r7680_c7168_uncertain.npz",
        "scene": "S1D_IW_GRDH_1SDV_20260805T020614_20260805T020639_003984_0073C1_55A6_preprocessed_after_c_cleanup_xmx4",
        "acquisition_date": "2026-08-05",
        "acquisition_time": "02:06:14",
        "left": 484152.3208254428,
        "bottom": 2954288.1820285493,
        "right": 489272.3208254428,
        "top": 2959408.1820285493,
        "center_x": 486712.3208254428,
        "center_y": 2956848.1820285493,
        "crs": "EPSG:32640",
        "label": "uncertain",
        "old_cnn_score": 0.9114856123924255,
        "old_unet_mean_probability": 0.16382287442684174,
        "old_unet_max_probability": 0.35460010170936584,
        "old_unet_p95": 0.19871363043785095,
        "old_candidate_pixel_count": 3121,
        "old_candidate_fraction": 0.0476226806640625,
        "old_fusion_score": 1.4573701491830342,
        "old_rank": 105,
        "new_cnn_score": 0.8158445358276367,
        "new_unet_mean_probability": 0.16122914850711823,
        "new_unet_max_probability": 0.3456810712814331,
        "new_unet_p95": 0.18190433084964752,
        "new_candidate_pixel_count": 899,
        "new_candidate_fraction": 0.0137176513671875,
        "new_fusion_score": 1.0095138461142579,
        "new_rank": 55,
        "score_delta": -0.44785630306877633,
        "rank_delta": 50,
        "unet_p95_delta": -0.01680929958820343,
        "candidate_pixel_delta": -2222,
        "abs_candidate_pixel_delta": 2222,
        "external_context_zone": "qeshm_hengam_context_priority",
        "category": "both_high;qeshm_hengam_context_priority",
        "review_recommendation": "highest manual review priority: both model versions rank high inside Qeshm/Hengam context zone"
      }
    },
    {
      "type": "Feature",
      "geometry": {
        "type": "Point",
        "coordinates": [
          55.7879194451728,
          27.04083654985905
        ]
      },
      "properties": {
        "tile": "D:\\SIHwork_2026\\data\\new_sar_case_study\\tiles_npz_run5_balanced3500\\S1C_IW_GRDH_1SDV_20260804T021408_20260804T021438_r8192_c16384_uncertain.npz",
        "tile_name": "S1C_IW_GRDH_1SDV_20260804T021408_20260804T021438_r8192_c16384_uncertain.npz",
        "scene": "S1C_IW_GRDH_1SDV_20260804T021408_20260804T021438_008839_01188E_BC5E",
        "acquisition_date": "2026-08-04",
        "acquisition_time": "02:14:08",
        "left": 377221.37147003977,
        "bottom": 2988976.4374795803,
        "right": 382341.37147003977,
        "top": 2994096.4374795803,
        "center_x": 379781.37147003977,
        "center_y": 2991536.4374795803,
        "crs": "EPSG:32640",
        "label": "uncertain",
        "old_cnn_score": 0.9169718623161316,
        "old_unet_mean_probability": 0.16340371966362,
        "old_unet_max_probability": 0.34318795800209045,
        "old_unet_p95": 0.18046575784683228,
        "old_candidate_pixel_count": 1227,
        "old_candidate_fraction": 0.0187225341796875,
        "old_fusion_score": 1.177097139328366,
        "old_rank": 196,
        "new_cnn_score": 0.8447448015213013,
        "new_unet_mean_probability": 0.1641901731491089,
        "new_unet_max_probability": 0.3428005576133728,
        "new_unet_p95": 0.18784582614898682,
        "new_candidate_pixel_count": 564,
        "new_candidate_fraction": 0.00860595703125,
        "new_fusion_score": 1.0055388190559515,
        "new_rank": 58,
        "score_delta": -0.17155832027241447,
        "rank_delta": 138,
        "unet_p95_delta": 0.007380068302154541,
        "candidate_pixel_delta": -663,
        "abs_candidate_pixel_delta": 663,
        "external_context_zone": "qeshm_hengam_context_priority",
        "category": "both_high;qeshm_hengam_context_priority",
        "review_recommendation": "highest manual review priority: both model versions rank high inside Qeshm/Hengam context zone"
      }
    },
    {
      "type": "Feature",
      "geometry": {
        "type": "Point",
        "coordinates": [
          56.755877249804556,
          26.90083240857888
        ]
      },
      "properties": {
        "tile": "D:\\SIHwork_2026\\data\\new_sar_case_study\\tiles_npz_run5_balanced3500\\S1C_20260808T141633_preprocessed_r8192_c12800_uncertain.npz",
        "tile_name": "S1C_20260808T141633_preprocessed_r8192_c12800_uncertain.npz",
        "scene": "S1C_IW_GRDH_1SDV_20260808T141614_20260808T141633_008905_011A9E_BE01_preprocessed_extracted_xmx4",
        "acquisition_date": "2026-08-08",
        "acquisition_time": "14:16:14",
        "left": 473198.061760937,
        "bottom": 2972914.963305102,
        "right": 478318.061760937,
        "top": 2978034.963305102,
        "center_x": 475758.061760937,
        "center_y": 2975474.963305102,
        "crs": "EPSG:32640",
        "label": "uncertain",
        "old_cnn_score": 0.8327821493148804,
        "old_unet_mean_probability": 0.18065962195396423,
        "old_unet_max_probability": 0.39570385217666626,
        "old_unet_p95": 0.2521485984325409,
        "old_candidate_pixel_count": 18521,
        "old_candidate_fraction": 0.2826080322265625,
        "old_fusion_score": 2.0634611861494827,
        "old_rank": 16,
        "new_cnn_score": 0.6040864586830139,
        "new_unet_mean_probability": 0.15850824117660522,
        "new_unet_max_probability": 0.34203699231147766,
        "new_unet_p95": 0.20194420218467712,
        "new_candidate_pixel_count": 3570,
        "new_candidate_fraction": 0.054473876953125,
        "new_fusion_score": 0.997965890678823,
        "new_rank": 60,
        "score_delta": -1.0654952954706598,
        "rank_delta": -44,
        "unet_p95_delta": -0.05020439624786377,
        "candidate_pixel_delta": -14951,
        "abs_candidate_pixel_delta": 14951,
        "external_context_zone": "qeshm_hengam_context_priority",
        "category": "both_high;strong_unet_mask_change;qeshm_hengam_context_priority",
        "review_recommendation": "highest manual review priority: both model versions rank high inside Qeshm/Hengam context zone"
      }
    },
    {
      "type": "Feature",
      "geometry": {
        "type": "Point",
        "coordinates": [
          56.91790349635293,
          26.68661331037957
        ]
      },
      "properties": {
        "tile": "D:\\SIHwork_2026\\data\\new_sar_case_study\\tiles_npz_run5_balanced3500\\S1D_20260805T020639_preprocessed_r8192_c7680_uncertain.npz",
        "tile_name": "S1D_20260805T020639_preprocessed_r8192_c7680_uncertain.npz",
        "scene": "S1D_IW_GRDH_1SDV_20260805T020614_20260805T020639_003984_0073C1_55A6_preprocessed_after_c_cleanup_xmx4",
        "acquisition_date": "2026-08-05",
        "acquisition_time": "02:06:14",
        "left": 489272.3208254428,
        "bottom": 2949168.1820285493,
        "right": 494392.3208254428,
        "top": 2954288.1820285493,
        "center_x": 491832.3208254428,
        "center_y": 2951728.1820285493,
        "crs": "EPSG:32640",
        "label": "uncertain",
        "old_cnn_score": 0.9292423725128174,
        "old_unet_mean_probability": 0.1615447700023651,
        "old_unet_max_probability": 0.386321485042572,
        "old_unet_p95": 0.19336707890033722,
        "old_candidate_pixel_count": 2582,
        "old_candidate_fraction": 0.039398193359375,
        "old_fusion_score": 1.4117314421651228,
        "old_rank": 117,
        "new_cnn_score": 0.8306224346160889,
        "new_unet_mean_probability": 0.15867936611175537,
        "new_unet_max_probability": 0.3592066168785095,
        "new_unet_p95": 0.18104349076747894,
        "new_candidate_pixel_count": 750,
        "new_candidate_fraction": 0.011444091796875,
        "new_fusion_score": 0.9957189373856592,
        "new_rank": 61,
        "score_delta": -0.4160125047794636,
        "rank_delta": 56,
        "unet_p95_delta": -0.012323588132858276,
        "candidate_pixel_delta": -1832,
        "abs_candidate_pixel_delta": 1832,
        "external_context_zone": "qeshm_hengam_context_priority",
        "category": "both_high;qeshm_hengam_context_priority",
        "review_recommendation": "highest manual review priority: both model versions rank high inside Qeshm/Hengam context zone"
      }
    },
    {
      "type": "Feature",
      "geometry": {
        "type": "Point",
        "coordinates": [
          56.04599359293113,
          27.042822755949377
        ]
      },
      "properties": {
        "tile": "D:\\SIHwork_2026\\data\\new_sar_case_study\\tiles_npz_run5_balanced3500\\S1C_IW_GRDH_1SDV_20260804T021408_20260804T021438_r8192_c18944_uncertain.npz",
        "tile_name": "S1C_IW_GRDH_1SDV_20260804T021408_20260804T021438_r8192_c18944_uncertain.npz",
        "scene": "S1C_IW_GRDH_1SDV_20260804T021408_20260804T021438_008839_01188E_BC5E",
        "acquisition_date": "2026-08-04",
        "acquisition_time": "02:14:08",
        "left": 402821.37147003977,
        "bottom": 2988976.4374795803,
        "right": 407941.37147003977,
        "top": 2994096.4374795803,
        "center_x": 405381.37147003977,
        "center_y": 2991536.4374795803,
        "crs": "EPSG:32640",
        "label": "uncertain",
        "old_cnn_score": 0.7883812189102173,
        "old_unet_mean_probability": 0.1713196337223053,
        "old_unet_max_probability": 0.3747669458389282,
        "old_unet_p95": 0.23854729533195496,
        "old_candidate_pixel_count": 12027,
        "old_candidate_fraction": 0.1835174560546875,
        "old_fusion_score": 1.7668806168999365,
        "old_rank": 48,
        "new_cnn_score": 0.5718141198158264,
        "new_unet_mean_probability": 0.16018317639827728,
        "new_unet_max_probability": 0.3476731479167938,
        "new_unet_p95": 0.20748460292816162,
        "new_candidate_pixel_count": 4383,
        "new_candidate_fraction": 0.0668792724609375,
        "new_fusion_score": 0.9949034620756371,
        "new_rank": 62,
        "score_delta": -0.7719771548242994,
        "rank_delta": -14,
        "unet_p95_delta": -0.031062692403793335,
        "candidate_pixel_delta": -7644,
        "abs_candidate_pixel_delta": 7644,
        "external_context_zone": "qeshm_hengam_context_priority",
        "category": "both_high;strong_unet_mask_change;qeshm_hengam_context_priority",
        "review_recommendation": "highest manual review priority: both model versions rank high inside Qeshm/Hengam context zone"
      }
    },
    {
      "type": "Feature",
      "geometry": {
        "type": "Point",
        "coordinates": [
          56.39447648880632,
          26.99219586637781
        ]
      },
      "properties": {
        "tile": "D:\\SIHwork_2026\\data\\new_sar_case_study\\tiles_npz_run5_balanced3500\\S1C_20260808T141633_preprocessed_r7168_c9216_uncertain.npz",
        "tile_name": "S1C_20260808T141633_preprocessed_r7168_c9216_uncertain.npz",
        "scene": "S1C_IW_GRDH_1SDV_20260808T141614_20260808T141633_008905_011A9E_BE01_preprocessed_extracted_xmx4",
        "acquisition_date": "2026-08-08",
        "acquisition_time": "14:16:14",
        "left": 437358.061760937,
        "bottom": 2983154.963305102,
        "right": 442478.061760937,
        "top": 2988274.963305102,
        "center_x": 439918.061760937,
        "center_y": 2985714.963305102,
        "crs": "EPSG:32640",
        "label": "uncertain",
        "old_cnn_score": 0.9473720192909241,
        "old_unet_mean_probability": 0.16091060638427734,
        "old_unet_max_probability": 0.33756840229034424,
        "old_unet_p95": 0.19878418743610382,
        "old_candidate_pixel_count": 3133,
        "old_candidate_fraction": 0.0478057861328125,
        "old_fusion_score": 1.516009065900433,
        "old_rank": 90,
        "new_cnn_score": 0.8722187876701355,
        "new_unet_mean_probability": 0.1566867083311081,
        "new_unet_max_probability": 0.33828890323638916,
        "new_unet_p95": 0.17879685759544373,
        "new_candidate_pixel_count": 584,
        "new_candidate_fraction": 0.0089111328125,
        "new_fusion_score": 0.9936527297650296,
        "new_rank": 63,
        "score_delta": -0.5223563361354034,
        "rank_delta": 27,
        "unet_p95_delta": -0.019987329840660095,
        "candidate_pixel_delta": -2549,
        "abs_candidate_pixel_delta": 2549,
        "external_context_zone": "qeshm_hengam_context_priority",
        "category": "both_high;qeshm_hengam_context_priority",
        "review_recommendation": "highest manual review priority: both model versions rank high inside Qeshm/Hengam context zone"
      }
    },
    {
      "type": "Feature",
      "geometry": {
        "type": "Point",
        "coordinates": [
          56.807358245078035,
          26.947138757322808
        ]
      },
      "properties": {
        "tile": "D:\\SIHwork_2026\\data\\new_sar_case_study\\tiles_npz_run5_balanced3500\\S1C_20260808T141633_preprocessed_r7680_c13312_uncertain.npz",
        "tile_name": "S1C_20260808T141633_preprocessed_r7680_c13312_uncertain.npz",
        "scene": "S1C_IW_GRDH_1SDV_20260808T141614_20260808T141633_008905_011A9E_BE01_preprocessed_extracted_xmx4",
        "acquisition_date": "2026-08-08",
        "acquisition_time": "14:16:14",
        "left": 478318.061760937,
        "bottom": 2978034.963305102,
        "right": 483438.061760937,
        "top": 2983154.963305102,
        "center_x": 480878.061760937,
        "center_y": 2980594.963305102,
        "crs": "EPSG:32640",
        "label": "uncertain",
        "old_cnn_score": 0.863801896572113,
        "old_unet_mean_probability": 0.17598985135555267,
        "old_unet_max_probability": 0.37398821115493774,
        "old_unet_p95": 0.24493148922920227,
        "old_candidate_pixel_count": 14886,
        "old_candidate_fraction": 0.227142333984375,
        "old_fusion_score": 2.0328380584796353,
        "old_rank": 18,
        "new_cnn_score": 0.6613951325416565,
        "new_unet_mean_probability": 0.15601006150245667,
        "new_unet_max_probability": 0.3445832431316376,
        "new_unet_p95": 0.19229798018932343,
        "new_candidate_pixel_count": 2330,
        "new_candidate_fraction": 0.035552978515625,
        "new_fusion_score": 0.9861987824201904,
        "new_rank": 65,
        "score_delta": -1.046639276059445,
        "rank_delta": -47,
        "unet_p95_delta": -0.052633509039878845,
        "candidate_pixel_delta": -12556,
        "abs_candidate_pixel_delta": 12556,
        "external_context_zone": "qeshm_hengam_context_priority",
        "category": "both_high;strong_unet_mask_change;qeshm_hengam_context_priority",
        "review_recommendation": "highest manual review priority: both model versions rank high inside Qeshm/Hengam context zone"
      }
    },
    {
      "type": "Feature",
      "geometry": {
        "type": "Point",
        "coordinates": [
          56.325972741361966,
          26.982269889051306
        ]
      },
      "properties": {
        "tile": "D:\\SIHwork_2026\\data\\new_sar_case_study\\tiles_npz_run5_balanced3500\\S1D_20260810T021454_preprocessed_r4608_c22528_uncertain.npz",
        "tile_name": "S1D_20260810T021454_preprocessed_r4608_c22528_uncertain.npz",
        "scene": "S1D_IW_GRDH_1SDV_20260810T021429_20260810T021454_004057_00763F_AFC5_preprocessed_extracted_xmx4",
        "acquisition_date": "2026-08-10",
        "acquisition_time": "02:14:29",
        "left": 430554.85972424183,
        "bottom": 2982089.977188905,
        "right": 435674.85972424183,
        "top": 2987209.977188905,
        "center_x": 433114.85972424183,
        "center_y": 2984649.977188905,
        "crs": "EPSG:32640",
        "label": "uncertain",
        "old_cnn_score": 0.9073012471199036,
        "old_unet_mean_probability": 0.16313238441944122,
        "old_unet_max_probability": 0.35932064056396484,
        "old_unet_p95": 0.21550992131233215,
        "old_candidate_pixel_count": 5340,
        "old_candidate_fraction": 0.08148193359375,
        "old_fusion_score": 1.6782876487737115,
        "old_rank": 55,
        "new_cnn_score": 0.7692285180091858,
        "new_unet_mean_probability": 0.1556881070137024,
        "new_unet_max_probability": 0.3335989713668823,
        "new_unet_p95": 0.18051332235336304,
        "new_candidate_pixel_count": 1209,
        "new_candidate_fraction": 0.0184478759765625,
        "new_fusion_score": 0.9856520152666001,
        "new_rank": 66,
        "score_delta": -0.6926356335071114,
        "rank_delta": -11,
        "unet_p95_delta": -0.034996598958969116,
        "candidate_pixel_delta": -4131,
        "abs_candidate_pixel_delta": 4131,
        "external_context_zone": "qeshm_hengam_context_priority",
        "category": "both_high;qeshm_hengam_context_priority",
        "review_recommendation": "highest manual review priority: both model versions rank high inside Qeshm/Hengam context zone"
      }
    },
    {
      "type": "Feature",
      "geometry": {
        "type": "Point",
        "coordinates": [
          56.4534160785396,
          26.962943069644517
        ]
      },
      "properties": {
        "tile": "D:\\SIHwork_2026\\data\\new_sar_case_study\\tiles_npz_run5_balanced3500\\S1D_20260805T020639_preprocessed_r5120_c3072_uncertain.npz",
        "tile_name": "S1D_20260805T020639_preprocessed_r5120_c3072_uncertain.npz",
        "scene": "S1D_IW_GRDH_1SDV_20260805T020614_20260805T020639_003984_0073C1_55A6_preprocessed_after_c_cleanup_xmx4",
        "acquisition_date": "2026-08-05",
        "acquisition_time": "02:06:14",
        "left": 443192.3208254428,
        "bottom": 2979888.1820285493,
        "right": 448312.3208254428,
        "top": 2985008.1820285493,
        "center_x": 445752.3208254428,
        "center_y": 2982448.1820285493,
        "crs": "EPSG:32640",
        "label": "uncertain",
        "old_cnn_score": 0.9829581379890442,
        "old_unet_mean_probability": 0.16709953546524048,
        "old_unet_max_probability": 0.3571947515010834,
        "old_unet_p95": 0.17636722326278687,
        "old_candidate_pixel_count": 689,
        "old_candidate_fraction": 0.0105133056640625,
        "old_fusion_score": 1.1332112969433437,
        "old_rank": 222,
        "new_cnn_score": 0.9626286625862122,
        "new_unet_mean_probability": 0.1704399138689041,
        "new_unet_max_probability": 0.3072417378425598,
        "new_unet_p95": 0.1841314285993576,
        "new_candidate_pixel_count": 236,
        "new_candidate_fraction": 0.00360107421875,
        "new_fusion_score": 0.9692147036101794,
        "new_rank": 73,
        "score_delta": -0.1639965933331643,
        "rank_delta": 149,
        "unet_p95_delta": 0.00776420533657074,
        "candidate_pixel_delta": -453,
        "abs_candidate_pixel_delta": 453,
        "external_context_zone": "qeshm_hengam_context_priority",
        "category": "both_high;qeshm_hengam_context_priority",
        "review_recommendation": "highest manual review priority: both model versions rank high inside Qeshm/Hengam context zone"
      }
    },
    {
      "type": "Feature",
      "geometry": {
        "type": "Point",
        "coordinates": [
          56.60120040857302,
          26.900480372577658
        ]
      },
      "properties": {
        "tile": "D:\\SIHwork_2026\\data\\new_sar_case_study\\tiles_npz_run5_balanced3500\\S1C_20260808T141633_preprocessed_r8192_c11264_uncertain.npz",
        "tile_name": "S1C_20260808T141633_preprocessed_r8192_c11264_uncertain.npz",
        "scene": "S1C_IW_GRDH_1SDV_20260808T141614_20260808T141633_008905_011A9E_BE01_preprocessed_extracted_xmx4",
        "acquisition_date": "2026-08-08",
        "acquisition_time": "14:16:14",
        "left": 457838.061760937,
        "bottom": 2972914.963305102,
        "right": 462958.061760937,
        "top": 2978034.963305102,
        "center_x": 460398.061760937,
        "center_y": 2975474.963305102,
        "crs": "EPSG:32640",
        "label": "uncertain",
        "old_cnn_score": 0.8620684742927551,
        "old_unet_mean_probability": 0.1749240607023239,
        "old_unet_max_probability": 0.3637661337852478,
        "old_unet_p95": 0.2435394823551178,
        "old_candidate_pixel_count": 14246,
        "old_candidate_fraction": 0.217376708984375,
        "old_fusion_score": 2.008003226329251,
        "old_rank": 21,
        "new_cnn_score": 0.6784994006156921,
        "new_unet_mean_probability": 0.15544331073760986,
        "new_unet_max_probability": 0.3459288775920868,
        "new_unet_p95": 0.18883436918258667,
        "new_candidate_pixel_count": 1885,
        "new_candidate_fraction": 0.0287628173828125,
        "new_fusion_score": 0.9663386053195961,
        "new_rank": 75,
        "score_delta": -1.0416646210096547,
        "rank_delta": -54,
        "unet_p95_delta": -0.05470511317253113,
        "candidate_pixel_delta": -12361,
        "abs_candidate_pixel_delta": 12361,
        "external_context_zone": "qeshm_hengam_context_priority",
        "category": "both_high;strong_unet_mask_change;qeshm_hengam_context_priority",
        "review_recommendation": "highest manual review priority: both model versions rank high inside Qeshm/Hengam context zone"
      }
    },
    {
      "type": "Feature",
      "geometry": {
        "type": "Point",
        "coordinates": [
          56.8664942977168,
          26.640345755891282
        ]
      },
      "properties": {
        "tile": "D:\\SIHwork_2026\\data\\new_sar_case_study\\tiles_npz_run5_balanced3500\\S1D_20260805T020639_preprocessed_r8704_c7168_uncertain.npz",
        "tile_name": "S1D_20260805T020639_preprocessed_r8704_c7168_uncertain.npz",
        "scene": "S1D_IW_GRDH_1SDV_20260805T020614_20260805T020639_003984_0073C1_55A6_preprocessed_after_c_cleanup_xmx4",
        "acquisition_date": "2026-08-05",
        "acquisition_time": "02:06:14",
        "left": 484152.3208254428,
        "bottom": 2944048.1820285493,
        "right": 489272.3208254428,
        "top": 2949168.1820285493,
        "center_x": 486712.3208254428,
        "center_y": 2946608.1820285493,
        "crs": "EPSG:32640",
        "label": "uncertain",
        "old_cnn_score": 0.9094899892807007,
        "old_unet_mean_probability": 0.16130322217941284,
        "old_unet_max_probability": 0.3712342381477356,
        "old_unet_p95": 0.20600640773773193,
        "old_candidate_pixel_count": 4209,
        "old_candidate_fraction": 0.0642242431640625,
        "old_fusion_score": 1.5635664195500716,
        "old_rank": 78,
        "new_cnn_score": 0.7803230881690979,
        "new_unet_mean_probability": 0.15538758039474487,
        "new_unet_max_probability": 0.3289172053337097,
        "new_unet_p95": 0.18138936161994934,
        "new_candidate_pixel_count": 903,
        "new_candidate_fraction": 0.0137786865234375,
        "new_fusion_score": 0.9634543298020566,
        "new_rank": 76,
        "score_delta": -0.600112089748015,
        "rank_delta": 2,
        "unet_p95_delta": -0.024617046117782593,
        "candidate_pixel_delta": -3306,
        "abs_candidate_pixel_delta": 3306,
        "external_context_zone": "qeshm_hengam_context_priority",
        "category": "both_high;qeshm_hengam_context_priority",
        "review_recommendation": "highest manual review priority: both model versions rank high inside Qeshm/Hengam context zone"
      }
    },
    {
      "type": "Feature",
      "geometry": {
        "type": "Point",
        "coordinates": [
          56.80759317114276,
          26.808457915293307
        ]
      },
      "properties": {
        "tile": "D:\\SIHwork_2026\\data\\new_sar_case_study\\tiles_npz_run5_balanced3500\\S1C_20260808T141633_preprocessed_r9216_c13312_uncertain.npz",
        "tile_name": "S1C_20260808T141633_preprocessed_r9216_c13312_uncertain.npz",
        "scene": "S1C_IW_GRDH_1SDV_20260808T141614_20260808T141633_008905_011A9E_BE01_preprocessed_extracted_xmx4",
        "acquisition_date": "2026-08-08",
        "acquisition_time": "14:16:14",
        "left": 478318.061760937,
        "bottom": 2962674.963305102,
        "right": 483438.061760937,
        "top": 2967794.963305102,
        "center_x": 480878.061760937,
        "center_y": 2965234.963305102,
        "crs": "EPSG:32640",
        "label": "uncertain",
        "old_cnn_score": 0.8151932954788208,
        "old_unet_mean_probability": 0.1751234382390976,
        "old_unet_max_probability": 0.355372816324234,
        "old_unet_p95": 0.24112817645072937,
        "old_candidate_pixel_count": 14422,
        "old_candidate_fraction": 0.220062255859375,
        "old_fusion_score": 1.8824306100561268,
        "old_rank": 33,
        "new_cnn_score": 0.6018728017807007,
        "new_unet_mean_probability": 0.1574830263853073,
        "new_unet_max_probability": 0.3303886950016022,
        "new_unet_p95": 0.1986454874277115,
        "new_candidate_pixel_count": 3075,
        "new_candidate_fraction": 0.0469207763671875,
        "new_fusion_score": 0.9602269372981861,
        "new_rank": 77,
        "score_delta": -0.9222036727579407,
        "rank_delta": -44,
        "unet_p95_delta": -0.04248268902301788,
        "candidate_pixel_delta": -11347,
        "abs_candidate_pixel_delta": 11347,
        "external_context_zone": "qeshm_hengam_context_priority",
        "category": "both_high;strong_unet_mask_change;qeshm_hengam_context_priority",
        "review_recommendation": "highest manual review priority: both model versions rank high inside Qeshm/Hengam context zone"
      }
    },
    {
      "type": "Feature",
      "geometry": {
        "type": "Point",
        "coordinates": [
          56.65290024059568,
          26.85439017886002
        ]
      },
      "properties": {
        "tile": "D:\\SIHwork_2026\\data\\new_sar_case_study\\tiles_npz_run5_balanced3500\\S1C_20260808T141633_preprocessed_r8704_c11776_uncertain.npz",
        "tile_name": "S1C_20260808T141633_preprocessed_r8704_c11776_uncertain.npz",
        "scene": "S1C_IW_GRDH_1SDV_20260808T141614_20260808T141633_008905_011A9E_BE01_preprocessed_extracted_xmx4",
        "acquisition_date": "2026-08-08",
        "acquisition_time": "14:16:14",
        "left": 462958.061760937,
        "bottom": 2967794.963305102,
        "right": 468078.061760937,
        "top": 2972914.963305102,
        "center_x": 465518.061760937,
        "center_y": 2970354.963305102,
        "crs": "EPSG:32640",
        "label": "uncertain",
        "old_cnn_score": 0.8388820290565491,
        "old_unet_mean_probability": 0.17763018608093262,
        "old_unet_max_probability": 0.37541958689689636,
        "old_unet_p95": 0.24902260303497314,
        "old_candidate_pixel_count": 15939,
        "old_candidate_fraction": 0.2432098388671875,
        "old_fusion_score": 2.0214446898073444,
        "old_rank": 20,
        "new_cnn_score": 0.634645938873291,
        "new_unet_mean_probability": 0.15630614757537842,
        "new_unet_max_probability": 0.3313755989074707,
        "new_unet_p95": 0.19349265098571777,
        "new_candidate_pixel_count": 2429,
        "new_candidate_fraction": 0.0370635986328125,
        "new_fusion_score": 0.9573001337691439,
        "new_rank": 78,
        "score_delta": -1.0641445560382006,
        "rank_delta": -58,
        "unet_p95_delta": -0.05552995204925537,
        "candidate_pixel_delta": -13510,
        "abs_candidate_pixel_delta": 13510,
        "external_context_zone": "qeshm_hengam_context_priority",
        "category": "both_high;strong_unet_mask_change;qeshm_hengam_context_priority",
        "review_recommendation": "highest manual review priority: both model versions rank high inside Qeshm/Hengam context zone"
      }
    },
    {
      "type": "Feature",
      "geometry": {
        "type": "Point",
        "coordinates": [
          56.866223937715276,
          26.871485151552907
        ]
      },
      "properties": {
        "tile": "D:\\SIHwork_2026\\data\\new_sar_case_study\\tiles_npz_run5_balanced3500\\S1D_20260805T020639_preprocessed_r6144_c7168_uncertain.npz",
        "tile_name": "S1D_20260805T020639_preprocessed_r6144_c7168_uncertain.npz",
        "scene": "S1D_IW_GRDH_1SDV_20260805T020614_20260805T020639_003984_0073C1_55A6_preprocessed_after_c_cleanup_xmx4",
        "acquisition_date": "2026-08-05",
        "acquisition_time": "02:06:14",
        "left": 484152.3208254428,
        "bottom": 2969648.1820285493,
        "right": 489272.3208254428,
        "top": 2974768.1820285493,
        "center_x": 486712.3208254428,
        "center_y": 2972208.1820285493,
        "crs": "EPSG:32640",
        "label": "uncertain",
        "old_cnn_score": 0.9665123224258423,
        "old_unet_mean_probability": 0.16544848680496216,
        "old_unet_max_probability": 0.3765878677368164,
        "old_unet_p95": 0.17792531847953796,
        "old_candidate_pixel_count": 1125,
        "old_candidate_fraction": 0.0171661376953125,
        "old_fusion_score": 1.2083136288235492,
        "old_rank": 183,
        "new_cnn_score": 0.9486818313598633,
        "new_unet_mean_probability": 0.16584321856498718,
        "new_unet_max_probability": 0.36031973361968994,
        "new_unet_p95": 0.17549337446689606,
        "new_candidate_pixel_count": 303,
        "new_candidate_fraction": 0.0046234130859375,
        "new_fusion_score": 0.9518129398448335,
        "new_rank": 80,
        "score_delta": -0.2565006889787157,
        "rank_delta": 103,
        "unet_p95_delta": -0.0024319440126419067,
        "candidate_pixel_delta": -822,
        "abs_candidate_pixel_delta": 822,
        "external_context_zone": "qeshm_hengam_context_priority",
        "category": "both_high;qeshm_hengam_context_priority",
        "review_recommendation": "highest manual review priority: both model versions rank high inside Qeshm/Hengam context zone"
      }
    },
    {
      "type": "Feature",
      "geometry": {
        "type": "Point",
        "coordinates": [
          56.54982531326948,
          26.854099607647136
        ]
      },
      "properties": {
        "tile": "D:\\SIHwork_2026\\data\\new_sar_case_study\\tiles_npz_run5_balanced3500\\S1C_20260808T141633_preprocessed_r8704_c10752_uncertain.npz",
        "tile_name": "S1C_20260808T141633_preprocessed_r8704_c10752_uncertain.npz",
        "scene": "S1C_IW_GRDH_1SDV_20260808T141614_20260808T141633_008905_011A9E_BE01_preprocessed_extracted_xmx4",
        "acquisition_date": "2026-08-08",
        "acquisition_time": "14:16:14",
        "left": 452718.061760937,
        "bottom": 2967794.963305102,
        "right": 457838.061760937,
        "top": 2972914.963305102,
        "center_x": 455278.061760937,
        "center_y": 2970354.963305102,
        "crs": "EPSG:32640",
        "label": "uncertain",
        "old_cnn_score": 0.8393688797950745,
        "old_unet_mean_probability": 0.1763855516910553,
        "old_unet_max_probability": 0.38399526476860046,
        "old_unet_p95": 0.24389304220676422,
        "old_candidate_pixel_count": 14973,
        "old_candidate_fraction": 0.2284698486328125,
        "old_fusion_score": 1.9681562933588082,
        "old_rank": 26,
        "new_cnn_score": 0.6103325486183167,
        "new_unet_mean_probability": 0.15714682638645172,
        "new_unet_max_probability": 0.3428005576133728,
        "new_unet_p95": 0.19607655704021454,
        "new_candidate_pixel_count": 2750,
        "new_candidate_fraction": 0.041961669921875,
        "new_fusion_score": 0.9477679491347076,
        "new_rank": 83,
        "score_delta": -1.0203883442241004,
        "rank_delta": -57,
        "unet_p95_delta": -0.04781648516654968,
        "candidate_pixel_delta": -12223,
        "abs_candidate_pixel_delta": 12223,
        "external_context_zone": "qeshm_hengam_context_priority",
        "category": "both_high;strong_unet_mask_change;qeshm_hengam_context_priority",
        "review_recommendation": "highest manual review priority: both model versions rank high inside Qeshm/Hengam context zone"
      }
    },
    {
      "type": "Feature",
      "geometry": {
        "type": "Point",
        "coordinates": [
          56.80751505075792,
          26.854685165249613
        ]
      },
      "properties": {
        "tile": "D:\\SIHwork_2026\\data\\new_sar_case_study\\tiles_npz_run5_balanced3500\\S1C_20260808T141633_preprocessed_r8704_c13312_uncertain.npz",
        "tile_name": "S1C_20260808T141633_preprocessed_r8704_c13312_uncertain.npz",
        "scene": "S1C_IW_GRDH_1SDV_20260808T141614_20260808T141633_008905_011A9E_BE01_preprocessed_extracted_xmx4",
        "acquisition_date": "2026-08-08",
        "acquisition_time": "14:16:14",
        "left": 478318.061760937,
        "bottom": 2967794.963305102,
        "right": 483438.061760937,
        "top": 2972914.963305102,
        "center_x": 480878.061760937,
        "center_y": 2970354.963305102,
        "crs": "EPSG:32640",
        "label": "uncertain",
        "old_cnn_score": 0.8438172936439514,
        "old_unet_mean_probability": 0.176003560423851,
        "old_unet_max_probability": 0.384904146194458,
        "old_unet_p95": 0.24425514042377472,
        "old_candidate_pixel_count": 15427,
        "old_candidate_fraction": 0.2353973388671875,
        "old_fusion_score": 1.9876806195042322,
        "old_rank": 23,
        "new_cnn_score": 0.6393828988075256,
        "new_unet_mean_probability": 0.1562190055847168,
        "new_unet_max_probability": 0.34768885374069214,
        "new_unet_p95": 0.19230028986930847,
        "new_candidate_pixel_count": 2179,
        "new_candidate_fraction": 0.0332489013671875,
        "new_fusion_score": 0.9451535389091879,
        "new_rank": 84,
        "score_delta": -1.0425270805950444,
        "rank_delta": -61,
        "unet_p95_delta": -0.05195485055446625,
        "candidate_pixel_delta": -13248,
        "abs_candidate_pixel_delta": 13248,
        "external_context_zone": "qeshm_hengam_context_priority",
        "category": "both_high;strong_unet_mask_change;qeshm_hengam_context_priority",
        "review_recommendation": "highest manual review priority: both model versions rank high inside Qeshm/Hengam context zone"
      }
    },
    {
      "type": "Feature",
      "geometry": {
        "type": "Point",
        "coordinates": [
          56.652759032527314,
          26.9006165381113
        ]
      },
      "properties": {
        "tile": "D:\\SIHwork_2026\\data\\new_sar_case_study\\tiles_npz_run5_balanced3500\\S1C_20260808T141633_preprocessed_r8192_c11776_uncertain.npz",
        "tile_name": "S1C_20260808T141633_preprocessed_r8192_c11776_uncertain.npz",
        "scene": "S1C_IW_GRDH_1SDV_20260808T141614_20260808T141633_008905_011A9E_BE01_preprocessed_extracted_xmx4",
        "acquisition_date": "2026-08-08",
        "acquisition_time": "14:16:14",
        "left": 462958.061760937,
        "bottom": 2972914.963305102,
        "right": 468078.061760937,
        "top": 2978034.963305102,
        "center_x": 465518.061760937,
        "center_y": 2975474.963305102,
        "crs": "EPSG:32640",
        "label": "uncertain",
        "old_cnn_score": 0.8485101461410522,
        "old_unet_mean_probability": 0.1758427917957306,
        "old_unet_max_probability": 0.381643146276474,
        "old_unet_p95": 0.24137401580810547,
        "old_candidate_pixel_count": 15134,
        "old_candidate_fraction": 0.230926513671875,
        "old_fusion_score": 1.9712318166495413,
        "old_rank": 25,
        "new_cnn_score": 0.6428720355033875,
        "new_unet_mean_probability": 0.15610994398593903,
        "new_unet_max_probability": 0.3409939706325531,
        "new_unet_p95": 0.19134899973869324,
        "new_candidate_pixel_count": 2147,
        "new_candidate_fraction": 0.0327606201171875,
        "new_fusion_score": 0.9437911053767849,
        "new_rank": 85,
        "score_delta": -1.0274407112727564,
        "rank_delta": -60,
        "unet_p95_delta": -0.05002501606941223,
        "candidate_pixel_delta": -12987,
        "abs_candidate_pixel_delta": 12987,
        "external_context_zone": "qeshm_hengam_context_priority",
        "category": "both_high;strong_unet_mask_change;qeshm_hengam_context_priority",
        "review_recommendation": "highest manual review priority: both model versions rank high inside Qeshm/Hengam context zone"
      }
    },
    {
      "type": "Feature",
      "geometry": {
        "type": "Point",
        "coordinates": [
          56.917803785303924,
          26.8252971834419
        ]
      },
      "properties": {
        "tile": "D:\\SIHwork_2026\\data\\new_sar_case_study\\tiles_npz_run5_balanced3500\\S1D_20260805T020639_preprocessed_r6656_c7680_uncertain.npz",
        "tile_name": "S1D_20260805T020639_preprocessed_r6656_c7680_uncertain.npz",
        "scene": "S1D_IW_GRDH_1SDV_20260805T020614_20260805T020639_003984_0073C1_55A6_preprocessed_after_c_cleanup_xmx4",
        "acquisition_date": "2026-08-05",
        "acquisition_time": "02:06:14",
        "left": 489272.3208254428,
        "bottom": 2964528.1820285493,
        "right": 494392.3208254428,
        "top": 2969648.1820285493,
        "center_x": 491832.3208254428,
        "center_y": 2967088.1820285493,
        "crs": "EPSG:32640",
        "label": "uncertain",
        "old_cnn_score": 0.9493053555488586,
        "old_unet_mean_probability": 0.16471527516841888,
        "old_unet_max_probability": 0.35566234588623047,
        "old_unet_p95": 0.17884668707847595,
        "old_candidate_pixel_count": 1331,
        "old_candidate_fraction": 0.0203094482421875,
        "old_fusion_score": 1.22147233655764,
        "old_rank": 178,
        "new_cnn_score": 0.9307329058647156,
        "new_unet_mean_probability": 0.164408341050148,
        "new_unet_max_probability": 0.33258557319641113,
        "new_unet_p95": 0.17514902353286743,
        "new_candidate_pixel_count": 320,
        "new_candidate_fraction": 0.0048828125,
        "new_fusion_score": 0.9408427845884036,
        "new_rank": 87,
        "score_delta": -0.28062955196923645,
        "rank_delta": 91,
        "unet_p95_delta": -0.0036976635456085205,
        "candidate_pixel_delta": -1011,
        "abs_candidate_pixel_delta": 1011,
        "external_context_zone": "qeshm_hengam_context_priority",
        "category": "both_high;qeshm_hengam_context_priority",
        "review_recommendation": "highest manual review priority: both model versions rank high inside Qeshm/Hengam context zone"
      }
    },
    {
      "type": "Feature",
      "geometry": {
        "type": "Point",
        "coordinates": [
          56.1708569429474,
          27.02766625550091
        ]
      },
      "properties": {
        "tile": "D:\\SIHwork_2026\\data\\new_sar_case_study\\tiles_npz_run5_balanced3500\\S1D_20260810T021454_preprocessed_r4096_c20992_uncertain.npz",
        "tile_name": "S1D_20260810T021454_preprocessed_r4096_c20992_uncertain.npz",
        "scene": "S1D_IW_GRDH_1SDV_20260810T021429_20260810T021454_004057_00763F_AFC5_preprocessed_extracted_xmx4",
        "acquisition_date": "2026-08-10",
        "acquisition_time": "02:14:29",
        "left": 415194.85972424183,
        "bottom": 2987209.977188905,
        "right": 420314.85972424183,
        "top": 2992329.977188905,
        "center_x": 417754.85972424183,
        "center_y": 2989769.977188905,
        "crs": "EPSG:32640",
        "label": "uncertain",
        "old_cnn_score": 0.8904944062232971,
        "old_unet_mean_probability": 0.16339576244354248,
        "old_unet_max_probability": 0.35950803756713867,
        "old_unet_p95": 0.21565726399421692,
        "old_candidate_pixel_count": 6109,
        "old_candidate_fraction": 0.0932159423828125,
        "old_fusion_score": 1.6741574984236542,
        "old_rank": 57,
        "new_cnn_score": 0.7105941772460938,
        "new_unet_mean_probability": 0.15520885586738586,
        "new_unet_max_probability": 0.3414451479911804,
        "new_unet_p95": 0.1823507845401764,
        "new_candidate_pixel_count": 1383,
        "new_candidate_fraction": 0.0211029052734375,
        "new_fusion_score": 0.9371987959823098,
        "new_rank": 89,
        "score_delta": -0.7369587024413444,
        "rank_delta": -32,
        "unet_p95_delta": -0.03330647945404053,
        "candidate_pixel_delta": -4726,
        "abs_candidate_pixel_delta": 4726,
        "external_context_zone": "qeshm_hengam_context_priority",
        "category": "both_high;qeshm_hengam_context_priority",
        "review_recommendation": "highest manual review priority: both model versions rank high inside Qeshm/Hengam context zone"
      }
    },
    {
      "type": "Feature",
      "geometry": {
        "type": "Point",
        "coordinates": [
          56.49705648376995,
          27.13127418537307
        ]
      },
      "properties": {
        "tile": "D:\\SIHwork_2026\\data\\new_sar_case_study\\tiles_npz_run5_balanced3500\\S1C_20260808T141633_preprocessed_r5632_c10240_uncertain.npz",
        "tile_name": "S1C_20260808T141633_preprocessed_r5632_c10240_uncertain.npz",
        "scene": "S1C_IW_GRDH_1SDV_20260808T141614_20260808T141633_008905_011A9E_BE01_preprocessed_extracted_xmx4",
        "acquisition_date": "2026-08-08",
        "acquisition_time": "14:16:14",
        "left": 447598.061760937,
        "bottom": 2998514.963305102,
        "right": 452718.061760937,
        "top": 3003634.963305102,
        "center_x": 450158.061760937,
        "center_y": 3001074.963305102,
        "crs": "EPSG:32640",
        "label": "uncertain",
        "old_cnn_score": 0.966246485710144,
        "old_unet_mean_probability": 0.16043192148208618,
        "old_unet_max_probability": 0.35071438550949097,
        "old_unet_p95": 0.19174519181251526,
        "old_candidate_pixel_count": 2426,
        "old_candidate_fraction": 0.037017822265625,
        "old_fusion_score": 1.444094865037707,
        "old_rank": 110,
        "new_cnn_score": 0.9181503057479858,
        "new_unet_mean_probability": 0.1555355340242386,
        "new_unet_max_probability": 0.3008984327316284,
        "new_unet_p95": 0.17466197907924652,
        "new_candidate_pixel_count": 336,
        "new_candidate_fraction": 0.005126953125,
        "new_fusion_score": 0.9333431252607008,
        "new_rank": 90,
        "score_delta": -0.5107517397770062,
        "rank_delta": 20,
        "unet_p95_delta": -0.017083212733268738,
        "candidate_pixel_delta": -2090,
        "abs_candidate_pixel_delta": 2090,
        "external_context_zone": "qeshm_hengam_context_priority",
        "category": "both_high;qeshm_hengam_context_priority",
        "review_recommendation": "highest manual review priority: both model versions rank high inside Qeshm/Hengam context zone"
      }
    },
    {
      "type": "Feature",
      "geometry": {
        "type": "Point",
        "coordinates": [
          56.807279559121575,
          26.99336509872902
        ]
      },
      "properties": {
        "tile": "D:\\SIHwork_2026\\data\\new_sar_case_study\\tiles_npz_run5_balanced3500\\S1C_20260808T141633_preprocessed_r7168_c13312_uncertain.npz",
        "tile_name": "S1C_20260808T141633_preprocessed_r7168_c13312_uncertain.npz",
        "scene": "S1C_IW_GRDH_1SDV_20260808T141614_20260808T141633_008905_011A9E_BE01_preprocessed_extracted_xmx4",
        "acquisition_date": "2026-08-08",
        "acquisition_time": "14:16:14",
        "left": 478318.061760937,
        "bottom": 2983154.963305102,
        "right": 483438.061760937,
        "top": 2988274.963305102,
        "center_x": 480878.061760937,
        "center_y": 2985714.963305102,
        "crs": "EPSG:32640",
        "label": "uncertain",
        "old_cnn_score": 0.8100289702415466,
        "old_unet_mean_probability": 0.17581379413604736,
        "old_unet_max_probability": 0.4041762948036194,
        "old_unet_p95": 0.24869513511657715,
        "old_candidate_pixel_count": 15526,
        "old_candidate_fraction": 0.236907958984375,
        "old_fusion_score": 1.9440626810379913,
        "old_rank": 28,
        "new_cnn_score": 0.5780180096626282,
        "new_unet_mean_probability": 0.1570710688829422,
        "new_unet_max_probability": 0.34323516488075256,
        "new_unet_p95": 0.1992528736591339,
        "new_candidate_pixel_count": 3177,
        "new_candidate_fraction": 0.0484771728515625,
        "new_fusion_score": 0.9287458337589981,
        "new_rank": 94,
        "score_delta": -1.015316847278993,
        "rank_delta": -66,
        "unet_p95_delta": -0.04944226145744324,
        "candidate_pixel_delta": -12349,
        "abs_candidate_pixel_delta": 12349,
        "external_context_zone": "qeshm_hengam_context_priority",
        "category": "both_high;strong_unet_mask_change;qeshm_hengam_context_priority",
        "review_recommendation": "highest manual review priority: both model versions rank high inside Qeshm/Hengam context zone"
      }
    },
    {
      "type": "Feature",
      "geometry": {
        "type": "Point",
        "coordinates": [
          56.85911096788035,
          26.808518556047545
        ]
      },
      "properties": {
        "tile": "D:\\SIHwork_2026\\data\\new_sar_case_study\\tiles_npz_run5_balanced3500\\S1C_20260808T141633_preprocessed_r9216_c13824_uncertain.npz",
        "tile_name": "S1C_20260808T141633_preprocessed_r9216_c13824_uncertain.npz",
        "scene": "S1C_IW_GRDH_1SDV_20260808T141614_20260808T141633_008905_011A9E_BE01_preprocessed_extracted_xmx4",
        "acquisition_date": "2026-08-08",
        "acquisition_time": "14:16:14",
        "left": 483438.061760937,
        "bottom": 2962674.963305102,
        "right": 488558.061760937,
        "top": 2967794.963305102,
        "center_x": 485998.061760937,
        "center_y": 2965234.963305102,
        "crs": "EPSG:32640",
        "label": "uncertain",
        "old_cnn_score": 0.806892991065979,
        "old_unet_mean_probability": 0.1769377589225769,
        "old_unet_max_probability": 0.3917928636074066,
        "old_unet_p95": 0.24436675012111664,
        "old_candidate_pixel_count": 15994,
        "old_candidate_fraction": 0.244049072265625,
        "old_fusion_score": 1.908687479200239,
        "old_rank": 31,
        "new_cnn_score": 0.5922592878341675,
        "new_unet_mean_probability": 0.15706683695316315,
        "new_unet_max_probability": 0.3440721333026886,
        "new_unet_p95": 0.19701159000396729,
        "new_candidate_pixel_count": 2840,
        "new_candidate_fraction": 0.0433349609375,
        "new_fusion_score": 0.9278444784775274,
        "new_rank": 96,
        "score_delta": -0.9808430007227117,
        "rank_delta": -65,
        "unet_p95_delta": -0.04735516011714935,
        "candidate_pixel_delta": -13154,
        "abs_candidate_pixel_delta": 13154,
        "external_context_zone": "qeshm_hengam_context_priority",
        "category": "both_high;strong_unet_mask_change;qeshm_hengam_context_priority",
        "review_recommendation": "highest manual review priority: both model versions rank high inside Qeshm/Hengam context zone"
      }
    },
    {
      "type": "Feature",
      "geometry": {
        "type": "Point",
        "coordinates": [
          56.6530411093118,
          26.808163516648865
        ]
      },
      "properties": {
        "tile": "D:\\SIHwork_2026\\data\\new_sar_case_study\\tiles_npz_run5_balanced3500\\S1C_20260808T141633_preprocessed_r9216_c11776_uncertain.npz",
        "tile_name": "S1C_20260808T141633_preprocessed_r9216_c11776_uncertain.npz",
        "scene": "S1C_IW_GRDH_1SDV_20260808T141614_20260808T141633_008905_011A9E_BE01_preprocessed_extracted_xmx4",
        "acquisition_date": "2026-08-08",
        "acquisition_time": "14:16:14",
        "left": 462958.061760937,
        "bottom": 2962674.963305102,
        "right": 468078.061760937,
        "top": 2967794.963305102,
        "center_x": 465518.061760937,
        "center_y": 2965234.963305102,
        "crs": "EPSG:32640",
        "label": "uncertain",
        "old_cnn_score": 0.836805522441864,
        "old_unet_mean_probability": 0.17450077831745148,
        "old_unet_max_probability": 0.35151243209838867,
        "old_unet_p95": 0.23927092552185059,
        "old_candidate_pixel_count": 14130,
        "old_candidate_fraction": 0.215606689453125,
        "old_fusion_score": 1.9133584805275758,
        "old_rank": 30,
        "new_cnn_score": 0.6254885196685791,
        "new_unet_mean_probability": 0.15615032613277435,
        "new_unet_max_probability": 0.33123838901519775,
        "new_unet_p95": 0.19190530478954315,
        "new_candidate_pixel_count": 2166,
        "new_candidate_fraction": 0.033050537109375,
        "new_fusion_score": 0.9219973774432373,
        "new_rank": 99,
        "score_delta": -0.9913611030843386,
        "rank_delta": -69,
        "unet_p95_delta": -0.047365620732307434,
        "candidate_pixel_delta": -11964,
        "abs_candidate_pixel_delta": 11964,
        "external_context_zone": "qeshm_hengam_context_priority",
        "category": "both_high;strong_unet_mask_change;qeshm_hengam_context_priority",
        "review_recommendation": "highest manual review priority: both model versions rank high inside Qeshm/Hengam context zone"
      }
    },
    {
      "type": "Feature",
      "geometry": {
        "type": "Point",
        "coordinates": [
          56.652475595950605,
          26.993068346306803
        ]
      },
      "properties": {
        "tile": "D:\\SIHwork_2026\\data\\new_sar_case_study\\tiles_npz_run5_balanced3500\\S1C_20260808T141633_preprocessed_r7168_c11776_uncertain.npz",
        "tile_name": "S1C_20260808T141633_preprocessed_r7168_c11776_uncertain.npz",
        "scene": "S1C_IW_GRDH_1SDV_20260808T141614_20260808T141633_008905_011A9E_BE01_preprocessed_extracted_xmx4",
        "acquisition_date": "2026-08-08",
        "acquisition_time": "14:16:14",
        "left": 462958.061760937,
        "bottom": 2983154.963305102,
        "right": 468078.061760937,
        "top": 2988274.963305102,
        "center_x": 465518.061760937,
        "center_y": 2985714.963305102,
        "crs": "EPSG:32640",
        "label": "uncertain",
        "old_cnn_score": 0.759369969367981,
        "old_unet_mean_probability": 0.1817546933889389,
        "old_unet_max_probability": 0.39871659874916077,
        "old_unet_p95": 0.26770341396331787,
        "old_candidate_pixel_count": 18973,
        "old_candidate_fraction": 0.2895050048828125,
        "old_fusion_score": 2.0025341331778885,
        "old_rank": 22,
        "new_cnn_score": 0.5097110271453857,
        "new_unet_mean_probability": 0.16007792949676514,
        "new_unet_max_probability": 0.3485356569290161,
        "new_unet_p95": 0.21228672564029694,
        "new_candidate_pixel_count": 4966,
        "new_candidate_fraction": 0.075775146484375,
        "new_fusion_score": 0.9208853902265248,
        "new_rank": 100,
        "score_delta": -1.0816487429513637,
        "rank_delta": -78,
        "unet_p95_delta": -0.055416688323020935,
        "candidate_pixel_delta": -14007,
        "abs_candidate_pixel_delta": 14007,
        "external_context_zone": "qeshm_hengam_context_priority",
        "category": "both_high;strong_unet_mask_change;qeshm_hengam_context_priority",
        "review_recommendation": "highest manual review priority: both model versions rank high inside Qeshm/Hengam context zone"
      }
    },
    {
      "type": "Feature",
      "geometry": {
        "type": "Point",
        "coordinates": [
          56.60152436582261,
          26.80802789285335
        ]
      },
      "properties": {
        "tile": "D:\\SIHwork_2026\\data\\new_sar_case_study\\tiles_npz_run5_balanced3500\\S1C_20260808T141633_preprocessed_r9216_c11264_uncertain.npz",
        "tile_name": "S1C_20260808T141633_preprocessed_r9216_c11264_uncertain.npz",
        "scene": "S1C_IW_GRDH_1SDV_20260808T141614_20260808T141633_008905_011A9E_BE01_preprocessed_extracted_xmx4",
        "acquisition_date": "2026-08-08",
        "acquisition_time": "14:16:14",
        "left": 457838.061760937,
        "bottom": 2962674.963305102,
        "right": 462958.061760937,
        "top": 2967794.963305102,
        "center_x": 460398.061760937,
        "center_y": 2965234.963305102,
        "crs": "EPSG:32640",
        "label": "uncertain",
        "old_cnn_score": 0.81541508436203,
        "old_unet_mean_probability": 0.17376555502414703,
        "old_unet_max_probability": 0.36246296763420105,
        "old_unet_p95": 0.24054883420467377,
        "old_candidate_pixel_count": 14107,
        "old_candidate_fraction": 0.2152557373046875,
        "old_fusion_score": 1.8740873936635403,
        "old_rank": 35,
        "new_cnn_score": 0.595366358757019,
        "new_unet_mean_probability": 0.15673217177391052,
        "new_unet_max_probability": 0.3293818235397339,
        "new_unet_p95": 0.19573165476322174,
        "new_candidate_pixel_count": 2635,
        "new_candidate_fraction": 0.0402069091796875,
        "new_fusion_score": 0.9179249848938001,
        "new_rank": 101,
        "score_delta": -0.9561624087697401,
        "rank_delta": -66,
        "unet_p95_delta": -0.044817179441452026,
        "candidate_pixel_delta": -11472,
        "abs_candidate_pixel_delta": 11472,
        "external_context_zone": "qeshm_hengam_context_priority",
        "category": "both_high;strong_unet_mask_change;qeshm_hengam_context_priority",
        "review_recommendation": "highest manual review priority: both model versions rank high inside Qeshm/Hengam context zone"
      }
    },
    {
      "type": "Feature",
      "geometry": {
        "type": "Point",
        "coordinates": [
          56.44697667084059,
          26.80750855576661
        ]
      },
      "properties": {
        "tile": "D:\\SIHwork_2026\\data\\new_sar_case_study\\tiles_npz_run5_balanced3500\\S1C_20260808T141633_preprocessed_r9216_c9728_uncertain.npz",
        "tile_name": "S1C_20260808T141633_preprocessed_r9216_c9728_uncertain.npz",
        "scene": "S1C_IW_GRDH_1SDV_20260808T141614_20260808T141633_008905_011A9E_BE01_preprocessed_extracted_xmx4",
        "acquisition_date": "2026-08-08",
        "acquisition_time": "14:16:14",
        "left": 442478.061760937,
        "bottom": 2962674.963305102,
        "right": 447598.061760937,
        "top": 2967794.963305102,
        "center_x": 445038.061760937,
        "center_y": 2965234.963305102,
        "crs": "EPSG:32640",
        "label": "uncertain",
        "old_cnn_score": 0.8667922019958496,
        "old_unet_mean_probability": 0.16812032461166382,
        "old_unet_max_probability": 0.3813253939151764,
        "old_unet_p95": 0.22707653045654297,
        "old_candidate_pixel_count": 9304,
        "old_candidate_fraction": 0.1419677734375,
        "old_fusion_score": 1.7986762391180748,
        "old_rank": 47,
        "new_cnn_score": 0.6702463626861572,
        "new_unet_mean_probability": 0.15521454811096191,
        "new_unet_max_probability": 0.3324415385723114,
        "new_unet_p95": 0.1857765018939972,
        "new_candidate_pixel_count": 1587,
        "new_candidate_fraction": 0.0242156982421875,
        "new_fusion_score": 0.9177118203968005,
        "new_rank": 102,
        "score_delta": -0.8809644187212743,
        "rank_delta": -55,
        "unet_p95_delta": -0.041300028562545776,
        "candidate_pixel_delta": -7717,
        "abs_candidate_pixel_delta": 7717,
        "external_context_zone": "qeshm_hengam_context_priority",
        "category": "both_high;strong_unet_mask_change;qeshm_hengam_context_priority",
        "review_recommendation": "highest manual review priority: both model versions rank high inside Qeshm/Hengam context zone"
      }
    },
    {
      "type": "Feature",
      "geometry": {
        "type": "Point",
        "coordinates": [
          56.84199515678568,
          26.93756641650365
        ]
      },
      "properties": {
        "tile": "D:\\SIHwork_2026\\data\\new_sar_case_study\\tiles_npz_run5_balanced3500\\S1D_20260810T021454_preprocessed_r5120_c27648_uncertain.npz",
        "tile_name": "S1D_20260810T021454_preprocessed_r5120_c27648_uncertain.npz",
        "scene": "S1D_IW_GRDH_1SDV_20260810T021429_20260810T021454_004057_00763F_AFC5_preprocessed_extracted_xmx4",
        "acquisition_date": "2026-08-10",
        "acquisition_time": "02:14:29",
        "left": 481754.85972424183,
        "bottom": 2976969.977188905,
        "right": 486874.85972424183,
        "top": 2982089.977188905,
        "center_x": 484314.85972424183,
        "center_y": 2979529.977188905,
        "crs": "EPSG:32640",
        "label": "uncertain",
        "old_cnn_score": 0.9034751653671265,
        "old_unet_mean_probability": 0.1596316695213318,
        "old_unet_max_probability": 0.3533342182636261,
        "old_unet_p95": 0.20423626899719238,
        "old_candidate_pixel_count": 4018,
        "old_candidate_fraction": 0.061309814453125,
        "old_fusion_score": 1.5313123259611492,
        "old_rank": 85,
        "new_cnn_score": 0.7493524551391602,
        "new_unet_mean_probability": 0.1542498767375946,
        "new_unet_max_probability": 0.33379846811294556,
        "new_unet_p95": 0.1811436116695404,
        "new_candidate_pixel_count": 843,
        "new_candidate_fraction": 0.0128631591796875,
        "new_fusion_score": 0.9146395831844277,
        "new_rank": 104,
        "score_delta": -0.6166727427767215,
        "rank_delta": -19,
        "unet_p95_delta": -0.023092657327651978,
        "candidate_pixel_delta": -3175,
        "abs_candidate_pixel_delta": 3175,
        "external_context_zone": "qeshm_hengam_context_priority",
        "category": "both_high;qeshm_hengam_context_priority",
        "review_recommendation": "highest manual review priority: both model versions rank high inside Qeshm/Hengam context zone"
      }
    },
    {
      "type": "Feature",
      "geometry": {
        "type": "Point",
        "coordinates": [
          56.27408292969829,
          27.02823637019825
        ]
      },
      "properties": {
        "tile": "D:\\SIHwork_2026\\data\\new_sar_case_study\\tiles_npz_run5_balanced3500\\S1D_20260810T021454_preprocessed_r4096_c22016_uncertain.npz",
        "tile_name": "S1D_20260810T021454_preprocessed_r4096_c22016_uncertain.npz",
        "scene": "S1D_IW_GRDH_1SDV_20260810T021429_20260810T021454_004057_00763F_AFC5_preprocessed_extracted_xmx4",
        "acquisition_date": "2026-08-10",
        "acquisition_time": "02:14:29",
        "left": 425434.85972424183,
        "bottom": 2987209.977188905,
        "right": 430554.85972424183,
        "top": 2992329.977188905,
        "center_x": 427994.85972424183,
        "center_y": 2989769.977188905,
        "crs": "EPSG:32640",
        "label": "uncertain",
        "old_cnn_score": 0.9086890816688538,
        "old_unet_mean_probability": 0.16369161009788513,
        "old_unet_max_probability": 0.34318795800209045,
        "old_unet_p95": 0.21593277156352997,
        "old_candidate_pixel_count": 5973,
        "old_candidate_fraction": 0.0911407470703125,
        "old_fusion_score": 1.7061297115898848,
        "old_rank": 54,
        "new_cnn_score": 0.7533199787139893,
        "new_unet_mean_probability": 0.15412887930870056,
        "new_unet_max_probability": 0.30829450488090515,
        "new_unet_p95": 0.17732980847358704,
        "new_candidate_pixel_count": 857,
        "new_candidate_fraction": 0.0130767822265625,
        "new_fusion_score": 0.9023211345638424,
        "new_rank": 105,
        "score_delta": -0.8038085770260424,
        "rank_delta": -51,
        "unet_p95_delta": -0.03860296308994293,
        "candidate_pixel_delta": -5116,
        "abs_candidate_pixel_delta": 5116,
        "external_context_zone": "qeshm_hengam_context_priority",
        "category": "both_high;qeshm_hengam_context_priority",
        "review_recommendation": "highest manual review priority: both model versions rank high inside Qeshm/Hengam context zone"
      }
    },
    {
      "type": "Feature",
      "geometry": {
        "type": "Point",
        "coordinates": [
          56.25216348986458,
          27.090293054051436
        ]
      },
      "properties": {
        "tile": "D:\\SIHwork_2026\\data\\new_sar_case_study\\tiles_npz_run5_balanced3500\\S1C_IW_GRDH_1SDV_20260804T021408_20260804T021438_r7680_c20992_uncertain.npz",
        "tile_name": "S1C_IW_GRDH_1SDV_20260804T021408_20260804T021438_r7680_c20992_uncertain.npz",
        "scene": "S1C_IW_GRDH_1SDV_20260804T021408_20260804T021438_008839_01188E_BC5E",
        "acquisition_date": "2026-08-04",
        "acquisition_time": "02:14:08",
        "left": 423301.37147003977,
        "bottom": 2994096.4374795803,
        "right": 428421.37147003977,
        "top": 2999216.4374795803,
        "center_x": 425861.37147003977,
        "center_y": 2996656.4374795803,
        "crs": "EPSG:32640",
        "label": "uncertain",
        "old_cnn_score": 0.9701687693595886,
        "old_unet_mean_probability": 0.16024473309516907,
        "old_unet_max_probability": 0.3730722963809967,
        "old_unet_p95": 0.1887066513299942,
        "old_candidate_pixel_count": 2248,
        "old_candidate_fraction": 0.0343017578125,
        "old_fusion_score": 1.4130347118475797,
        "old_rank": 115,
        "new_cnn_score": 0.9115003347396851,
        "new_unet_mean_probability": 0.1549433469772339,
        "new_unet_max_probability": 0.33512255549430847,
        "new_unet_p95": 0.17432446777820587,
        "new_candidate_pixel_count": 280,
        "new_candidate_fraction": 0.0042724609375,
        "new_fusion_score": 0.8959165747395085,
        "new_rank": 107,
        "score_delta": -0.5171181371080712,
        "rank_delta": 8,
        "unet_p95_delta": -0.01438218355178833,
        "candidate_pixel_delta": -1968,
        "abs_candidate_pixel_delta": 1968,
        "external_context_zone": "qeshm_hengam_context_priority",
        "category": "both_high;qeshm_hengam_context_priority",
        "review_recommendation": "highest manual review priority: both model versions rank high inside Qeshm/Hengam context zone"
      }
    },
    {
      "type": "Feature",
      "geometry": {
        "type": "Point",
        "coordinates": [
          56.37731176949946,
          27.028730807299347
        ]
      },
      "properties": {
        "tile": "D:\\SIHwork_2026\\data\\new_sar_case_study\\tiles_npz_run5_balanced3500\\S1D_20260810T021454_preprocessed_r4096_c23040_uncertain.npz",
        "tile_name": "S1D_20260810T021454_preprocessed_r4096_c23040_uncertain.npz",
        "scene": "S1D_IW_GRDH_1SDV_20260810T021429_20260810T021454_004057_00763F_AFC5_preprocessed_extracted_xmx4",
        "acquisition_date": "2026-08-10",
        "acquisition_time": "02:14:29",
        "left": 435674.85972424183,
        "bottom": 2987209.977188905,
        "right": 440794.85972424183,
        "top": 2992329.977188905,
        "center_x": 438234.85972424183,
        "center_y": 2989769.977188905,
        "crs": "EPSG:32640",
        "label": "uncertain",
        "old_cnn_score": 0.9157779812812805,
        "old_unet_mean_probability": 0.16250121593475342,
        "old_unet_max_probability": 0.393716424703598,
        "old_unet_p95": 0.21299491822719574,
        "old_candidate_pixel_count": 5054,
        "old_candidate_fraction": 0.077117919921875,
        "old_fusion_score": 1.6634640156879519,
        "old_rank": 61,
        "new_cnn_score": 0.7720261216163635,
        "new_unet_mean_probability": 0.1537289023399353,
        "new_unet_max_probability": 0.32347220182418823,
        "new_unet_p95": 0.17565001547336578,
        "new_candidate_pixel_count": 736,
        "new_candidate_fraction": 0.01123046875,
        "new_fusion_score": 0.8953531761151168,
        "new_rank": 108,
        "score_delta": -0.7681108395728351,
        "rank_delta": -47,
        "unet_p95_delta": -0.037344902753829956,
        "candidate_pixel_delta": -4318,
        "abs_candidate_pixel_delta": 4318,
        "external_context_zone": "qeshm_hengam_context_priority",
        "category": "both_high;qeshm_hengam_context_priority",
        "review_recommendation": "highest manual review priority: both model versions rank high inside Qeshm/Hengam context zone"
      }
    },
    {
      "type": "Feature",
      "geometry": {
        "type": "Point",
        "coordinates": [
          55.839056198229315,
          27.087488097768293
        ]
      },
      "properties": {
        "tile": "D:\\SIHwork_2026\\data\\new_sar_case_study\\tiles_npz_run5_balanced3500\\S1C_IW_GRDH_1SDV_20260804T021408_20260804T021438_r7680_c16896_uncertain.npz",
        "tile_name": "S1C_IW_GRDH_1SDV_20260804T021408_20260804T021438_r7680_c16896_uncertain.npz",
        "scene": "S1C_IW_GRDH_1SDV_20260804T021408_20260804T021438_008839_01188E_BC5E",
        "acquisition_date": "2026-08-04",
        "acquisition_time": "02:14:08",
        "left": 382341.37147003977,
        "bottom": 2994096.4374795803,
        "right": 387461.37147003977,
        "top": 2999216.4374795803,
        "center_x": 384901.37147003977,
        "center_y": 2996656.4374795803,
        "crs": "EPSG:32640",
        "label": "uncertain",
        "old_cnn_score": 0.6870061159133911,
        "old_unet_mean_probability": 0.1691654771566391,
        "old_unet_max_probability": 0.34318795800209045,
        "old_unet_p95": 0.20253299176692963,
        "old_candidate_pixel_count": 3623,
        "old_candidate_fraction": 0.0552825927734375,
        "old_fusion_score": 1.1403102328459864,
        "old_rank": 216,
        "new_cnn_score": 0.6356419920921326,
        "new_unet_mean_probability": 0.16903218626976013,
        "new_unet_max_probability": 0.3428005576133728,
        "new_unet_p95": 0.19370336830615997,
        "new_candidate_pixel_count": 1390,
        "new_candidate_fraction": 0.021209716796875,
        "new_fusion_score": 0.8911586407828909,
        "new_rank": 112,
        "score_delta": -0.24915159206309556,
        "rank_delta": 104,
        "unet_p95_delta": -0.008829623460769653,
        "candidate_pixel_delta": -2233,
        "abs_candidate_pixel_delta": 2233,
        "external_context_zone": "qeshm_hengam_context_priority",
        "category": "both_high;qeshm_hengam_context_priority",
        "review_recommendation": "highest manual review priority: both model versions rank high inside Qeshm/Hengam context zone"
      }
    },
    {
      "type": "Feature",
      "geometry": {
        "type": "Point",
        "coordinates": [
          56.81490287970362,
          26.7327445828514
        ]
      },
      "properties": {
        "tile": "D:\\SIHwork_2026\\data\\new_sar_case_study\\tiles_npz_run5_balanced3500\\S1D_20260805T020639_preprocessed_r7680_c6656_uncertain.npz",
        "tile_name": "S1D_20260805T020639_preprocessed_r7680_c6656_uncertain.npz",
        "scene": "S1D_IW_GRDH_1SDV_20260805T020614_20260805T020639_003984_0073C1_55A6_preprocessed_after_c_cleanup_xmx4",
        "acquisition_date": "2026-08-05",
        "acquisition_time": "02:06:14",
        "left": 479032.3208254428,
        "bottom": 2954288.1820285493,
        "right": 484152.3208254428,
        "top": 2959408.1820285493,
        "center_x": 481592.3208254428,
        "center_y": 2956848.1820285493,
        "crs": "EPSG:32640",
        "label": "uncertain",
        "old_cnn_score": 0.8477544188499451,
        "old_unet_mean_probability": 0.1633480191230774,
        "old_unet_max_probability": 0.34318795800209045,
        "old_unet_p95": 0.21534384787082672,
        "old_candidate_pixel_count": 6920,
        "old_candidate_fraction": 0.1055908203125,
        "old_fusion_score": 1.6142416188830588,
        "old_rank": 67,
        "new_cnn_score": 0.6720958948135376,
        "new_unet_mean_probability": 0.15427076816558838,
        "new_unet_max_probability": 0.3428005576133728,
        "new_unet_p95": 0.1844276785850525,
        "new_candidate_pixel_count": 1255,
        "new_candidate_fraction": 0.0191497802734375,
        "new_fusion_score": 0.8844904650191385,
        "new_rank": 116,
        "score_delta": -0.7297511538639203,
        "rank_delta": -49,
        "unet_p95_delta": -0.03091616928577423,
        "candidate_pixel_delta": -5665,
        "abs_candidate_pixel_delta": 5665,
        "external_context_zone": "qeshm_hengam_context_priority",
        "category": "both_high;qeshm_hengam_context_priority",
        "review_recommendation": "highest manual review priority: both model versions rank high inside Qeshm/Hengam context zone"
      }
    },
    {
      "type": "Feature",
      "geometry": {
        "type": "Point",
        "coordinates": [
          56.85905376438151,
          26.854745927069004
        ]
      },
      "properties": {
        "tile": "D:\\SIHwork_2026\\data\\new_sar_case_study\\tiles_npz_run5_balanced3500\\S1C_20260808T141633_preprocessed_r8704_c13824_uncertain.npz",
        "tile_name": "S1C_20260808T141633_preprocessed_r8704_c13824_uncertain.npz",
        "scene": "S1C_IW_GRDH_1SDV_20260808T141614_20260808T141633_008905_011A9E_BE01_preprocessed_extracted_xmx4",
        "acquisition_date": "2026-08-08",
        "acquisition_time": "14:16:14",
        "left": 483438.061760937,
        "bottom": 2967794.963305102,
        "right": 488558.061760937,
        "top": 2972914.963305102,
        "center_x": 485998.061760937,
        "center_y": 2970354.963305102,
        "crs": "EPSG:32640",
        "label": "uncertain",
        "old_cnn_score": 0.8281642198562622,
        "old_unet_mean_probability": 0.17217278480529785,
        "old_unet_max_probability": 0.371782124042511,
        "old_unet_p95": 0.2401304692029953,
        "old_candidate_pixel_count": 12609,
        "old_candidate_fraction": 0.1923980712890625,
        "old_fusion_score": 1.8777553905648094,
        "old_rank": 34,
        "new_cnn_score": 0.6053540110588074,
        "new_unet_mean_probability": 0.15558451414108276,
        "new_unet_max_probability": 0.3445647060871124,
        "new_unet_p95": 0.1907503604888916,
        "new_candidate_pixel_count": 2081,
        "new_candidate_fraction": 0.0317535400390625,
        "new_fusion_score": 0.8823274280371637,
        "new_rank": 118,
        "score_delta": -0.9954279625276458,
        "rank_delta": -84,
        "unet_p95_delta": -0.0493801087141037,
        "candidate_pixel_delta": -10528,
        "abs_candidate_pixel_delta": 10528,
        "external_context_zone": "qeshm_hengam_context_priority",
        "category": "both_high;strong_unet_mask_change;qeshm_hengam_context_priority",
        "review_recommendation": "highest manual review priority: both model versions rank high inside Qeshm/Hengam context zone"
      }
    },
    {
      "type": "Feature",
      "geometry": {
        "type": "Point",
        "coordinates": [
          56.70443823847796,
          26.854507290815082
        ]
      },
      "properties": {
        "tile": "D:\\SIHwork_2026\\data\\new_sar_case_study\\tiles_npz_run5_balanced3500\\S1C_20260808T141633_preprocessed_r8704_c12288_uncertain.npz",
        "tile_name": "S1C_20260808T141633_preprocessed_r8704_c12288_uncertain.npz",
        "scene": "S1C_IW_GRDH_1SDV_20260808T141614_20260808T141633_008905_011A9E_BE01_preprocessed_extracted_xmx4",
        "acquisition_date": "2026-08-08",
        "acquisition_time": "14:16:14",
        "left": 468078.061760937,
        "bottom": 2967794.963305102,
        "right": 473198.061760937,
        "top": 2972914.963305102,
        "center_x": 470638.061760937,
        "center_y": 2970354.963305102,
        "crs": "EPSG:32640",
        "label": "uncertain",
        "old_cnn_score": 0.8097542524337769,
        "old_unet_mean_probability": 0.17634359002113342,
        "old_unet_max_probability": 0.39574700593948364,
        "old_unet_p95": 0.24298077821731567,
        "old_candidate_pixel_count": 15751,
        "old_candidate_fraction": 0.2403411865234375,
        "old_fusion_score": 1.9015797777792776,
        "old_rank": 32,
        "new_cnn_score": 0.5600156784057617,
        "new_unet_mean_probability": 0.1577061116695404,
        "new_unet_max_probability": 0.32032981514930725,
        "new_unet_p95": 0.1974545419216156,
        "new_candidate_pixel_count": 2894,
        "new_candidate_fraction": 0.044158935546875,
        "new_fusion_score": 0.8813856553899116,
        "new_rank": 119,
        "score_delta": -1.0201941223893658,
        "rank_delta": -87,
        "unet_p95_delta": -0.04552623629570007,
        "candidate_pixel_delta": -12857,
        "abs_candidate_pixel_delta": 12857,
        "external_context_zone": "qeshm_hengam_context_priority",
        "category": "both_high;strong_unet_mask_change;qeshm_hengam_context_priority",
        "review_recommendation": "highest manual review priority: both model versions rank high inside Qeshm/Hengam context zone"
      }
    },
    {
      "type": "Feature",
      "geometry": {
        "type": "Point",
        "coordinates": [
          56.584116385252074,
          26.937042031291554
        ]
      },
      "properties": {
        "tile": "D:\\SIHwork_2026\\data\\new_sar_case_study\\tiles_npz_run5_balanced3500\\S1D_20260810T021454_preprocessed_r5120_c25088_uncertain.npz",
        "tile_name": "S1D_20260810T021454_preprocessed_r5120_c25088_uncertain.npz",
        "scene": "S1D_IW_GRDH_1SDV_20260810T021429_20260810T021454_004057_00763F_AFC5_preprocessed_extracted_xmx4",
        "acquisition_date": "2026-08-10",
        "acquisition_time": "02:14:29",
        "left": 456154.85972424183,
        "bottom": 2976969.977188905,
        "right": 461274.85972424183,
        "top": 2982089.977188905,
        "center_x": 458714.85972424183,
        "center_y": 2979529.977188905,
        "crs": "EPSG:32640",
        "label": "uncertain",
        "old_cnn_score": 0.8150083422660828,
        "old_unet_mean_probability": 0.17119276523590088,
        "old_unet_max_probability": 0.3751950263977051,
        "old_unet_p95": 0.23914764821529388,
        "old_candidate_pixel_count": 12230,
        "old_candidate_fraction": 0.186614990234375,
        "old_fusion_score": 1.8344149526853155,
        "old_rank": 41,
        "new_cnn_score": 0.6164602041244507,
        "new_unet_mean_probability": 0.1556323766708374,
        "new_unet_max_probability": 0.3428005576133728,
        "new_unet_p95": 0.18937890231609344,
        "new_candidate_pixel_count": 1837,
        "new_candidate_fraction": 0.0280303955078125,
        "new_fusion_score": 0.87750267450512,
        "new_rank": 120,
        "score_delta": -0.9569122781801955,
        "rank_delta": -79,
        "unet_p95_delta": -0.04976874589920044,
        "candidate_pixel_delta": -10393,
        "abs_candidate_pixel_delta": 10393,
        "external_context_zone": "qeshm_hengam_context_priority",
        "category": "both_high;strong_unet_mask_change;qeshm_hengam_context_priority",
        "review_recommendation": "highest manual review priority: both model versions rank high inside Qeshm/Hengam context zone"
      }
    },
    {
      "type": "Feature",
      "geometry": {
        "type": "Point",
        "coordinates": [
          56.60136258206529,
          26.854254284302616
        ]
      },
      "properties": {
        "tile": "D:\\SIHwork_2026\\data\\new_sar_case_study\\tiles_npz_run5_balanced3500\\S1C_20260808T141633_preprocessed_r8704_c11264_uncertain.npz",
        "tile_name": "S1C_20260808T141633_preprocessed_r8704_c11264_uncertain.npz",
        "scene": "S1C_IW_GRDH_1SDV_20260808T141614_20260808T141633_008905_011A9E_BE01_preprocessed_extracted_xmx4",
        "acquisition_date": "2026-08-08",
        "acquisition_time": "14:16:14",
        "left": 457838.061760937,
        "bottom": 2967794.963305102,
        "right": 462958.061760937,
        "top": 2972914.963305102,
        "center_x": 460398.061760937,
        "center_y": 2970354.963305102,
        "crs": "EPSG:32640",
        "label": "uncertain",
        "old_cnn_score": 0.7987273335456848,
        "old_unet_mean_probability": 0.17493289709091187,
        "old_unet_max_probability": 0.3935105800628662,
        "old_unet_p95": 0.23971913754940033,
        "old_candidate_pixel_count": 14293,
        "old_candidate_fraction": 0.2180938720703125,
        "old_fusion_score": 1.83190961990535,
        "old_rank": 42,
        "new_cnn_score": 0.5596532821655273,
        "new_unet_mean_probability": 0.15706110000610352,
        "new_unet_max_probability": 0.352883905172348,
        "new_unet_p95": 0.1966535747051239,
        "new_candidate_pixel_count": 2824,
        "new_candidate_fraction": 0.0430908203125,
        "new_fusion_score": 0.8745484421029966,
        "new_rank": 122,
        "score_delta": -0.9573611778023533,
        "rank_delta": -80,
        "unet_p95_delta": -0.04306556284427643,
        "candidate_pixel_delta": -11469,
        "abs_candidate_pixel_delta": 11469,
        "external_context_zone": "qeshm_hengam_context_priority",
        "category": "both_high;strong_unet_mask_change;qeshm_hengam_context_priority",
        "review_recommendation": "highest manual review priority: both model versions rank high inside Qeshm/Hengam context zone"
      }
    },
    {
      "type": "Feature",
      "geometry": {
        "type": "Point",
        "coordinates": [
          56.11888416294442,
          27.073573412055044
        ]
      },
      "properties": {
        "tile": "D:\\SIHwork_2026\\data\\new_sar_case_study\\tiles_npz_run5_balanced3500\\S1D_20260810T021454_preprocessed_r3584_c20480_uncertain.npz",
        "tile_name": "S1D_20260810T021454_preprocessed_r3584_c20480_uncertain.npz",
        "scene": "S1D_IW_GRDH_1SDV_20260810T021429_20260810T021454_004057_00763F_AFC5_preprocessed_extracted_xmx4",
        "acquisition_date": "2026-08-10",
        "acquisition_time": "02:14:29",
        "left": 410074.85972424183,
        "bottom": 2992329.977188905,
        "right": 415194.85972424183,
        "top": 2997449.977188905,
        "center_x": 412634.85972424183,
        "center_y": 2994889.977188905,
        "crs": "EPSG:32640",
        "label": "uncertain",
        "old_cnn_score": 0.9038785696029663,
        "old_unet_mean_probability": 0.157929927110672,
        "old_unet_max_probability": 0.3759520649909973,
        "old_unet_p95": 0.19912873208522797,
        "old_candidate_pixel_count": 3177,
        "old_candidate_fraction": 0.0484771728515625,
        "old_fusion_score": 1.4514261149685799,
        "old_rank": 109,
        "new_cnn_score": 0.7540837526321411,
        "new_unet_mean_probability": 0.152536541223526,
        "new_unet_max_probability": 0.3428005576133728,
        "new_unet_p95": 0.17748725414276123,
        "new_candidate_pixel_count": 659,
        "new_candidate_fraction": 0.0100555419921875,
        "new_fusion_score": 0.8689230327572881,
        "new_rank": 126,
        "score_delta": -0.5825030822112918,
        "rank_delta": -17,
        "unet_p95_delta": -0.021641477942466736,
        "candidate_pixel_delta": -2518,
        "abs_candidate_pixel_delta": 2518,
        "external_context_zone": "qeshm_hengam_context_priority",
        "category": "both_high;qeshm_hengam_context_priority",
        "review_recommendation": "highest manual review priority: both model versions rank high inside Qeshm/Hengam context zone"
      }
    },
    {
      "type": "Feature",
      "geometry": {
        "type": "Point",
        "coordinates": [
          56.20052196847606,
          27.090008815593457
        ]
      },
      "properties": {
        "tile": "D:\\SIHwork_2026\\data\\new_sar_case_study\\tiles_npz_run5_balanced3500\\S1C_IW_GRDH_1SDV_20260804T021408_20260804T021438_r7680_c20480_uncertain.npz",
        "tile_name": "S1C_IW_GRDH_1SDV_20260804T021408_20260804T021438_r7680_c20480_uncertain.npz",
        "scene": "S1C_IW_GRDH_1SDV_20260804T021408_20260804T021438_008839_01188E_BC5E",
        "acquisition_date": "2026-08-04",
        "acquisition_time": "02:14:08",
        "left": 418181.37147003977,
        "bottom": 2994096.4374795803,
        "right": 423301.37147003977,
        "top": 2999216.4374795803,
        "center_x": 420741.37147003977,
        "center_y": 2996656.4374795803,
        "crs": "EPSG:32640",
        "label": "uncertain",
        "old_cnn_score": 0.9212229251861572,
        "old_unet_mean_probability": 0.161071315407753,
        "old_unet_max_probability": 0.34143462777137756,
        "old_unet_p95": 0.20188337564468384,
        "old_candidate_pixel_count": 3500,
        "old_candidate_fraction": 0.05340576171875,
        "old_fusion_score": 1.5177429987727102,
        "old_rank": 89,
        "new_cnn_score": 0.7770164012908936,
        "new_unet_mean_probability": 0.15488964319229126,
        "new_unet_max_probability": 0.30634206533432007,
        "new_unet_p95": 0.17604033648967743,
        "new_candidate_pixel_count": 561,
        "new_candidate_fraction": 0.0085601806640625,
        "new_fusion_score": 0.8660622603151877,
        "new_rank": 130,
        "score_delta": -0.6516807384575225,
        "rank_delta": -41,
        "unet_p95_delta": -0.02584303915500641,
        "candidate_pixel_delta": -2939,
        "abs_candidate_pixel_delta": 2939,
        "external_context_zone": "qeshm_hengam_context_priority",
        "category": "both_high;qeshm_hengam_context_priority",
        "review_recommendation": "highest manual review priority: both model versions rank high inside Qeshm/Hengam context zone"
      }
    },
    {
      "type": "Feature",
      "geometry": {
        "type": "Point",
        "coordinates": [
          56.29214657852604,
          26.853044515425623
        ]
      },
      "properties": {
        "tile": "D:\\SIHwork_2026\\data\\new_sar_case_study\\tiles_npz_run5_balanced3500\\S1C_20260808T141633_preprocessed_r8704_c8192_uncertain.npz",
        "tile_name": "S1C_20260808T141633_preprocessed_r8704_c8192_uncertain.npz",
        "scene": "S1C_IW_GRDH_1SDV_20260808T141614_20260808T141633_008905_011A9E_BE01_preprocessed_extracted_xmx4",
        "acquisition_date": "2026-08-08",
        "acquisition_time": "14:16:14",
        "left": 427118.061760937,
        "bottom": 2967794.963305102,
        "right": 432238.061760937,
        "top": 2972914.963305102,
        "center_x": 429678.061760937,
        "center_y": 2970354.963305102,
        "crs": "EPSG:32640",
        "label": "uncertain",
        "old_cnn_score": 0.6186690330505371,
        "old_unet_mean_probability": 0.16946731507778168,
        "old_unet_max_probability": 0.3563733994960785,
        "old_unet_p95": 0.2116965502500534,
        "old_candidate_pixel_count": 4344,
        "old_candidate_fraction": 0.0662841796875,
        "old_fusion_score": 1.097107850548614,
        "old_rank": 239,
        "new_cnn_score": 0.5951001048088074,
        "new_unet_mean_probability": 0.16492709517478943,
        "new_unet_max_probability": 0.3472401201725006,
        "new_unet_p95": 0.18998360633850098,
        "new_candidate_pixel_count": 2074,
        "new_candidate_fraction": 0.031646728515625,
        "new_fusion_score": 0.8635145988538253,
        "new_rank": 131,
        "score_delta": -0.23359325169478873,
        "rank_delta": 108,
        "unet_p95_delta": -0.02171294391155243,
        "candidate_pixel_delta": -2270,
        "abs_candidate_pixel_delta": 2270,
        "external_context_zone": "qeshm_hengam_context_priority",
        "category": "both_high;qeshm_hengam_context_priority",
        "review_recommendation": "highest manual review priority: both model versions rank high inside Qeshm/Hengam context zone"
      }
    },
    {
      "type": "Feature",
      "geometry": {
        "type": "Point",
        "coordinates": [
          56.55000801138657,
          26.80787352438121
        ]
      },
      "properties": {
        "tile": "D:\\SIHwork_2026\\data\\new_sar_case_study\\tiles_npz_run5_balanced3500\\S1C_20260808T141633_preprocessed_r9216_c10752_uncertain.npz",
        "tile_name": "S1C_20260808T141633_preprocessed_r9216_c10752_uncertain.npz",
        "scene": "S1C_IW_GRDH_1SDV_20260808T141614_20260808T141633_008905_011A9E_BE01_preprocessed_extracted_xmx4",
        "acquisition_date": "2026-08-08",
        "acquisition_time": "14:16:14",
        "left": 452718.061760937,
        "bottom": 2962674.963305102,
        "right": 457838.061760937,
        "top": 2967794.963305102,
        "center_x": 455278.061760937,
        "center_y": 2965234.963305102,
        "crs": "EPSG:32640",
        "label": "uncertain",
        "old_cnn_score": 0.8352096676826477,
        "old_unet_mean_probability": 0.17083591222763062,
        "old_unet_max_probability": 0.38215672969818115,
        "old_unet_p95": 0.23395143449306488,
        "old_candidate_pixel_count": 11652,
        "old_candidate_fraction": 0.17779541015625,
        "old_fusion_score": 1.8295784738874779,
        "old_rank": 43,
        "new_cnn_score": 0.6172590255737305,
        "new_unet_mean_probability": 0.15498745441436768,
        "new_unet_max_probability": 0.34378740191459656,
        "new_unet_p95": 0.18671691417694092,
        "new_candidate_pixel_count": 1754,
        "new_candidate_fraction": 0.026763916015625,
        "new_fusion_score": 0.8609635050251041,
        "new_rank": 132,
        "score_delta": -0.9686149688623737,
        "rank_delta": -89,
        "unet_p95_delta": -0.04723452031612396,
        "candidate_pixel_delta": -9898,
        "abs_candidate_pixel_delta": 9898,
        "external_context_zone": "qeshm_hengam_context_priority",
        "category": "both_high;strong_unet_mask_change;qeshm_hengam_context_priority",
        "review_recommendation": "highest manual review priority: both model versions rank high inside Qeshm/Hengam context zone"
      }
    },
    {
      "type": "Feature",
      "geometry": {
        "type": "Point",
        "coordinates": [
          56.9177703878836,
          26.871524537407986
        ]
      },
      "properties": {
        "tile": "D:\\SIHwork_2026\\data\\new_sar_case_study\\tiles_npz_run5_balanced3500\\S1D_20260805T020639_preprocessed_r6144_c7680_uncertain.npz",
        "tile_name": "S1D_20260805T020639_preprocessed_r6144_c7680_uncertain.npz",
        "scene": "S1D_IW_GRDH_1SDV_20260805T020614_20260805T020639_003984_0073C1_55A6_preprocessed_after_c_cleanup_xmx4",
        "acquisition_date": "2026-08-05",
        "acquisition_time": "02:06:14",
        "left": 489272.3208254428,
        "bottom": 2969648.1820285493,
        "right": 494392.3208254428,
        "top": 2974768.1820285493,
        "center_x": 491832.3208254428,
        "center_y": 2972208.1820285493,
        "crs": "EPSG:32640",
        "label": "uncertain",
        "old_cnn_score": 0.9415631294250488,
        "old_unet_mean_probability": 0.15984320640563965,
        "old_unet_max_probability": 0.34318795800209045,
        "old_unet_p95": 0.17612503468990326,
        "old_candidate_pixel_count": 886,
        "old_candidate_fraction": 0.013519287109375,
        "old_fusion_score": 1.1256476029728357,
        "old_rank": 225,
        "new_cnn_score": 0.8822091817855835,
        "new_unet_mean_probability": 0.1598118394613266,
        "new_unet_max_probability": 0.3381776213645935,
        "new_unet_p95": 0.18012407422065735,
        "new_candidate_pixel_count": 217,
        "new_candidate_fraction": 0.0033111572265625,
        "new_fusion_score": 0.8556345607496275,
        "new_rank": 135,
        "score_delta": -0.2700130422232082,
        "rank_delta": 90,
        "unet_p95_delta": 0.003999039530754089,
        "candidate_pixel_delta": -669,
        "abs_candidate_pixel_delta": 669,
        "external_context_zone": "qeshm_hengam_context_priority",
        "category": "both_high;qeshm_hengam_context_priority",
        "review_recommendation": "highest manual review priority: both model versions rank high inside Qeshm/Hengam context zone"
      }
    },
    {
      "type": "Feature",
      "geometry": {
        "type": "Point",
        "coordinates": [
          56.35544869022179,
          27.090804621445635
        ]
      },
      "properties": {
        "tile": "D:\\SIHwork_2026\\data\\new_sar_case_study\\tiles_npz_run5_balanced3500\\S1C_IW_GRDH_1SDV_20260804T021408_20260804T021438_r7680_c22016_uncertain.npz",
        "tile_name": "S1C_IW_GRDH_1SDV_20260804T021408_20260804T021438_r7680_c22016_uncertain.npz",
        "scene": "S1C_IW_GRDH_1SDV_20260804T021408_20260804T021438_008839_01188E_BC5E",
        "acquisition_date": "2026-08-04",
        "acquisition_time": "02:14:08",
        "left": 433541.37147003977,
        "bottom": 2994096.4374795803,
        "right": 438661.37147003977,
        "top": 2999216.4374795803,
        "center_x": 436101.37147003977,
        "center_y": 2996656.4374795803,
        "crs": "EPSG:32640",
        "label": "uncertain",
        "old_cnn_score": 0.9405439496040344,
        "old_unet_mean_probability": 0.15314513444900513,
        "old_unet_max_probability": 0.31013426184654236,
        "old_unet_p95": 0.1773679256439209,
        "old_candidate_pixel_count": 1036,
        "old_candidate_fraction": 0.01580810546875,
        "old_fusion_score": 1.1584288030656222,
        "old_rank": 207,
        "new_cnn_score": 0.8464863896369934,
        "new_unet_mean_probability": 0.15107958018779755,
        "new_unet_max_probability": 0.3279302716255188,
        "new_unet_p95": 0.17661619186401367,
        "new_candidate_pixel_count": 297,
        "new_candidate_fraction": 0.0045318603515625,
        "new_fusion_score": 0.8517337217578507,
        "new_rank": 136,
        "score_delta": -0.30669508130777157,
        "rank_delta": 71,
        "unet_p95_delta": -0.0007517337799072266,
        "candidate_pixel_delta": -739,
        "abs_candidate_pixel_delta": 739,
        "external_context_zone": "qeshm_hengam_context_priority",
        "category": "both_high;qeshm_hengam_context_priority",
        "review_recommendation": "highest manual review priority: both model versions rank high inside Qeshm/Hengam context zone"
      }
    },
    {
      "type": "Feature",
      "geometry": {
        "type": "Point",
        "coordinates": [
          55.67326082968729,
          26.89481207829708
        ]
      },
      "properties": {
        "tile": "D:\\SIHwork_2026\\data\\new_sar_case_study\\tiles_npz_run5_balanced3500\\S1C_20260808T141633_preprocessed_r8192_c2048_uncertain.npz",
        "tile_name": "S1C_20260808T141633_preprocessed_r8192_c2048_uncertain.npz",
        "scene": "S1C_IW_GRDH_1SDV_20260808T141614_20260808T141633_008905_011A9E_BE01_preprocessed_extracted_xmx4",
        "acquisition_date": "2026-08-08",
        "acquisition_time": "14:16:14",
        "left": 365678.061760937,
        "bottom": 2972914.963305102,
        "right": 370798.061760937,
        "top": 2978034.963305102,
        "center_x": 368238.061760937,
        "center_y": 2975474.963305102,
        "crs": "EPSG:32640",
        "label": "uncertain",
        "old_cnn_score": 0.6414868235588074,
        "old_unet_mean_probability": 0.17112824320793152,
        "old_unet_max_probability": 0.3623424172401428,
        "old_unet_p95": 0.20408567786216736,
        "old_candidate_pixel_count": 3953,
        "old_candidate_fraction": 0.0603179931640625,
        "old_fusion_score": 1.0843283728691813,
        "old_rank": 244,
        "new_cnn_score": 0.612369179725647,
        "new_unet_mean_probability": 0.17221024632453918,
        "new_unet_max_probability": 0.3168182373046875,
        "new_unet_p95": 0.19636337459087372,
        "new_candidate_pixel_count": 1188,
        "new_candidate_fraction": 0.01812744140625,
        "new_fusion_score": 0.8514522625427595,
        "new_rank": 137,
        "score_delta": -0.23287611032642175,
        "rank_delta": 107,
        "unet_p95_delta": -0.00772230327129364,
        "candidate_pixel_delta": -2765,
        "abs_candidate_pixel_delta": 2765,
        "external_context_zone": "qeshm_hengam_context_priority",
        "category": "both_high;qeshm_hengam_context_priority",
        "review_recommendation": "highest manual review priority: both model versions rank high inside Qeshm/Hengam context zone"
      }
    },
    {
      "type": "Feature",
      "geometry": {
        "type": "Point",
        "coordinates": [
          56.53235080090204,
          26.98310573068932
        ]
      },
      "properties": {
        "tile": "D:\\SIHwork_2026\\data\\new_sar_case_study\\tiles_npz_run5_balanced3500\\S1D_20260810T021454_preprocessed_r4608_c24576_uncertain.npz",
        "tile_name": "S1D_20260810T021454_preprocessed_r4608_c24576_uncertain.npz",
        "scene": "S1D_IW_GRDH_1SDV_20260810T021429_20260810T021454_004057_00763F_AFC5_preprocessed_extracted_xmx4",
        "acquisition_date": "2026-08-10",
        "acquisition_time": "02:14:29",
        "left": 451034.85972424183,
        "bottom": 2982089.977188905,
        "right": 456154.85972424183,
        "top": 2987209.977188905,
        "center_x": 453594.85972424183,
        "center_y": 2984649.977188905,
        "crs": "EPSG:32640",
        "label": "uncertain",
        "old_cnn_score": 0.9643446803092957,
        "old_unet_mean_probability": 0.16066554188728333,
        "old_unet_max_probability": 0.3428431749343872,
        "old_unet_p95": 0.19630616903305054,
        "old_candidate_pixel_count": 2913,
        "old_candidate_fraction": 0.0444488525390625,
        "old_fusion_score": 1.510153803938551,
        "old_rank": 93,
        "new_cnn_score": 0.8903710842132568,
        "new_unet_mean_probability": 0.15448467433452606,
        "new_unet_max_probability": 0.30566689372062683,
        "new_unet_p95": 0.17400938272476196,
        "new_candidate_pixel_count": 236,
        "new_candidate_fraction": 0.00360107421875,
        "new_fusion_score": 0.8471825394931187,
        "new_rank": 140,
        "score_delta": -0.6629712644454322,
        "rank_delta": -47,
        "unet_p95_delta": -0.022296786308288574,
        "candidate_pixel_delta": -2677,
        "abs_candidate_pixel_delta": 2677,
        "external_context_zone": "qeshm_hengam_context_priority",
        "category": "both_high;qeshm_hengam_context_priority",
        "review_recommendation": "highest manual review priority: both model versions rank high inside Qeshm/Hengam context zone"
      }
    },
    {
      "type": "Feature",
      "geometry": {
        "type": "Point",
        "coordinates": [
          56.80743674217973,
          26.900912112711353
        ]
      },
      "properties": {
        "tile": "D:\\SIHwork_2026\\data\\new_sar_case_study\\tiles_npz_run5_balanced3500\\S1C_20260808T141633_preprocessed_r8192_c13312_uncertain.npz",
        "tile_name": "S1C_20260808T141633_preprocessed_r8192_c13312_uncertain.npz",
        "scene": "S1C_IW_GRDH_1SDV_20260808T141614_20260808T141633_008905_011A9E_BE01_preprocessed_extracted_xmx4",
        "acquisition_date": "2026-08-08",
        "acquisition_time": "14:16:14",
        "left": 478318.061760937,
        "bottom": 2972914.963305102,
        "right": 483438.061760937,
        "top": 2978034.963305102,
        "center_x": 480878.061760937,
        "center_y": 2975474.963305102,
        "crs": "EPSG:32640",
        "label": "uncertain",
        "old_cnn_score": 0.7835476398468018,
        "old_unet_mean_probability": 0.17602623999118805,
        "old_unet_max_probability": 0.37348711490631104,
        "old_unet_p95": 0.24777673184871674,
        "old_candidate_pixel_count": 15331,
        "old_candidate_fraction": 0.2339324951171875,
        "old_fusion_score": 1.871109547207835,
        "old_rank": 36,
        "new_cnn_score": 0.5339717864990234,
        "new_unet_mean_probability": 0.15710584819316864,
        "new_unet_max_probability": 0.33344992995262146,
        "new_unet_p95": 0.19767551124095917,
        "new_candidate_pixel_count": 2991,
        "new_candidate_fraction": 0.0456390380859375,
        "new_fusion_score": 0.844815432848354,
        "new_rank": 141,
        "score_delta": -1.026294114359481,
        "rank_delta": -105,
        "unet_p95_delta": -0.05010122060775757,
        "candidate_pixel_delta": -12340,
        "abs_candidate_pixel_delta": 12340,
        "external_context_zone": "qeshm_hengam_context_priority",
        "category": "both_high;strong_unet_mask_change;qeshm_hengam_context_priority",
        "review_recommendation": "highest manual review priority: both model versions rank high inside Qeshm/Hengam context zone"
      }
    },
    {
      "type": "Feature",
      "geometry": {
        "type": "Point",
        "coordinates": [
          56.73884282978309,
          26.937413213243595
        ]
      },
      "properties": {
        "tile": "D:\\SIHwork_2026\\data\\new_sar_case_study\\tiles_npz_run5_balanced3500\\S1D_20260810T021454_preprocessed_r5120_c26624_uncertain.npz",
        "tile_name": "S1D_20260810T021454_preprocessed_r5120_c26624_uncertain.npz",
        "scene": "S1D_IW_GRDH_1SDV_20260810T021429_20260810T021454_004057_00763F_AFC5_preprocessed_extracted_xmx4",
        "acquisition_date": "2026-08-10",
        "acquisition_time": "02:14:29",
        "left": 471514.85972424183,
        "bottom": 2976969.977188905,
        "right": 476634.85972424183,
        "top": 2982089.977188905,
        "center_x": 474074.85972424183,
        "center_y": 2979529.977188905,
        "crs": "EPSG:32640",
        "label": "uncertain",
        "old_cnn_score": 0.8179845213890076,
        "old_unet_mean_probability": 0.16562293469905853,
        "old_unet_max_probability": 0.3602698743343353,
        "old_unet_p95": 0.2186730057001114,
        "old_candidate_pixel_count": 7879,
        "old_candidate_fraction": 0.1202239990234375,
        "old_fusion_score": 1.6048466924363252,
        "old_rank": 70,
        "new_cnn_score": 0.6001325845718384,
        "new_unet_mean_probability": 0.15590734779834747,
        "new_unet_max_probability": 0.3428005576133728,
        "new_unet_p95": 0.18866898119449615,
        "new_candidate_pixel_count": 1733,
        "new_candidate_fraction": 0.0264434814453125,
        "new_fusion_score": 0.8444635938328906,
        "new_rank": 142,
        "score_delta": -0.7603830986034346,
        "rank_delta": -72,
        "unet_p95_delta": -0.030004024505615234,
        "candidate_pixel_delta": -6146,
        "abs_candidate_pixel_delta": 6146,
        "external_context_zone": "qeshm_hengam_context_priority",
        "category": "both_high;qeshm_hengam_context_priority",
        "review_recommendation": "highest manual review priority: both model versions rank high inside Qeshm/Hengam context zone"
      }
    },
    {
      "type": "Feature",
      "geometry": {
        "type": "Point",
        "coordinates": [
          56.498084382388,
          26.900151583438333
        ]
      },
      "properties": {
        "tile": "D:\\SIHwork_2026\\data\\new_sar_case_study\\tiles_npz_run5_balanced3500\\S1C_20260808T141633_preprocessed_r8192_c10240_uncertain.npz",
        "tile_name": "S1C_20260808T141633_preprocessed_r8192_c10240_uncertain.npz",
        "scene": "S1C_IW_GRDH_1SDV_20260808T141614_20260808T141633_008905_011A9E_BE01_preprocessed_extracted_xmx4",
        "acquisition_date": "2026-08-08",
        "acquisition_time": "14:16:14",
        "left": 447598.061760937,
        "bottom": 2972914.963305102,
        "right": 452718.061760937,
        "top": 2978034.963305102,
        "center_x": 450158.061760937,
        "center_y": 2975474.963305102,
        "crs": "EPSG:32640",
        "label": "uncertain",
        "old_cnn_score": 0.8689282536506653,
        "old_unet_mean_probability": 0.16325941681861877,
        "old_unet_max_probability": 0.3692237138748169,
        "old_unet_p95": 0.21309098601341248,
        "old_candidate_pixel_count": 5826,
        "old_candidate_fraction": 0.088897705078125,
        "old_fusion_score": 1.6053916395867238,
        "old_rank": 69,
        "new_cnn_score": 0.6890038847923279,
        "new_unet_mean_probability": 0.1540917158126831,
        "new_unet_max_probability": 0.3162682354450226,
        "new_unet_p95": 0.17880742251873016,
        "new_candidate_pixel_count": 835,
        "new_candidate_fraction": 0.0127410888671875,
        "new_fusion_score": 0.8289603753460077,
        "new_rank": 151,
        "score_delta": -0.7764312642407161,
        "rank_delta": -82,
        "unet_p95_delta": -0.03428356349468231,
        "candidate_pixel_delta": -4991,
        "abs_candidate_pixel_delta": 4991,
        "external_context_zone": "qeshm_hengam_context_priority",
        "category": "both_high;qeshm_hengam_context_priority",
        "review_recommendation": "highest manual review priority: both model versions rank high inside Qeshm/Hengam context zone"
      }
    },
    {
      "type": "Feature",
      "geometry": {
        "type": "Point",
        "coordinates": [
          55.81393242575741,
          26.609116426240426
        ]
      },
      "properties": {
        "tile": "D:\\SIHwork_2026\\data\\new_sar_case_study\\tiles_npz_run5_balanced3500\\S1D_20260810T021454_preprocessed_r8704_c17408_uncertain.npz",
        "tile_name": "S1D_20260810T021454_preprocessed_r8704_c17408_uncertain.npz",
        "scene": "S1D_IW_GRDH_1SDV_20260810T021429_20260810T021454_004057_00763F_AFC5_preprocessed_extracted_xmx4",
        "acquisition_date": "2026-08-10",
        "acquisition_time": "02:14:29",
        "left": 379354.85972424183,
        "bottom": 2941129.977188905,
        "right": 384474.85972424183,
        "top": 2946249.977188905,
        "center_x": 381914.85972424183,
        "center_y": 2943689.977188905,
        "crs": "EPSG:32640",
        "label": "uncertain",
        "old_cnn_score": 0.8891047239303589,
        "old_unet_mean_probability": 0.1605570912361145,
        "old_unet_max_probability": 0.36329811811447144,
        "old_unet_p95": 0.20634162425994873,
        "old_candidate_pixel_count": 4231,
        "old_candidate_fraction": 0.0645599365234375,
        "old_fusion_score": 1.5319641451392727,
        "old_rank": 84,
        "new_cnn_score": 0.7341522574424744,
        "new_unet_mean_probability": 0.15329092741012573,
        "new_unet_max_probability": 0.30494600534439087,
        "new_unet_p95": 0.1763799488544464,
        "new_candidate_pixel_count": 598,
        "new_candidate_fraction": 0.009124755859375,
        "new_fusion_score": 0.8281207463453478,
        "new_rank": 153,
        "score_delta": -0.7038433987939249,
        "rank_delta": -69,
        "unet_p95_delta": -0.02996167540550232,
        "candidate_pixel_delta": -3633,
        "abs_candidate_pixel_delta": 3633,
        "external_context_zone": "qeshm_hengam_context_priority",
        "category": "both_high;qeshm_hengam_context_priority",
        "review_recommendation": "highest manual review priority: both model versions rank high inside Qeshm/Hengam context zone"
      }
    },
    {
      "type": "Feature",
      "geometry": {
        "type": "Point",
        "coordinates": [
          56.85893894372872,
          26.947199761560334
        ]
      },
      "properties": {
        "tile": "D:\\SIHwork_2026\\data\\new_sar_case_study\\tiles_npz_run5_balanced3500\\S1C_20260808T141633_preprocessed_r7680_c13824_uncertain.npz",
        "tile_name": "S1C_20260808T141633_preprocessed_r7680_c13824_uncertain.npz",
        "scene": "S1C_IW_GRDH_1SDV_20260808T141614_20260808T141633_008905_011A9E_BE01_preprocessed_extracted_xmx4",
        "acquisition_date": "2026-08-08",
        "acquisition_time": "14:16:14",
        "left": 483438.061760937,
        "bottom": 2978034.963305102,
        "right": 488558.061760937,
        "top": 2983154.963305102,
        "center_x": 485998.061760937,
        "center_y": 2980594.963305102,
        "crs": "EPSG:32640",
        "label": "uncertain",
        "old_cnn_score": 0.7935301065444946,
        "old_unet_mean_probability": 0.17144045233726501,
        "old_unet_max_probability": 0.377259761095047,
        "old_unet_p95": 0.23629869520664215,
        "old_candidate_pixel_count": 12183,
        "old_candidate_fraction": 0.1858978271484375,
        "old_fusion_score": 1.7640725831027575,
        "old_rank": 49,
        "new_cnn_score": 0.5668104887008667,
        "new_unet_mean_probability": 0.15606632828712463,
        "new_unet_max_probability": 0.34338778257369995,
        "new_unet_p95": 0.19101721048355103,
        "new_candidate_pixel_count": 2067,
        "new_candidate_fraction": 0.0315399169921875,
        "new_fusion_score": 0.8265739557021102,
        "new_rank": 154,
        "score_delta": -0.9374986274006473,
        "rank_delta": -105,
        "unet_p95_delta": -0.045281484723091125,
        "candidate_pixel_delta": -10116,
        "abs_candidate_pixel_delta": 10116,
        "external_context_zone": "qeshm_hengam_context_priority",
        "category": "both_high;strong_unet_mask_change;qeshm_hengam_context_priority",
        "review_recommendation": "highest manual review priority: both model versions rank high inside Qeshm/Hengam context zone"
      }
    },
    {
      "type": "Feature",
      "geometry": {
        "type": "Point",
        "coordinates": [
          55.82549629319566,
          27.12726298386791
        ]
      },
      "properties": {
        "tile": "D:\\SIHwork_2026\\data\\new_sar_case_study\\tiles_npz_run5_balanced3500\\S1C_20260808T141633_preprocessed_r5632_c3584_uncertain.npz",
        "tile_name": "S1C_20260808T141633_preprocessed_r5632_c3584_uncertain.npz",
        "scene": "S1C_IW_GRDH_1SDV_20260808T141614_20260808T141633_008905_011A9E_BE01_preprocessed_extracted_xmx4",
        "acquisition_date": "2026-08-08",
        "acquisition_time": "14:16:14",
        "left": 381038.061760937,
        "bottom": 2998514.963305102,
        "right": 386158.061760937,
        "top": 3003634.963305102,
        "center_x": 383598.061760937,
        "center_y": 3001074.963305102,
        "crs": "EPSG:32640",
        "label": "uncertain",
        "old_cnn_score": 0.711789608001709,
        "old_unet_mean_probability": 0.167200967669487,
        "old_unet_max_probability": 0.39377185702323914,
        "old_unet_p95": 0.20296098291873932,
        "old_candidate_pixel_count": 3500,
        "old_candidate_fraction": 0.05340576171875,
        "old_fusion_score": 1.178954769583913,
        "old_rank": 194,
        "new_cnn_score": 0.569615364074707,
        "new_unet_mean_probability": 0.16665929555892944,
        "new_unet_max_probability": 0.35386088490486145,
        "new_unet_p95": 0.19069594144821167,
        "new_candidate_pixel_count": 1926,
        "new_candidate_fraction": 0.029388427734375,
        "new_fusion_score": 0.8215964789537279,
        "new_rank": 155,
        "score_delta": -0.3573582906301852,
        "rank_delta": 39,
        "unet_p95_delta": -0.012265041470527649,
        "candidate_pixel_delta": -1574,
        "abs_candidate_pixel_delta": 1574,
        "external_context_zone": "qeshm_hengam_context_priority",
        "category": "both_high;qeshm_hengam_context_priority",
        "review_recommendation": "highest manual review priority: both model versions rank high inside Qeshm/Hengam context zone"
      }
    },
    {
      "type": "Feature",
      "geometry": {
        "type": "Point",
        "coordinates": [
          55.71058142163131,
          26.65443915023084
        ]
      },
      "properties": {
        "tile": "D:\\SIHwork_2026\\data\\new_sar_case_study\\tiles_npz_run5_balanced3500\\S1D_20260810T021454_preprocessed_r8192_c16384_uncertain.npz",
        "tile_name": "S1D_20260810T021454_preprocessed_r8192_c16384_uncertain.npz",
        "scene": "S1D_IW_GRDH_1SDV_20260810T021429_20260810T021454_004057_00763F_AFC5_preprocessed_extracted_xmx4",
        "acquisition_date": "2026-08-10",
        "acquisition_time": "02:14:29",
        "left": 369114.85972424183,
        "bottom": 2946249.977188905,
        "right": 374234.85972424183,
        "top": 2951369.977188905,
        "center_x": 371674.85972424183,
        "center_y": 2948809.977188905,
        "crs": "EPSG:32640",
        "label": "uncertain",
        "old_cnn_score": 0.8160956501960754,
        "old_unet_mean_probability": 0.16793906688690186,
        "old_unet_max_probability": 0.3803073763847351,
        "old_unet_p95": 0.22958135604858398,
        "old_candidate_pixel_count": 9616,
        "old_candidate_fraction": 0.146728515625,
        "old_fusion_score": 1.7183356267215486,
        "old_rank": 53,
        "new_cnn_score": 0.5690862536430359,
        "new_unet_mean_probability": 0.15563254058361053,
        "new_unet_max_probability": 0.3428005576133728,
        "new_unet_p95": 0.18872219324111938,
        "new_candidate_pixel_count": 2004,
        "new_candidate_fraction": 0.03057861328125,
        "new_fusion_score": 0.8165990514635686,
        "new_rank": 159,
        "score_delta": -0.90173657525798,
        "rank_delta": -106,
        "unet_p95_delta": -0.0408591628074646,
        "candidate_pixel_delta": -7612,
        "abs_candidate_pixel_delta": 7612,
        "external_context_zone": "qeshm_hengam_context_priority",
        "category": "both_high;strong_unet_mask_change;qeshm_hengam_context_priority",
        "review_recommendation": "highest manual review priority: both model versions rank high inside Qeshm/Hengam context zone"
      }
    },
    {
      "type": "Feature",
      "geometry": {
        "type": "Point",
        "coordinates": [
          56.303519626433705,
          27.136780556338337
        ]
      },
      "properties": {
        "tile": "D:\\SIHwork_2026\\data\\new_sar_case_study\\tiles_npz_run5_balanced3500\\S1C_IW_GRDH_1SDV_20260804T021408_20260804T021438_r7168_c21504_uncertain.npz",
        "tile_name": "S1C_IW_GRDH_1SDV_20260804T021408_20260804T021438_r7168_c21504_uncertain.npz",
        "scene": "S1C_IW_GRDH_1SDV_20260804T021408_20260804T021438_008839_01188E_BC5E",
        "acquisition_date": "2026-08-04",
        "acquisition_time": "02:14:08",
        "left": 428421.37147003977,
        "bottom": 2999216.4374795803,
        "right": 433541.37147003977,
        "top": 3004336.4374795803,
        "center_x": 430981.37147003977,
        "center_y": 3001776.4374795803,
        "crs": "EPSG:32640",
        "label": "uncertain",
        "old_cnn_score": 0.586448073387146,
        "old_unet_mean_probability": 0.1690252274274826,
        "old_unet_max_probability": 0.3651869297027588,
        "old_unet_p95": 0.23901823163032532,
        "old_candidate_pixel_count": 10133,
        "old_candidate_fraction": 0.1546173095703125,
        "old_fusion_score": 1.292895646199129,
        "old_rank": 153,
        "new_cnn_score": 0.4705429971218109,
        "new_unet_mean_probability": 0.1598440259695053,
        "new_unet_max_probability": 0.3537483513355255,
        "new_unet_p95": 0.20755894482135773,
        "new_candidate_pixel_count": 4230,
        "new_candidate_fraction": 0.064544677734375,
        "new_fusion_score": 0.8155250695735269,
        "new_rank": 161,
        "score_delta": -0.4773705766256021,
        "rank_delta": -8,
        "unet_p95_delta": -0.03145928680896759,
        "candidate_pixel_delta": -5903,
        "abs_candidate_pixel_delta": 5903,
        "external_context_zone": "qeshm_hengam_context_priority",
        "category": "both_high;qeshm_hengam_context_priority",
        "review_recommendation": "highest manual review priority: both model versions rank high inside Qeshm/Hengam context zone"
      }
    },
    {
      "type": "Feature",
      "geometry": {
        "type": "Point",
        "coordinates": [
          56.86616947405475,
          26.917712124562083
        ]
      },
      "properties": {
        "tile": "D:\\SIHwork_2026\\data\\new_sar_case_study\\tiles_npz_run5_balanced3500\\S1D_20260805T020639_preprocessed_r5632_c7168_uncertain.npz",
        "tile_name": "S1D_20260805T020639_preprocessed_r5632_c7168_uncertain.npz",
        "scene": "S1D_IW_GRDH_1SDV_20260805T020614_20260805T020639_003984_0073C1_55A6_preprocessed_after_c_cleanup_xmx4",
        "acquisition_date": "2026-08-05",
        "acquisition_time": "02:06:14",
        "left": 484152.3208254428,
        "bottom": 2974768.1820285493,
        "right": 489272.3208254428,
        "top": 2979888.1820285493,
        "center_x": 486712.3208254428,
        "center_y": 2977328.1820285493,
        "crs": "EPSG:32640",
        "label": "uncertain",
        "old_cnn_score": 0.8766070604324341,
        "old_unet_mean_probability": 0.16110074520111084,
        "old_unet_max_probability": 0.4014073312282562,
        "old_unet_p95": 0.17800942063331604,
        "old_candidate_pixel_count": 1033,
        "old_candidate_fraction": 0.0157623291015625,
        "old_fusion_score": 1.0831332470854218,
        "old_rank": 247,
        "new_cnn_score": 0.7875479459762573,
        "new_unet_mean_probability": 0.15878349542617798,
        "new_unet_max_probability": 0.34487488865852356,
        "new_unet_p95": 0.1731935739517212,
        "new_candidate_pixel_count": 388,
        "new_candidate_fraction": 0.00592041015625,
        "new_fusion_score": 0.8134217469770714,
        "new_rank": 163,
        "score_delta": -0.26971150010835043,
        "rank_delta": 84,
        "unet_p95_delta": -0.004815846681594849,
        "candidate_pixel_delta": -645,
        "abs_candidate_pixel_delta": 645,
        "external_context_zone": "qeshm_hengam_context_priority",
        "category": "both_high;qeshm_hengam_context_priority",
        "review_recommendation": "highest manual review priority: both model versions rank high inside Qeshm/Hengam context zone"
      }
    },
    {
      "type": "Feature",
      "geometry": {
        "type": "Point",
        "coordinates": [
          55.82741848557399,
          26.942397213315104
        ]
      },
      "properties": {
        "tile": "D:\\SIHwork_2026\\data\\new_sar_case_study\\tiles_npz_run5_balanced3500\\S1C_20260808T141633_preprocessed_r7680_c3584_uncertain.npz",
        "tile_name": "S1C_20260808T141633_preprocessed_r7680_c3584_uncertain.npz",
        "scene": "S1C_IW_GRDH_1SDV_20260808T141614_20260808T141633_008905_011A9E_BE01_preprocessed_extracted_xmx4",
        "acquisition_date": "2026-08-08",
        "acquisition_time": "14:16:14",
        "left": 381038.061760937,
        "bottom": 2978034.963305102,
        "right": 386158.061760937,
        "top": 2983154.963305102,
        "center_x": 383598.061760937,
        "center_y": 2980594.963305102,
        "crs": "EPSG:32640",
        "label": "uncertain",
        "old_cnn_score": 0.7222732901573181,
        "old_unet_mean_probability": 0.1711675226688385,
        "old_unet_max_probability": 0.3735732436180115,
        "old_unet_p95": 0.2327008992433548,
        "old_candidate_pixel_count": 6234,
        "old_candidate_fraction": 0.095123291015625,
        "old_fusion_score": 1.468616385604599,
        "old_rank": 101,
        "new_cnn_score": 0.6761003136634827,
        "new_unet_mean_probability": 0.16123095154762268,
        "new_unet_max_probability": 0.3062146306037903,
        "new_unet_p95": 0.18123489618301392,
        "new_candidate_pixel_count": 751,
        "new_candidate_fraction": 0.0114593505859375,
        "new_fusion_score": 0.8115035523342945,
        "new_rank": 164,
        "score_delta": -0.6571128332703046,
        "rank_delta": -63,
        "unet_p95_delta": -0.05146600306034088,
        "candidate_pixel_delta": -5483,
        "abs_candidate_pixel_delta": 5483,
        "external_context_zone": "qeshm_hengam_context_priority",
        "category": "both_high;strong_unet_mask_change;qeshm_hengam_context_priority",
        "review_recommendation": "highest manual review priority: both model versions rank high inside Qeshm/Hengam context zone"
      }
    },
    {
      "type": "Feature",
      "geometry": {
        "type": "Point",
        "coordinates": [
          55.76201763141369,
          26.654896521679134
        ]
      },
      "properties": {
        "tile": "D:\\SIHwork_2026\\data\\new_sar_case_study\\tiles_npz_run5_balanced3500\\S1D_20260810T021454_preprocessed_r8192_c16896_uncertain.npz",
        "tile_name": "S1D_20260810T021454_preprocessed_r8192_c16896_uncertain.npz",
        "scene": "S1D_IW_GRDH_1SDV_20260810T021429_20260810T021454_004057_00763F_AFC5_preprocessed_extracted_xmx4",
        "acquisition_date": "2026-08-10",
        "acquisition_time": "02:14:29",
        "left": 374234.85972424183,
        "bottom": 2946249.977188905,
        "right": 379354.85972424183,
        "top": 2951369.977188905,
        "center_x": 376794.85972424183,
        "center_y": 2948809.977188905,
        "crs": "EPSG:32640",
        "label": "uncertain",
        "old_cnn_score": 0.7943756580352783,
        "old_unet_mean_probability": 0.1649480015039444,
        "old_unet_max_probability": 0.38887158036231995,
        "old_unet_p95": 0.22359898686408997,
        "old_candidate_pixel_count": 7717,
        "old_candidate_fraction": 0.1177520751953125,
        "old_fusion_score": 1.589946031893518,
        "old_rank": 74,
        "new_cnn_score": 0.5814651846885681,
        "new_unet_mean_probability": 0.15489435195922852,
        "new_unet_max_probability": 0.3429764211177826,
        "new_unet_p95": 0.1855565309524536,
        "new_candidate_pixel_count": 1704,
        "new_candidate_fraction": 0.0260009765625,
        "new_fusion_score": 0.8028787523038663,
        "new_rank": 168,
        "score_delta": -0.7870672795896516,
        "rank_delta": -94,
        "unet_p95_delta": -0.03804245591163635,
        "candidate_pixel_delta": -6013,
        "abs_candidate_pixel_delta": 6013,
        "external_context_zone": "qeshm_hengam_context_priority",
        "category": "both_high;qeshm_hengam_context_priority",
        "review_recommendation": "highest manual review priority: both model versions rank high inside Qeshm/Hengam context zone"
      }
    },
    {
      "type": "Feature",
      "geometry": {
        "type": "Point",
        "coordinates": [
          56.70431799642885,
          26.900733883590267
        ]
      },
      "properties": {
        "tile": "D:\\SIHwork_2026\\data\\new_sar_case_study\\tiles_npz_run5_balanced3500\\S1C_20260808T141633_preprocessed_r8192_c12288_uncertain.npz",
        "tile_name": "S1C_20260808T141633_preprocessed_r8192_c12288_uncertain.npz",
        "scene": "S1C_IW_GRDH_1SDV_20260808T141614_20260808T141633_008905_011A9E_BE01_preprocessed_extracted_xmx4",
        "acquisition_date": "2026-08-08",
        "acquisition_time": "14:16:14",
        "left": 468078.061760937,
        "bottom": 2972914.963305102,
        "right": 473198.061760937,
        "top": 2978034.963305102,
        "center_x": 470638.061760937,
        "center_y": 2975474.963305102,
        "crs": "EPSG:32640",
        "label": "uncertain",
        "old_cnn_score": 0.7956500053405762,
        "old_unet_mean_probability": 0.17341777682304382,
        "old_unet_max_probability": 0.3686962425708771,
        "old_unet_p95": 0.2398403286933899,
        "old_candidate_pixel_count": 13446,
        "old_candidate_fraction": 0.205169677734375,
        "old_fusion_score": 1.8141176555107303,
        "old_rank": 46,
        "new_cnn_score": 0.5615000128746033,
        "new_unet_mean_probability": 0.15462389588356018,
        "new_unet_max_probability": 0.3428005576133728,
        "new_unet_p95": 0.187612384557724,
        "new_candidate_pixel_count": 1826,
        "new_candidate_fraction": 0.027862548828125,
        "new_fusion_score": 0.7911814728324349,
        "new_rank": 176,
        "score_delta": -1.0229361826782954,
        "rank_delta": -130,
        "unet_p95_delta": -0.052227944135665894,
        "candidate_pixel_delta": -11620,
        "abs_candidate_pixel_delta": 11620,
        "external_context_zone": "qeshm_hengam_context_priority",
        "category": "both_high;strong_unet_mask_change;qeshm_hengam_context_priority",
        "review_recommendation": "highest manual review priority: both model versions rank high inside Qeshm/Hengam context zone"
      }
    },
    {
      "type": "Feature",
      "geometry": {
        "type": "Point",
        "coordinates": [
          56.49828848458861,
          26.853926149467537
        ]
      },
      "properties": {
        "tile": "D:\\SIHwork_2026\\data\\new_sar_case_study\\tiles_npz_run5_balanced3500\\S1C_20260808T141633_preprocessed_r8704_c10240_uncertain.npz",
        "tile_name": "S1C_20260808T141633_preprocessed_r8704_c10240_uncertain.npz",
        "scene": "S1C_IW_GRDH_1SDV_20260808T141614_20260808T141633_008905_011A9E_BE01_preprocessed_extracted_xmx4",
        "acquisition_date": "2026-08-08",
        "acquisition_time": "14:16:14",
        "left": 447598.061760937,
        "bottom": 2967794.963305102,
        "right": 452718.061760937,
        "top": 2972914.963305102,
        "center_x": 450158.061760937,
        "center_y": 2970354.963305102,
        "crs": "EPSG:32640",
        "label": "uncertain",
        "old_cnn_score": 0.8355972170829773,
        "old_unet_mean_probability": 0.1625591516494751,
        "old_unet_max_probability": 0.34712761640548706,
        "old_unet_p95": 0.2131434977054596,
        "old_candidate_pixel_count": 5664,
        "old_candidate_fraction": 0.08642578125,
        "old_fusion_score": 1.539169538282251,
        "old_rank": 81,
        "new_cnn_score": 0.630575954914093,
        "new_unet_mean_probability": 0.15373586118221283,
        "new_unet_max_probability": 0.34521910548210144,
        "new_unet_p95": 0.17955653369426727,
        "new_candidate_pixel_count": 1050,
        "new_candidate_fraction": 0.016021728515625,
        "new_fusion_score": 0.7877559097978243,
        "new_rank": 180,
        "score_delta": -0.7514136284844267,
        "rank_delta": -99,
        "unet_p95_delta": -0.03358696401119232,
        "candidate_pixel_delta": -4614,
        "abs_candidate_pixel_delta": 4614,
        "external_context_zone": "qeshm_hengam_context_priority",
        "category": "both_high;qeshm_hengam_context_priority",
        "review_recommendation": "highest manual review priority: both model versions rank high inside Qeshm/Hengam context zone"
      }
    },
    {
      "type": "Feature",
      "geometry": {
        "type": "Point",
        "coordinates": [
          56.75547775350937,
          27.085736530651147
        ]
      },
      "properties": {
        "tile": "D:\\SIHwork_2026\\data\\new_sar_case_study\\tiles_npz_run5_balanced3500\\S1C_20260808T141633_preprocessed_r6144_c12800_uncertain.npz",
        "tile_name": "S1C_20260808T141633_preprocessed_r6144_c12800_uncertain.npz",
        "scene": "S1C_IW_GRDH_1SDV_20260808T141614_20260808T141633_008905_011A9E_BE01_preprocessed_extracted_xmx4",
        "acquisition_date": "2026-08-08",
        "acquisition_time": "14:16:14",
        "left": 473198.061760937,
        "bottom": 2993394.963305102,
        "right": 478318.061760937,
        "top": 2998514.963305102,
        "center_x": 475758.061760937,
        "center_y": 2995954.963305102,
        "crs": "EPSG:32640",
        "label": "uncertain",
        "old_cnn_score": 0.8245642781257629,
        "old_unet_mean_probability": 0.16929274797439575,
        "old_unet_max_probability": 0.38934046030044556,
        "old_unet_p95": 0.23920753598213196,
        "old_candidate_pixel_count": 10559,
        "old_candidate_fraction": 0.1611175537109375,
        "old_fusion_score": 1.8274132145028925,
        "old_rank": 44,
        "new_cnn_score": 0.5710903406143188,
        "new_unet_mean_probability": 0.15544450283050537,
        "new_unet_max_probability": 0.3428005576133728,
        "new_unet_p95": 0.18465057015419006,
        "new_candidate_pixel_count": 1720,
        "new_candidate_fraction": 0.0262451171875,
        "new_fusion_score": 0.7856882520655321,
        "new_rank": 184,
        "score_delta": -1.0417249624373603,
        "rank_delta": -140,
        "unet_p95_delta": -0.054556965827941895,
        "candidate_pixel_delta": -8839,
        "abs_candidate_pixel_delta": 8839,
        "external_context_zone": "qeshm_hengam_context_priority",
        "category": "both_high;strong_unet_mask_change;qeshm_hengam_context_priority",
        "review_recommendation": "highest manual review priority: both model versions rank high inside Qeshm/Hengam context zone"
      }
    },
    {
      "type": "Feature",
      "geometry": {
        "type": "Point",
        "coordinates": [
          56.70455819155955,
          26.80828039526477
        ]
      },
      "properties": {
        "tile": "D:\\SIHwork_2026\\data\\new_sar_case_study\\tiles_npz_run5_balanced3500\\S1C_20260808T141633_preprocessed_r9216_c12288_uncertain.npz",
        "tile_name": "S1C_20260808T141633_preprocessed_r9216_c12288_uncertain.npz",
        "scene": "S1C_IW_GRDH_1SDV_20260808T141614_20260808T141633_008905_011A9E_BE01_preprocessed_extracted_xmx4",
        "acquisition_date": "2026-08-08",
        "acquisition_time": "14:16:14",
        "left": 468078.061760937,
        "bottom": 2962674.963305102,
        "right": 473198.061760937,
        "top": 2967794.963305102,
        "center_x": 470638.061760937,
        "center_y": 2965234.963305102,
        "crs": "EPSG:32640",
        "label": "uncertain",
        "old_cnn_score": 0.7899280190467834,
        "old_unet_mean_probability": 0.16801968216896057,
        "old_unet_max_probability": 0.4038453996181488,
        "old_unet_p95": 0.22598956525325775,
        "old_candidate_pixel_count": 9675,
        "old_candidate_fraction": 0.1476287841796875,
        "old_fusion_score": 1.6383087454715692,
        "old_rank": 65,
        "new_cnn_score": 0.5714074969291687,
        "new_unet_mean_probability": 0.15460585057735443,
        "new_unet_max_probability": 0.3428005576133728,
        "new_unet_p95": 0.1858896166086197,
        "new_candidate_pixel_count": 1629,
        "new_candidate_fraction": 0.0248565673828125,
        "new_fusion_score": 0.7856292715291593,
        "new_rank": 185,
        "score_delta": -0.85267947394241,
        "rank_delta": -120,
        "unet_p95_delta": -0.04009994864463806,
        "candidate_pixel_delta": -8046,
        "abs_candidate_pixel_delta": 8046,
        "external_context_zone": "qeshm_hengam_context_priority",
        "category": "both_high;strong_unet_mask_change;qeshm_hengam_context_priority",
        "review_recommendation": "highest manual review priority: both model versions rank high inside Qeshm/Hengam context zone"
      }
    },
    {
      "type": "Feature",
      "geometry": {
        "type": "Point",
        "coordinates": [
          56.659762809316135,
          26.96359190088018
        ]
      },
      "properties": {
        "tile": "D:\\SIHwork_2026\\data\\new_sar_case_study\\tiles_npz_run5_balanced3500\\S1D_20260805T020639_preprocessed_r5120_c5120_uncertain.npz",
        "tile_name": "S1D_20260805T020639_preprocessed_r5120_c5120_uncertain.npz",
        "scene": "S1D_IW_GRDH_1SDV_20260805T020614_20260805T020639_003984_0073C1_55A6_preprocessed_after_c_cleanup_xmx4",
        "acquisition_date": "2026-08-05",
        "acquisition_time": "02:06:14",
        "left": 463672.3208254428,
        "bottom": 2979888.1820285493,
        "right": 468792.3208254428,
        "top": 2985008.1820285493,
        "center_x": 466232.3208254428,
        "center_y": 2982448.1820285493,
        "crs": "EPSG:32640",
        "label": "uncertain",
        "old_cnn_score": 0.8983384370803833,
        "old_unet_mean_probability": 0.1605096161365509,
        "old_unet_max_probability": 0.33905088901519775,
        "old_unet_p95": 0.1797305941581726,
        "old_candidate_pixel_count": 1475,
        "old_candidate_fraction": 0.0225067138671875,
        "old_fusion_score": 1.178180294566581,
        "old_rank": 195,
        "new_cnn_score": 0.8002662062644958,
        "new_unet_mean_probability": 0.158708855509758,
        "new_unet_max_probability": 0.3029487431049347,
        "new_unet_p95": 0.17663243412971497,
        "new_candidate_pixel_count": 258,
        "new_candidate_fraction": 0.003936767578125,
        "new_fusion_score": 0.7854741389882627,
        "new_rank": 186,
        "score_delta": -0.39270615557831823,
        "rank_delta": 9,
        "unet_p95_delta": -0.0030981600284576416,
        "candidate_pixel_delta": -1217,
        "abs_candidate_pixel_delta": 1217,
        "external_context_zone": "qeshm_hengam_context_priority",
        "category": "both_high;qeshm_hengam_context_priority",
        "review_recommendation": "highest manual review priority: both model versions rank high inside Qeshm/Hengam context zone"
      }
    },
    {
      "type": "Feature",
      "geometry": {
        "type": "Point",
        "coordinates": [
          56.76341939527319,
          26.732668061785333
        ]
      },
      "properties": {
        "tile": "D:\\SIHwork_2026\\data\\new_sar_case_study\\tiles_npz_run5_balanced3500\\S1D_20260805T020639_preprocessed_r7680_c6144_uncertain.npz",
        "tile_name": "S1D_20260805T020639_preprocessed_r7680_c6144_uncertain.npz",
        "scene": "S1D_IW_GRDH_1SDV_20260805T020614_20260805T020639_003984_0073C1_55A6_preprocessed_after_c_cleanup_xmx4",
        "acquisition_date": "2026-08-05",
        "acquisition_time": "02:06:14",
        "left": 473912.3208254428,
        "bottom": 2954288.1820285493,
        "right": 479032.3208254428,
        "top": 2959408.1820285493,
        "center_x": 476472.3208254428,
        "center_y": 2956848.1820285493,
        "crs": "EPSG:32640",
        "label": "uncertain",
        "old_cnn_score": 0.8105142712593079,
        "old_unet_mean_probability": 0.1639559268951416,
        "old_unet_max_probability": 0.3426622152328491,
        "old_unet_p95": 0.22059591114521027,
        "old_candidate_pixel_count": 7733,
        "old_candidate_fraction": 0.1179962158203125,
        "old_fusion_score": 1.6008299949248443,
        "old_rank": 71,
        "new_cnn_score": 0.6107100248336792,
        "new_unet_mean_probability": 0.15285950899124146,
        "new_unet_max_probability": 0.33673298358917236,
        "new_unet_p95": 0.18205977976322174,
        "new_candidate_pixel_count": 1158,
        "new_candidate_fraction": 0.017669677734375,
        "new_fusion_score": 0.7844501273529275,
        "new_rank": 188,
        "score_delta": -0.8163798675719168,
        "rank_delta": -117,
        "unet_p95_delta": -0.038536131381988525,
        "candidate_pixel_delta": -6575,
        "abs_candidate_pixel_delta": 6575,
        "external_context_zone": "qeshm_hengam_context_priority",
        "category": "both_high;qeshm_hengam_context_priority",
        "review_recommendation": "highest manual review priority: both model versions rank high inside Qeshm/Hengam context zone"
      }
    },
    {
      "type": "Feature",
      "geometry": {
        "type": "Point",
        "coordinates": [
          56.81460216916985,
          26.917653825235615
        ]
      },
      "properties": {
        "tile": "D:\\SIHwork_2026\\data\\new_sar_case_study\\tiles_npz_run5_balanced3500\\S1D_20260805T020639_preprocessed_r5632_c6656_uncertain.npz",
        "tile_name": "S1D_20260805T020639_preprocessed_r5632_c6656_uncertain.npz",
        "scene": "S1D_IW_GRDH_1SDV_20260805T020614_20260805T020639_003984_0073C1_55A6_preprocessed_after_c_cleanup_xmx4",
        "acquisition_date": "2026-08-05",
        "acquisition_time": "02:06:14",
        "left": 479032.3208254428,
        "bottom": 2974768.1820285493,
        "right": 484152.3208254428,
        "top": 2979888.1820285493,
        "center_x": 481592.3208254428,
        "center_y": 2977328.1820285493,
        "crs": "EPSG:32640",
        "label": "uncertain",
        "old_cnn_score": 0.7643996477127075,
        "old_unet_mean_probability": 0.162550687789917,
        "old_unet_max_probability": 0.37525486946105957,
        "old_unet_p95": 0.18897095322608948,
        "old_candidate_pixel_count": 2373,
        "old_candidate_fraction": 0.0362091064453125,
        "old_fusion_score": 1.1227080891459162,
        "old_rank": 229,
        "new_cnn_score": 0.6437051892280579,
        "new_unet_mean_probability": 0.1572771668434143,
        "new_unet_max_probability": 0.34562191367149353,
        "new_unet_p95": 0.17753472924232483,
        "new_candidate_pixel_count": 954,
        "new_candidate_fraction": 0.014556884765625,
        "new_fusion_score": 0.7841565536984282,
        "new_rank": 189,
        "score_delta": -0.33855153544748806,
        "rank_delta": 40,
        "unet_p95_delta": -0.011436223983764648,
        "candidate_pixel_delta": -1419,
        "abs_candidate_pixel_delta": 1419,
        "external_context_zone": "qeshm_hengam_context_priority",
        "category": "both_high;qeshm_hengam_context_priority",
        "review_recommendation": "highest manual review priority: both model versions rank high inside Qeshm/Hengam context zone"
      }
    },
    {
      "type": "Feature",
      "geometry": {
        "type": "Point",
        "coordinates": [
          56.506006433489,
          26.732005192810657
        ]
      },
      "properties": {
        "tile": "D:\\SIHwork_2026\\data\\new_sar_case_study\\tiles_npz_run5_balanced3500\\S1D_20260805T020639_preprocessed_r7680_c3584_uncertain.npz",
        "tile_name": "S1D_20260805T020639_preprocessed_r7680_c3584_uncertain.npz",
        "scene": "S1D_IW_GRDH_1SDV_20260805T020614_20260805T020639_003984_0073C1_55A6_preprocessed_after_c_cleanup_xmx4",
        "acquisition_date": "2026-08-05",
        "acquisition_time": "02:06:14",
        "left": 448312.3208254428,
        "bottom": 2954288.1820285493,
        "right": 453432.3208254428,
        "top": 2959408.1820285493,
        "center_x": 450872.3208254428,
        "center_y": 2956848.1820285493,
        "crs": "EPSG:32640",
        "label": "uncertain",
        "old_cnn_score": 0.8022759556770325,
        "old_unet_mean_probability": 0.16039836406707764,
        "old_unet_max_probability": 0.3432585895061493,
        "old_unet_p95": 0.21338927745819092,
        "old_candidate_pixel_count": 6190,
        "old_candidate_fraction": 0.094451904296875,
        "old_fusion_score": 1.4946964085804086,
        "old_rank": 96,
        "new_cnn_score": 0.5712591409683228,
        "new_unet_mean_probability": 0.15272283554077148,
        "new_unet_max_probability": 0.3428005576133728,
        "new_unet_p95": 0.18685990571975708,
        "new_candidate_pixel_count": 1549,
        "new_candidate_fraction": 0.0236358642578125,
        "new_fusion_score": 0.7841530129329283,
        "new_rank": 190,
        "score_delta": -0.7105433956474804,
        "rank_delta": -94,
        "unet_p95_delta": -0.026529371738433838,
        "candidate_pixel_delta": -4641,
        "abs_candidate_pixel_delta": 4641,
        "external_context_zone": "qeshm_hengam_context_priority",
        "category": "both_high;qeshm_hengam_context_priority",
        "review_recommendation": "highest manual review priority: both model versions rank high inside Qeshm/Hengam context zone"
      }
    },
    {
      "type": "Feature",
      "geometry": {
        "type": "Point",
        "coordinates": [
          56.76351490539573,
          26.686440149403893
        ]
      },
      "properties": {
        "tile": "D:\\SIHwork_2026\\data\\new_sar_case_study\\tiles_npz_run5_balanced3500\\S1D_20260805T020639_preprocessed_r8192_c6144_uncertain.npz",
        "tile_name": "S1D_20260805T020639_preprocessed_r8192_c6144_uncertain.npz",
        "scene": "S1D_IW_GRDH_1SDV_20260805T020614_20260805T020639_003984_0073C1_55A6_preprocessed_after_c_cleanup_xmx4",
        "acquisition_date": "2026-08-05",
        "acquisition_time": "02:06:14",
        "left": 473912.3208254428,
        "bottom": 2949168.1820285493,
        "right": 479032.3208254428,
        "top": 2954288.1820285493,
        "center_x": 476472.3208254428,
        "center_y": 2951728.1820285493,
        "crs": "EPSG:32640",
        "label": "uncertain",
        "old_cnn_score": 0.7982279658317566,
        "old_unet_mean_probability": 0.1639035940170288,
        "old_unet_max_probability": 0.3657456040382385,
        "old_unet_p95": 0.21894168853759766,
        "old_candidate_pixel_count": 7656,
        "old_candidate_fraction": 0.1168212890625,
        "old_fusion_score": 1.5629924130944766,
        "old_rank": 79,
        "new_cnn_score": 0.5482192635536194,
        "new_unet_mean_probability": 0.15457749366760254,
        "new_unet_max_probability": 0.34071701765060425,
        "new_unet_p95": 0.18939252197742462,
        "new_candidate_pixel_count": 1879,
        "new_candidate_fraction": 0.0286712646484375,
        "new_fusion_score": 0.7827668426047277,
        "new_rank": 191,
        "score_delta": -0.7802255704897488,
        "rank_delta": -112,
        "unet_p95_delta": -0.029549166560173035,
        "candidate_pixel_delta": -5777,
        "abs_candidate_pixel_delta": 5777,
        "external_context_zone": "qeshm_hengam_context_priority",
        "category": "both_high;qeshm_hengam_context_priority",
        "review_recommendation": "highest manual review priority: both model versions rank high inside Qeshm/Hengam context zone"
      }
    },
    {
      "type": "Feature",
      "geometry": {
        "type": "Point",
        "coordinates": [
          56.712052435155066,
          26.686345133853532
        ]
      },
      "properties": {
        "tile": "D:\\SIHwork_2026\\data\\new_sar_case_study\\tiles_npz_run5_balanced3500\\S1D_20260805T020639_preprocessed_r8192_c5632_uncertain.npz",
        "tile_name": "S1D_20260805T020639_preprocessed_r8192_c5632_uncertain.npz",
        "scene": "S1D_IW_GRDH_1SDV_20260805T020614_20260805T020639_003984_0073C1_55A6_preprocessed_after_c_cleanup_xmx4",
        "acquisition_date": "2026-08-05",
        "acquisition_time": "02:06:14",
        "left": 468792.3208254428,
        "bottom": 2949168.1820285493,
        "right": 473912.3208254428,
        "top": 2954288.1820285493,
        "center_x": 471352.3208254428,
        "center_y": 2951728.1820285493,
        "crs": "EPSG:32640",
        "label": "uncertain",
        "old_cnn_score": 0.7815119028091431,
        "old_unet_mean_probability": 0.16672515869140625,
        "old_unet_max_probability": 0.3741181790828705,
        "old_unet_p95": 0.2252931296825409,
        "old_candidate_pixel_count": 9144,
        "old_candidate_fraction": 0.1395263671875,
        "old_fusion_score": 1.6059211510829619,
        "old_rank": 68,
        "new_cnn_score": 0.5567127466201782,
        "new_unet_mean_probability": 0.15450552105903625,
        "new_unet_max_probability": 0.3380882143974304,
        "new_unet_p95": 0.18777048587799072,
        "new_candidate_pixel_count": 1771,
        "new_candidate_fraction": 0.0270233154296875,
        "new_fusion_score": 0.7819017845534312,
        "new_rank": 194,
        "score_delta": -0.8240193665295307,
        "rank_delta": -126,
        "unet_p95_delta": -0.03752264380455017,
        "candidate_pixel_delta": -7373,
        "abs_candidate_pixel_delta": 7373,
        "external_context_zone": "qeshm_hengam_context_priority",
        "category": "both_high;qeshm_hengam_context_priority",
        "review_recommendation": "highest manual review priority: both model versions rank high inside Qeshm/Hengam context zone"
      }
    },
    {
      "type": "Feature",
      "geometry": {
        "type": "Point",
        "coordinates": [
          56.50500208361253,
          26.96313358228366
        ]
      },
      "properties": {
        "tile": "D:\\SIHwork_2026\\data\\new_sar_case_study\\tiles_npz_run5_balanced3500\\S1D_20260805T020639_preprocessed_r5120_c3584_uncertain.npz",
        "tile_name": "S1D_20260805T020639_preprocessed_r5120_c3584_uncertain.npz",
        "scene": "S1D_IW_GRDH_1SDV_20260805T020614_20260805T020639_003984_0073C1_55A6_preprocessed_after_c_cleanup_xmx4",
        "acquisition_date": "2026-08-05",
        "acquisition_time": "02:06:14",
        "left": 448312.3208254428,
        "bottom": 2979888.1820285493,
        "right": 453432.3208254428,
        "top": 2985008.1820285493,
        "center_x": 450872.3208254428,
        "center_y": 2982448.1820285493,
        "crs": "EPSG:32640",
        "label": "uncertain",
        "old_cnn_score": 0.9021363854408264,
        "old_unet_mean_probability": 0.1581593155860901,
        "old_unet_max_probability": 0.34318795800209045,
        "old_unet_p95": 0.1763482391834259,
        "old_candidate_pixel_count": 937,
        "old_candidate_fraction": 0.0142974853515625,
        "old_fusion_score": 1.0887732954373308,
        "old_rank": 241,
        "new_cnn_score": 0.7815226912498474,
        "new_unet_mean_probability": 0.15561583638191223,
        "new_unet_max_probability": 0.31723538041114807,
        "new_unet_p95": 0.17341309785842896,
        "new_candidate_pixel_count": 317,
        "new_candidate_fraction": 0.0048370361328125,
        "new_fusion_score": 0.7809093368515054,
        "new_rank": 195,
        "score_delta": -0.3078639585858254,
        "rank_delta": 46,
        "unet_p95_delta": -0.0029351413249969482,
        "candidate_pixel_delta": -620,
        "abs_candidate_pixel_delta": 620,
        "external_context_zone": "qeshm_hengam_context_priority",
        "category": "both_high;qeshm_hengam_context_priority",
        "review_recommendation": "highest manual review priority: both model versions rank high inside Qeshm/Hengam context zone"
      }
    },
    {
      "type": "Feature",
      "geometry": {
        "type": "Point",
        "coordinates": [
          56.91783710242883,
          26.779069527377292
        ]
      },
      "properties": {
        "tile": "D:\\SIHwork_2026\\data\\new_sar_case_study\\tiles_npz_run5_balanced3500\\S1D_20260805T020639_preprocessed_r7168_c7680_uncertain.npz",
        "tile_name": "S1D_20260805T020639_preprocessed_r7168_c7680_uncertain.npz",
        "scene": "S1D_IW_GRDH_1SDV_20260805T020614_20260805T020639_003984_0073C1_55A6_preprocessed_after_c_cleanup_xmx4",
        "acquisition_date": "2026-08-05",
        "acquisition_time": "02:06:14",
        "left": 489272.3208254428,
        "bottom": 2959408.1820285493,
        "right": 494392.3208254428,
        "top": 2964528.1820285493,
        "center_x": 491832.3208254428,
        "center_y": 2961968.1820285493,
        "crs": "EPSG:32640",
        "label": "uncertain",
        "old_cnn_score": 0.7314232587814331,
        "old_unet_mean_probability": 0.16298604011535645,
        "old_unet_max_probability": 0.3507145345211029,
        "old_unet_p95": 0.19673392176628113,
        "old_candidate_pixel_count": 2986,
        "old_candidate_fraction": 0.045562744140625,
        "old_fusion_score": 1.1514574921377234,
        "old_rank": 210,
        "new_cnn_score": 0.6298317313194275,
        "new_unet_mean_probability": 0.15749132633209229,
        "new_unet_max_probability": 0.3327549993991852,
        "new_unet_p95": 0.17881633341312408,
        "new_candidate_pixel_count": 1007,
        "new_candidate_fraction": 0.0153656005859375,
        "new_fusion_score": 0.7788778267831745,
        "new_rank": 197,
        "score_delta": -0.3725796653545489,
        "rank_delta": 13,
        "unet_p95_delta": -0.017917588353157043,
        "candidate_pixel_delta": -1979,
        "abs_candidate_pixel_delta": 1979,
        "external_context_zone": "qeshm_hengam_context_priority",
        "category": "both_high;qeshm_hengam_context_priority",
        "review_recommendation": "highest manual review priority: both model versions rank high inside Qeshm/Hengam context zone"
      }
    },
    {
      "type": "Feature",
      "geometry": {
        "type": "Point",
        "coordinates": [
          56.75607556226928,
          26.808378528267568
        ]
      },
      "properties": {
        "tile": "D:\\SIHwork_2026\\data\\new_sar_case_study\\tiles_npz_run5_balanced3500\\S1C_20260808T141633_preprocessed_r9216_c12800_uncertain.npz",
        "tile_name": "S1C_20260808T141633_preprocessed_r9216_c12800_uncertain.npz",
        "scene": "S1C_IW_GRDH_1SDV_20260808T141614_20260808T141633_008905_011A9E_BE01_preprocessed_extracted_xmx4",
        "acquisition_date": "2026-08-08",
        "acquisition_time": "14:16:14",
        "left": 473198.061760937,
        "bottom": 2962674.963305102,
        "right": 478318.061760937,
        "top": 2967794.963305102,
        "center_x": 475758.061760937,
        "center_y": 2965234.963305102,
        "crs": "EPSG:32640",
        "label": "uncertain",
        "old_cnn_score": 0.7743421196937561,
        "old_unet_mean_probability": 0.17315642535686493,
        "old_unet_max_probability": 0.3776865005493164,
        "old_unet_p95": 0.23880426585674286,
        "old_candidate_pixel_count": 13340,
        "old_candidate_fraction": 0.20355224609375,
        "old_fusion_score": 1.756444527640603,
        "old_rank": 50,
        "new_cnn_score": 0.5161727070808411,
        "new_unet_mean_probability": 0.1559281051158905,
        "new_unet_max_probability": 0.32885289192199707,
        "new_unet_p95": 0.1936381459236145,
        "new_candidate_pixel_count": 2401,
        "new_candidate_fraction": 0.0366363525390625,
        "new_fusion_score": 0.7780221484485901,
        "new_rank": 198,
        "score_delta": -0.978422379192013,
        "rank_delta": -148,
        "unet_p95_delta": -0.04516611993312836,
        "candidate_pixel_delta": -10939,
        "abs_candidate_pixel_delta": 10939,
        "external_context_zone": "qeshm_hengam_context_priority",
        "category": "both_high;strong_unet_mask_change;qeshm_hengam_context_priority",
        "review_recommendation": "highest manual review priority: both model versions rank high inside Qeshm/Hengam context zone"
      }
    },
    {
      "type": "Feature",
      "geometry": {
        "type": "Point",
        "coordinates": [
          56.81467761840473,
          26.87142696819553
        ]
      },
      "properties": {
        "tile": "D:\\SIHwork_2026\\data\\new_sar_case_study\\tiles_npz_run5_balanced3500\\S1D_20260805T020639_preprocessed_r6144_c6656_uncertain.npz",
        "tile_name": "S1D_20260805T020639_preprocessed_r6144_c6656_uncertain.npz",
        "scene": "S1D_IW_GRDH_1SDV_20260805T020614_20260805T020639_003984_0073C1_55A6_preprocessed_after_c_cleanup_xmx4",
        "acquisition_date": "2026-08-05",
        "acquisition_time": "02:06:14",
        "left": 479032.3208254428,
        "bottom": 2969648.1820285493,
        "right": 484152.3208254428,
        "top": 2974768.1820285493,
        "center_x": 481592.3208254428,
        "center_y": 2972208.1820285493,
        "crs": "EPSG:32640",
        "label": "uncertain",
        "old_cnn_score": 0.9237990379333496,
        "old_unet_mean_probability": 0.15923744440078735,
        "old_unet_max_probability": 0.32820263504981995,
        "old_unet_p95": 0.18084314465522766,
        "old_candidate_pixel_count": 1560,
        "old_candidate_fraction": 0.0238037109375,
        "old_fusion_score": 1.2284258884461854,
        "old_rank": 174,
        "new_cnn_score": 0.8327575325965881,
        "new_unet_mean_probability": 0.15740922093391418,
        "new_unet_max_probability": 0.2659027874469757,
        "new_unet_p95": 0.17990808188915253,
        "new_candidate_pixel_count": 179,
        "new_candidate_fraction": 0.0027313232421875,
        "new_fusion_score": 0.7780078106505934,
        "new_rank": 199,
        "score_delta": -0.45041807779559195,
        "rank_delta": -25,
        "unet_p95_delta": -0.0009350627660751343,
        "candidate_pixel_delta": -1381,
        "abs_candidate_pixel_delta": 1381,
        "external_context_zone": "qeshm_hengam_context_priority",
        "category": "both_high;qeshm_hengam_context_priority",
        "review_recommendation": "highest manual review priority: both model versions rank high inside Qeshm/Hengam context zone"
      }
    },
    {
      "type": "Feature",
      "geometry": {
        "type": "Point",
        "coordinates": [
          56.60912838519772,
          26.686099161923014
        ]
      },
      "properties": {
        "tile": "D:\\SIHwork_2026\\data\\new_sar_case_study\\tiles_npz_run5_balanced3500\\S1D_20260805T020639_preprocessed_r8192_c4608_uncertain.npz",
        "tile_name": "S1D_20260805T020639_preprocessed_r8192_c4608_uncertain.npz",
        "scene": "S1D_IW_GRDH_1SDV_20260805T020614_20260805T020639_003984_0073C1_55A6_preprocessed_after_c_cleanup_xmx4",
        "acquisition_date": "2026-08-05",
        "acquisition_time": "02:06:14",
        "left": 458552.3208254428,
        "bottom": 2949168.1820285493,
        "right": 463672.3208254428,
        "top": 2954288.1820285493,
        "center_x": 461112.3208254428,
        "center_y": 2951728.1820285493,
        "crs": "EPSG:32640",
        "label": "uncertain",
        "old_cnn_score": 0.78725665807724,
        "old_unet_mean_probability": 0.16177327930927277,
        "old_unet_max_probability": 0.36700254678726196,
        "old_unet_p95": 0.21430279314517975,
        "old_candidate_pixel_count": 5846,
        "old_candidate_fraction": 0.089202880859375,
        "old_fusion_score": 1.4633485079230177,
        "old_rank": 103,
        "new_cnn_score": 0.5580416321754456,
        "new_unet_mean_probability": 0.15415441989898682,
        "new_unet_max_probability": 0.33938345313072205,
        "new_unet_p95": 0.18602648377418518,
        "new_candidate_pixel_count": 1720,
        "new_candidate_fraction": 0.0262451171875,
        "new_fusion_score": 0.7734569912174537,
        "new_rank": 208,
        "score_delta": -0.689891516705564,
        "rank_delta": -105,
        "unet_p95_delta": -0.028276309370994568,
        "candidate_pixel_delta": -4126,
        "abs_candidate_pixel_delta": 4126,
        "external_context_zone": "qeshm_hengam_context_priority",
        "category": "both_high;qeshm_hengam_context_priority",
        "review_recommendation": "highest manual review priority: both model versions rank high inside Qeshm/Hengam context zone"
      }
    },
    {
      "type": "Feature",
      "geometry": {
        "type": "Point",
        "coordinates": [
          56.790418890582956,
          26.93749924024744
        ]
      },
      "properties": {
        "tile": "D:\\SIHwork_2026\\data\\new_sar_case_study\\tiles_npz_run5_balanced3500\\S1D_20260810T021454_preprocessed_r5120_c27136_uncertain.npz",
        "tile_name": "S1D_20260810T021454_preprocessed_r5120_c27136_uncertain.npz",
        "scene": "S1D_IW_GRDH_1SDV_20260810T021429_20260810T021454_004057_00763F_AFC5_preprocessed_extracted_xmx4",
        "acquisition_date": "2026-08-10",
        "acquisition_time": "02:14:29",
        "left": 476634.85972424183,
        "bottom": 2976969.977188905,
        "right": 481754.85972424183,
        "top": 2982089.977188905,
        "center_x": 479194.85972424183,
        "center_y": 2979529.977188905,
        "crs": "EPSG:32640",
        "label": "uncertain",
        "old_cnn_score": 0.8755185008049011,
        "old_unet_mean_probability": 0.15763872861862183,
        "old_unet_max_probability": 0.34318795800209045,
        "old_unet_p95": 0.19632142782211304,
        "old_candidate_pixel_count": 2777,
        "old_candidate_fraction": 0.0423736572265625,
        "old_fusion_score": 1.362944266415344,
        "old_rank": 127,
        "new_cnn_score": 0.7018504738807678,
        "new_unet_mean_probability": 0.1532423496246338,
        "new_unet_max_probability": 0.32211220264434814,
        "new_unet_p95": 0.17743751406669617,
        "new_candidate_pixel_count": 477,
        "new_candidate_fraction": 0.0072784423828125,
        "new_fusion_score": 0.7683300252832793,
        "new_rank": 214,
        "score_delta": -0.5946142411320646,
        "rank_delta": -87,
        "unet_p95_delta": -0.01888391375541687,
        "candidate_pixel_delta": -2300,
        "abs_candidate_pixel_delta": 2300,
        "external_context_zone": "qeshm_hengam_context_priority",
        "category": "both_high;qeshm_hengam_context_priority",
        "review_recommendation": "highest manual review priority: both model versions rank high inside Qeshm/Hengam context zone"
      }
    },
    {
      "type": "Feature",
      "geometry": {
        "type": "Point",
        "coordinates": [
          56.06763421479224,
          27.02702047168478
        ]
      },
      "properties": {
        "tile": "D:\\SIHwork_2026\\data\\new_sar_case_study\\tiles_npz_run5_balanced3500\\S1D_20260810T021454_preprocessed_r4096_c19968_uncertain.npz",
        "tile_name": "S1D_20260810T021454_preprocessed_r4096_c19968_uncertain.npz",
        "scene": "S1D_IW_GRDH_1SDV_20260810T021429_20260810T021454_004057_00763F_AFC5_preprocessed_extracted_xmx4",
        "acquisition_date": "2026-08-10",
        "acquisition_time": "02:14:29",
        "left": 404954.85972424183,
        "bottom": 2987209.977188905,
        "right": 410074.85972424183,
        "top": 2992329.977188905,
        "center_x": 407514.85972424183,
        "center_y": 2989769.977188905,
        "crs": "EPSG:32640",
        "label": "uncertain",
        "old_cnn_score": 0.8097780346870422,
        "old_unet_mean_probability": 0.16030187904834747,
        "old_unet_max_probability": 0.3673485517501831,
        "old_unet_p95": 0.21030819416046143,
        "old_candidate_pixel_count": 5394,
        "old_candidate_fraction": 0.082305908203125,
        "old_fusion_score": 1.4634521104058247,
        "old_rank": 102,
        "new_cnn_score": 0.5632692575454712,
        "new_unet_mean_probability": 0.15421533584594727,
        "new_unet_max_probability": 0.34271031618118286,
        "new_unet_p95": 0.18638011813163757,
        "new_candidate_pixel_count": 1460,
        "new_candidate_fraction": 0.02227783203125,
        "new_fusion_score": 0.7649922495120263,
        "new_rank": 216,
        "score_delta": -0.6984598608937984,
        "rank_delta": -114,
        "unet_p95_delta": -0.023928076028823853,
        "candidate_pixel_delta": -3934,
        "abs_candidate_pixel_delta": 3934,
        "external_context_zone": "qeshm_hengam_context_priority",
        "category": "both_high;qeshm_hengam_context_priority",
        "review_recommendation": "highest manual review priority: both model versions rank high inside Qeshm/Hengam context zone"
      }
    },
    {
      "type": "Feature",
      "geometry": {
        "type": "Point",
        "coordinates": [
          55.65968588647017,
          26.607747061169096
        ]
      },
      "properties": {
        "tile": "D:\\SIHwork_2026\\data\\new_sar_case_study\\tiles_npz_run5_balanced3500\\S1D_20260810T021454_preprocessed_r8704_c15872_uncertain.npz",
        "tile_name": "S1D_20260810T021454_preprocessed_r8704_c15872_uncertain.npz",
        "scene": "S1D_IW_GRDH_1SDV_20260810T021429_20260810T021454_004057_00763F_AFC5_preprocessed_extracted_xmx4",
        "acquisition_date": "2026-08-10",
        "acquisition_time": "02:14:29",
        "left": 363994.85972424183,
        "bottom": 2941129.977188905,
        "right": 369114.85972424183,
        "top": 2946249.977188905,
        "center_x": 366554.85972424183,
        "center_y": 2943689.977188905,
        "crs": "EPSG:32640",
        "label": "uncertain",
        "old_cnn_score": 0.8375506401062012,
        "old_unet_mean_probability": 0.16609548032283783,
        "old_unet_max_probability": 0.3549017310142517,
        "old_unet_p95": 0.22194904088974,
        "old_candidate_pixel_count": 8004,
        "old_candidate_fraction": 0.12213134765625,
        "old_fusion_score": 1.670778169994309,
        "old_rank": 59,
        "new_cnn_score": 0.6276666522026062,
        "new_unet_mean_probability": 0.15380632877349854,
        "new_unet_max_probability": 0.30437904596328735,
        "new_unet_p95": 0.17996934056282043,
        "new_candidate_pixel_count": 866,
        "new_candidate_fraction": 0.013214111328125,
        "new_fusion_score": 0.7641839002075406,
        "new_rank": 218,
        "score_delta": -0.9065942697867684,
        "rank_delta": -159,
        "unet_p95_delta": -0.041979700326919556,
        "candidate_pixel_delta": -7138,
        "abs_candidate_pixel_delta": 7138,
        "external_context_zone": "qeshm_hengam_context_priority",
        "category": "both_high;strong_unet_mask_change;qeshm_hengam_context_priority",
        "review_recommendation": "highest manual review priority: both model versions rank high inside Qeshm/Hengam context zone"
      }
    },
    {
      "type": "Feature",
      "geometry": {
        "type": "Point",
        "coordinates": [
          56.48096737587518,
          26.936700330643625
        ]
      },
      "properties": {
        "tile": "D:\\SIHwork_2026\\data\\new_sar_case_study\\tiles_npz_run5_balanced3500\\S1D_20260810T021454_preprocessed_r5120_c24064_uncertain.npz",
        "tile_name": "S1D_20260810T021454_preprocessed_r5120_c24064_uncertain.npz",
        "scene": "S1D_IW_GRDH_1SDV_20260810T021429_20260810T021454_004057_00763F_AFC5_preprocessed_extracted_xmx4",
        "acquisition_date": "2026-08-10",
        "acquisition_time": "02:14:29",
        "left": 445914.85972424183,
        "bottom": 2976969.977188905,
        "right": 451034.85972424183,
        "top": 2982089.977188905,
        "center_x": 448474.85972424183,
        "center_y": 2979529.977188905,
        "crs": "EPSG:32640",
        "label": "uncertain",
        "old_cnn_score": 0.7995909452438354,
        "old_unet_mean_probability": 0.1658201515674591,
        "old_unet_max_probability": 0.40429621934890747,
        "old_unet_p95": 0.22484683990478516,
        "old_candidate_pixel_count": 8035,
        "old_candidate_fraction": 0.1226043701171875,
        "old_fusion_score": 1.6165748691793875,
        "old_rank": 66,
        "new_cnn_score": 0.5442132949829102,
        "new_unet_mean_probability": 0.15538248419761658,
        "new_unet_max_probability": 0.35984063148498535,
        "new_unet_p95": 0.18685615062713623,
        "new_candidate_pixel_count": 1804,
        "new_candidate_fraction": 0.02752685546875,
        "new_fusion_score": 0.7625007522241793,
        "new_rank": 223,
        "score_delta": -0.8540741169552082,
        "rank_delta": -157,
        "unet_p95_delta": -0.037990689277648926,
        "candidate_pixel_delta": -6231,
        "abs_candidate_pixel_delta": 6231,
        "external_context_zone": "qeshm_hengam_context_priority",
        "category": "both_high;qeshm_hengam_context_priority",
        "review_recommendation": "highest manual review priority: both model versions rank high inside Qeshm/Hengam context zone"
      }
    },
    {
      "type": "Feature",
      "geometry": {
        "type": "Point",
        "coordinates": [
          56.56202629820801,
          27.091600092984546
        ]
      },
      "properties": {
        "tile": "D:\\SIHwork_2026\\data\\new_sar_case_study\\tiles_npz_run5_balanced3500\\S1C_IW_GRDH_1SDV_20260804T021408_20260804T021438_r7680_c24064_uncertain.npz",
        "tile_name": "S1C_IW_GRDH_1SDV_20260804T021408_20260804T021438_r7680_c24064_uncertain.npz",
        "scene": "S1C_IW_GRDH_1SDV_20260804T021408_20260804T021438_008839_01188E_BC5E",
        "acquisition_date": "2026-08-04",
        "acquisition_time": "02:14:08",
        "left": 454021.37147003977,
        "bottom": 2994096.4374795803,
        "right": 459141.37147003977,
        "top": 2999216.4374795803,
        "center_x": 456581.37147003977,
        "center_y": 2996656.4374795803,
        "crs": "EPSG:32640",
        "label": "uncertain",
        "old_cnn_score": 0.6888561844825745,
        "old_unet_mean_probability": 0.16584248840808868,
        "old_unet_max_probability": 0.3760521411895752,
        "old_unet_p95": 0.22158947587013245,
        "old_candidate_pixel_count": 7879,
        "old_candidate_fraction": 0.1202239990234375,
        "old_fusion_score": 1.3695282132636233,
        "old_rank": 126,
        "new_cnn_score": 0.5087752342224121,
        "new_unet_mean_probability": 0.15659092366695404,
        "new_unet_max_probability": 0.33839085698127747,
        "new_unet_p95": 0.19308529794216156,
        "new_candidate_pixel_count": 2267,
        "new_candidate_fraction": 0.0345916748046875,
        "new_fusion_score": 0.7590434127228108,
        "new_rank": 227,
        "score_delta": -0.6104848005408124,
        "rank_delta": -101,
        "unet_p95_delta": -0.028504177927970886,
        "candidate_pixel_delta": -5612,
        "abs_candidate_pixel_delta": 5612,
        "external_context_zone": "qeshm_hengam_context_priority",
        "category": "both_high;qeshm_hengam_context_priority",
        "review_recommendation": "highest manual review priority: both model versions rank high inside Qeshm/Hengam context zone"
      }
    },
    {
      "type": "Feature",
      "geometry": {
        "type": "Point",
        "coordinates": [
          56.763323654663864,
          26.778895672509098
        ]
      },
      "properties": {
        "tile": "D:\\SIHwork_2026\\data\\new_sar_case_study\\tiles_npz_run5_balanced3500\\S1D_20260805T020639_preprocessed_r7168_c6144_uncertain.npz",
        "tile_name": "S1D_20260805T020639_preprocessed_r7168_c6144_uncertain.npz",
        "scene": "S1D_IW_GRDH_1SDV_20260805T020614_20260805T020639_003984_0073C1_55A6_preprocessed_after_c_cleanup_xmx4",
        "acquisition_date": "2026-08-05",
        "acquisition_time": "02:06:14",
        "left": 473912.3208254428,
        "bottom": 2959408.1820285493,
        "right": 479032.3208254428,
        "top": 2964528.1820285493,
        "center_x": 476472.3208254428,
        "center_y": 2961968.1820285493,
        "crs": "EPSG:32640",
        "label": "uncertain",
        "old_cnn_score": 0.8091614842414856,
        "old_unet_mean_probability": 0.1591629981994629,
        "old_unet_max_probability": 0.36701449751853943,
        "old_unet_p95": 0.20886129140853882,
        "old_candidate_pixel_count": 4731,
        "old_candidate_fraction": 0.0721893310546875,
        "old_fusion_score": 1.4301167065559892,
        "old_rank": 112,
        "new_cnn_score": 0.6050758361816406,
        "new_unet_mean_probability": 0.15241974592208862,
        "new_unet_max_probability": 0.3428005576133728,
        "new_unet_p95": 0.17911502718925476,
        "new_candidate_pixel_count": 993,
        "new_candidate_fraction": 0.0151519775390625,
        "new_fusion_score": 0.7479976817465013,
        "new_rank": 237,
        "score_delta": -0.6821190248094879,
        "rank_delta": -125,
        "unet_p95_delta": -0.029746264219284058,
        "candidate_pixel_delta": -3738,
        "abs_candidate_pixel_delta": 3738,
        "external_context_zone": "qeshm_hengam_context_priority",
        "category": "both_high;qeshm_hengam_context_priority",
        "review_recommendation": "highest manual review priority: both model versions rank high inside Qeshm/Hengam context zone"
      }
    },
    {
      "type": "Feature",
      "geometry": {
        "type": "Point",
        "coordinates": [
          56.84205951357226,
          26.891339623352852
        ]
      },
      "properties": {
        "tile": "D:\\SIHwork_2026\\data\\new_sar_case_study\\tiles_npz_run5_balanced3500\\S1D_20260810T021454_preprocessed_r5632_c27648_uncertain.npz",
        "tile_name": "S1D_20260810T021454_preprocessed_r5632_c27648_uncertain.npz",
        "scene": "S1D_IW_GRDH_1SDV_20260810T021429_20260810T021454_004057_00763F_AFC5_preprocessed_extracted_xmx4",
        "acquisition_date": "2026-08-10",
        "acquisition_time": "02:14:29",
        "left": 481754.85972424183,
        "bottom": 2971849.977188905,
        "right": 486874.85972424183,
        "top": 2976969.977188905,
        "center_x": 484314.85972424183,
        "center_y": 2974409.977188905,
        "crs": "EPSG:32640",
        "label": "uncertain",
        "old_cnn_score": 0.8881179690361023,
        "old_unet_mean_probability": 0.1569892019033432,
        "old_unet_max_probability": 0.33645594120025635,
        "old_unet_p95": 0.1858263909816742,
        "old_candidate_pixel_count": 2050,
        "old_candidate_fraction": 0.031280517578125,
        "old_fusion_score": 1.2585763405567139,
        "old_rank": 164,
        "new_cnn_score": 0.717664897441864,
        "new_unet_mean_probability": 0.15277886390686035,
        "new_unet_max_probability": 0.2989625334739685,
        "new_unet_p95": 0.17450396716594696,
        "new_candidate_pixel_count": 376,
        "new_candidate_fraction": 0.0057373046875,
        "new_fusion_score": 0.7429269310617184,
        "new_rank": 243,
        "score_delta": -0.5156494094949955,
        "rank_delta": -79,
        "unet_p95_delta": -0.011322423815727234,
        "candidate_pixel_delta": -1674,
        "abs_candidate_pixel_delta": 1674,
        "external_context_zone": "qeshm_hengam_context_priority",
        "category": "both_high;qeshm_hengam_context_priority",
        "review_recommendation": "highest manual review priority: both model versions rank high inside Qeshm/Hengam context zone"
      }
    },
    {
      "type": "Feature",
      "geometry": {
        "type": "Point",
        "coordinates": [
          56.42916065080144,
          26.982725578914597
        ]
      },
      "properties": {
        "tile": "D:\\SIHwork_2026\\data\\new_sar_case_study\\tiles_npz_run5_balanced3500\\S1D_20260810T021454_preprocessed_r4608_c23552_uncertain.npz",
        "tile_name": "S1D_20260810T021454_preprocessed_r4608_c23552_uncertain.npz",
        "scene": "S1D_IW_GRDH_1SDV_20260810T021429_20260810T021454_004057_00763F_AFC5_preprocessed_extracted_xmx4",
        "acquisition_date": "2026-08-10",
        "acquisition_time": "02:14:29",
        "left": 440794.85972424183,
        "bottom": 2982089.977188905,
        "right": 445914.85972424183,
        "top": 2987209.977188905,
        "center_x": 443354.85972424183,
        "center_y": 2984649.977188905,
        "crs": "EPSG:32640",
        "label": "uncertain",
        "old_cnn_score": 0.8224072456359863,
        "old_unet_mean_probability": 0.16565798223018646,
        "old_unet_max_probability": 0.3518929183483124,
        "old_unet_p95": 0.22380006313323975,
        "old_candidate_pixel_count": 8223,
        "old_candidate_fraction": 0.1254730224609375,
        "old_fusion_score": 1.6592193587875452,
        "old_rank": 62,
        "new_cnn_score": 0.5576175451278687,
        "new_unet_mean_probability": 0.15431487560272217,
        "new_unet_max_probability": 0.3356931805610657,
        "new_unet_p95": 0.18393319845199585,
        "new_candidate_pixel_count": 1378,
        "new_candidate_fraction": 0.021026611328125,
        "new_fusion_score": 0.7414495726200632,
        "new_rank": 245,
        "score_delta": -0.9177697861674821,
        "rank_delta": -183,
        "unet_p95_delta": -0.039866864681243896,
        "candidate_pixel_delta": -6845,
        "abs_candidate_pixel_delta": 6845,
        "external_context_zone": "qeshm_hengam_context_priority",
        "category": "both_high;qeshm_hengam_context_priority",
        "review_recommendation": "highest manual review priority: both model versions rank high inside Qeshm/Hengam context zone"
      }
    },
    {
      "type": "Feature",
      "geometry": {
        "type": "Point",
        "coordinates": [
          57.47987682770202,
          27.408697003573877
        ]
      },
      "properties": {
        "tile": "D:\\SIHwork_2026\\data\\new_sar_case_study\\tiles_npz_run5_balanced3500\\S1C_20260808T141633_preprocessed_r2560_c19968_uncertain.npz",
        "tile_name": "S1C_20260808T141633_preprocessed_r2560_c19968_uncertain.npz",
        "scene": "S1C_IW_GRDH_1SDV_20260808T141614_20260808T141633_008905_011A9E_BE01_preprocessed_extracted_xmx4",
        "acquisition_date": "2026-08-08",
        "acquisition_time": "14:16:14",
        "left": 544878.061760937,
        "bottom": 3029234.963305102,
        "right": 549998.061760937,
        "top": 3034354.963305102,
        "center_x": 547438.061760937,
        "center_y": 3031794.963305102,
        "crs": "EPSG:32640",
        "label": "uncertain",
        "old_cnn_score": 0.9738717675209045,
        "old_unet_mean_probability": 0.1773863136768341,
        "old_unet_max_probability": 0.39814916253089905,
        "old_unet_p95": 0.22195084393024445,
        "old_candidate_pixel_count": 5113,
        "old_candidate_fraction": 0.0780181884765625,
        "old_fusion_score": 1.8458783680173465,
        "old_rank": 39,
        "new_cnn_score": 0.9457768201828003,
        "new_unet_mean_probability": 0.17884235084056854,
        "new_unet_max_probability": 0.35632309317588806,
        "new_unet_p95": 0.1970902681350708,
        "new_candidate_pixel_count": 2221,
        "new_candidate_fraction": 0.0338897705078125,
        "new_fusion_score": 1.4364550332033421,
        "new_rank": 3,
        "score_delta": -0.4094233348140044,
        "rank_delta": 36,
        "unet_p95_delta": -0.024860575795173645,
        "candidate_pixel_delta": -2892,
        "abs_candidate_pixel_delta": 2892,
        "external_context_zone": "outside_qeshm_hengam_priority_box",
        "category": "both_high",
        "review_recommendation": "manual review priority because both model versions rank the tile highly"
      }
    },
    {
      "type": "Feature",
      "geometry": {
        "type": "Point",
        "coordinates": [
          55.093458907913615,
          26.647500037133366
        ]
      },
      "properties": {
        "tile": "D:\\SIHwork_2026\\data\\new_sar_case_study\\tiles_npz_run5_balanced3500\\S1D_20260810T021454_preprocessed_r8192_c10240_uncertain.npz",
        "tile_name": "S1D_20260810T021454_preprocessed_r8192_c10240_uncertain.npz",
        "scene": "S1D_IW_GRDH_1SDV_20260810T021429_20260810T021454_004057_00763F_AFC5_preprocessed_extracted_xmx4",
        "acquisition_date": "2026-08-10",
        "acquisition_time": "02:14:29",
        "left": 307674.85972424183,
        "bottom": 2946249.977188905,
        "right": 312794.85972424183,
        "top": 2951369.977188905,
        "center_x": 310234.85972424183,
        "center_y": 2948809.977188905,
        "crs": "EPSG:32640",
        "label": "uncertain",
        "old_cnn_score": 0.9579599499702454,
        "old_unet_mean_probability": 0.17522792518138885,
        "old_unet_max_probability": 0.39099884033203125,
        "old_unet_p95": 0.24585185945034027,
        "old_candidate_pixel_count": 10210,
        "old_candidate_fraction": 0.155792236328125,
        "old_fusion_score": 2.1741023787482563,
        "old_rank": 8,
        "new_cnn_score": 0.9327561259269714,
        "new_unet_mean_probability": 0.1619166135787964,
        "new_unet_max_probability": 0.3428005576133728,
        "new_unet_p95": 0.1910826712846756,
        "new_candidate_pixel_count": 2402,
        "new_candidate_fraction": 0.036651611328125,
        "new_fusion_score": 1.387454161115999,
        "new_rank": 6,
        "score_delta": -0.7866482176322573,
        "rank_delta": 2,
        "unet_p95_delta": -0.05476918816566467,
        "candidate_pixel_delta": -7808,
        "abs_candidate_pixel_delta": 7808,
        "external_context_zone": "outside_qeshm_hengam_priority_box",
        "category": "both_high;strong_unet_mask_change",
        "review_recommendation": "inspect localization change; do not treat either mask as ground truth"
      }
    },
    {
      "type": "Feature",
      "geometry": {
        "type": "Point",
        "coordinates": [
          57.123855920467705,
          26.77903921507167
        ]
      },
      "properties": {
        "tile": "D:\\SIHwork_2026\\data\\new_sar_case_study\\tiles_npz_run5_balanced3500\\S1D_20260805T020639_preprocessed_r7168_c9728_uncertain.npz",
        "tile_name": "S1D_20260805T020639_preprocessed_r7168_c9728_uncertain.npz",
        "scene": "S1D_IW_GRDH_1SDV_20260805T020614_20260805T020639_003984_0073C1_55A6_preprocessed_after_c_cleanup_xmx4",
        "acquisition_date": "2026-08-05",
        "acquisition_time": "02:06:14",
        "left": 509752.3208254428,
        "bottom": 2959408.1820285493,
        "right": 514872.3208254428,
        "top": 2964528.1820285493,
        "center_x": 512312.3208254428,
        "center_y": 2961968.1820285493,
        "crs": "EPSG:32640",
        "label": "uncertain",
        "old_cnn_score": 0.8734887838363647,
        "old_unet_mean_probability": 0.17843136191368103,
        "old_unet_max_probability": 0.3975190222263336,
        "old_unet_p95": 0.1899566650390625,
        "old_candidate_pixel_count": 2447,
        "old_candidate_fraction": 0.0373382568359375,
        "old_fusion_score": 1.294717323241433,
        "old_rank": 150,
        "new_cnn_score": 0.8304886221885681,
        "new_unet_mean_probability": 0.183665469288826,
        "new_unet_max_probability": 0.36210426688194275,
        "new_unet_p95": 0.19776463508605957,
        "new_candidate_pixel_count": 1582,
        "new_candidate_fraction": 0.024139404296875,
        "new_fusion_score": 1.2099781610920275,
        "new_rank": 11,
        "score_delta": -0.08473916214940558,
        "rank_delta": 139,
        "unet_p95_delta": 0.00780797004699707,
        "candidate_pixel_delta": -865,
        "abs_candidate_pixel_delta": 865,
        "external_context_zone": "outside_qeshm_hengam_priority_box",
        "category": "both_high",
        "review_recommendation": "manual review priority because both model versions rank the tile highly"
      }
    },
    {
      "type": "Feature",
      "geometry": {
        "type": "Point",
        "coordinates": [
          57.07267790467093,
          27.287562538333727
        ]
      },
      "properties": {
        "tile": "D:\\SIHwork_2026\\data\\new_sar_case_study\\tiles_npz_run5_balanced3500\\S1D_20260805T020639_preprocessed_r1536_c9216_uncertain.npz",
        "tile_name": "S1D_20260805T020639_preprocessed_r1536_c9216_uncertain.npz",
        "scene": "S1D_IW_GRDH_1SDV_20260805T020614_20260805T020639_003984_0073C1_55A6_preprocessed_after_c_cleanup_xmx4",
        "acquisition_date": "2026-08-05",
        "acquisition_time": "02:06:14",
        "left": 504632.3208254428,
        "bottom": 3015728.1820285493,
        "right": 509752.3208254428,
        "top": 3020848.1820285493,
        "center_x": 507192.3208254428,
        "center_y": 3018288.1820285493,
        "crs": "EPSG:32640",
        "label": "uncertain",
        "old_cnn_score": 0.9311947226524353,
        "old_unet_mean_probability": 0.1670520305633545,
        "old_unet_max_probability": 0.41312846541404724,
        "old_unet_p95": 0.19946809113025665,
        "old_candidate_pixel_count": 3242,
        "old_candidate_fraction": 0.049468994140625,
        "old_fusion_score": 1.5015987342523287,
        "old_rank": 94,
        "new_cnn_score": 0.8788638710975647,
        "new_unet_mean_probability": 0.16617359220981598,
        "new_unet_max_probability": 0.3428005576133728,
        "new_unet_p95": 0.18990787863731384,
        "new_candidate_pixel_count": 998,
        "new_candidate_fraction": 0.015228271484375,
        "new_fusion_score": 1.1527592902525645,
        "new_rank": 14,
        "score_delta": -0.3488394439997642,
        "rank_delta": 80,
        "unet_p95_delta": -0.00956021249294281,
        "candidate_pixel_delta": -2244,
        "abs_candidate_pixel_delta": 2244,
        "external_context_zone": "outside_qeshm_hengam_priority_box",
        "category": "both_high",
        "review_recommendation": "manual review priority because both model versions rank the tile highly"
      }
    },
    {
      "type": "Feature",
      "geometry": {
        "type": "Point",
        "coordinates": [
          58.77527396501892,
          26.999041049841637
        ]
      },
      "properties": {
        "tile": "D:\\SIHwork_2026\\data\\new_sar_case_study\\tiles_npz_run5_balanced3500\\S1D_20260805T020639_preprocessed_r4608_c26112_uncertain.npz",
        "tile_name": "S1D_20260805T020639_preprocessed_r4608_c26112_uncertain.npz",
        "scene": "S1D_IW_GRDH_1SDV_20260805T020614_20260805T020639_003984_0073C1_55A6_preprocessed_after_c_cleanup_xmx4",
        "acquisition_date": "2026-08-05",
        "acquisition_time": "02:06:14",
        "left": 673592.3208254428,
        "bottom": 2985008.1820285493,
        "right": 678712.3208254428,
        "top": 2990128.1820285493,
        "center_x": 676152.3208254428,
        "center_y": 2987568.1820285493,
        "crs": "EPSG:32640",
        "label": "uncertain",
        "old_cnn_score": 0.9660218358039856,
        "old_unet_mean_probability": 0.16890156269073486,
        "old_unet_max_probability": 0.4042312502861023,
        "old_unet_p95": 0.18404348194599152,
        "old_candidate_pixel_count": 1534,
        "old_candidate_fraction": 0.023406982421875,
        "old_fusion_score": 1.3043183910739942,
        "old_rank": 147,
        "new_cnn_score": 0.9298721551895142,
        "new_unet_mean_probability": 0.17248179018497467,
        "new_unet_max_probability": 0.3457321226596832,
        "new_unet_p95": 0.19087374210357666,
        "new_candidate_pixel_count": 530,
        "new_candidate_fraction": 0.008087158203125,
        "new_fusion_score": 1.1136960781506942,
        "new_rank": 19,
        "score_delta": -0.1906223129233,
        "rank_delta": 128,
        "unet_p95_delta": 0.006830260157585144,
        "candidate_pixel_delta": -1004,
        "abs_candidate_pixel_delta": 1004,
        "external_context_zone": "outside_qeshm_hengam_priority_box",
        "category": "both_high",
        "review_recommendation": "manual review priority because both model versions rank the tile highly"
      }
    },
    {
      "type": "Feature",
      "geometry": {
        "type": "Point",
        "coordinates": [
          58.77454907255889,
          26.95283675616743
        ]
      },
      "properties": {
        "tile": "D:\\SIHwork_2026\\data\\new_sar_case_study\\tiles_npz_run5_balanced3500\\S1D_20260805T020639_preprocessed_r5120_c26112_uncertain.npz",
        "tile_name": "S1D_20260805T020639_preprocessed_r5120_c26112_uncertain.npz",
        "scene": "S1D_IW_GRDH_1SDV_20260805T020614_20260805T020639_003984_0073C1_55A6_preprocessed_after_c_cleanup_xmx4",
        "acquisition_date": "2026-08-05",
        "acquisition_time": "02:06:14",
        "left": 673592.3208254428,
        "bottom": 2979888.1820285493,
        "right": 678712.3208254428,
        "top": 2985008.1820285493,
        "center_x": 676152.3208254428,
        "center_y": 2982448.1820285493,
        "crs": "EPSG:32640",
        "label": "uncertain",
        "old_cnn_score": 0.8538507223129272,
        "old_unet_mean_probability": 0.1723954826593399,
        "old_unet_max_probability": 0.4096057116985321,
        "old_unet_p95": 0.18501490354537964,
        "old_candidate_pixel_count": 1631,
        "old_candidate_fraction": 0.0248870849609375,
        "old_fusion_score": 1.1686305901370486,
        "old_rank": 200,
        "new_cnn_score": 0.8243511319160461,
        "new_unet_mean_probability": 0.177562415599823,
        "new_unet_max_probability": 0.3643650412559509,
        "new_unet_p95": 0.1944555938243866,
        "new_candidate_pixel_count": 915,
        "new_candidate_fraction": 0.0139617919921875,
        "new_fusion_score": 1.0932465013901744,
        "new_rank": 26,
        "score_delta": -0.07538408874687419,
        "rank_delta": 174,
        "unet_p95_delta": 0.009440690279006958,
        "candidate_pixel_delta": -716,
        "abs_candidate_pixel_delta": 716,
        "external_context_zone": "outside_qeshm_hengam_priority_box",
        "category": "both_high",
        "review_recommendation": "manual review priority because both model versions rank the tile highly"
      }
    },
    {
      "type": "Feature",
      "geometry": {
        "type": "Point",
        "coordinates": [
          56.91746617443086,
          27.287557070231568
        ]
      },
      "properties": {
        "tile": "D:\\SIHwork_2026\\data\\new_sar_case_study\\tiles_npz_run5_balanced3500\\S1D_20260805T020639_preprocessed_r1536_c7680_uncertain.npz",
        "tile_name": "S1D_20260805T020639_preprocessed_r1536_c7680_uncertain.npz",
        "scene": "S1D_IW_GRDH_1SDV_20260805T020614_20260805T020639_003984_0073C1_55A6_preprocessed_after_c_cleanup_xmx4",
        "acquisition_date": "2026-08-05",
        "acquisition_time": "02:06:14",
        "left": 489272.3208254428,
        "bottom": 3015728.1820285493,
        "right": 494392.3208254428,
        "top": 3020848.1820285493,
        "center_x": 491832.3208254428,
        "center_y": 3018288.1820285493,
        "crs": "EPSG:32640",
        "label": "uncertain",
        "old_cnn_score": 0.8431732654571533,
        "old_unet_mean_probability": 0.16883675754070282,
        "old_unet_max_probability": 0.3894973695278168,
        "old_unet_p95": 0.213701993227005,
        "old_candidate_pixel_count": 5072,
        "old_candidate_fraction": 0.077392578125,
        "old_fusion_score": 1.5373060893801416,
        "old_rank": 82,
        "new_cnn_score": 0.7512134313583374,
        "new_unet_mean_probability": 0.16681626439094543,
        "new_unet_max_probability": 0.34598028659820557,
        "new_unet_p95": 0.19205331802368164,
        "new_candidate_pixel_count": 1854,
        "new_candidate_fraction": 0.028289794921875,
        "new_fusion_score": 1.0857468972130073,
        "new_rank": 29,
        "score_delta": -0.45155919216713425,
        "rank_delta": 53,
        "unet_p95_delta": -0.021648675203323364,
        "candidate_pixel_delta": -3218,
        "abs_candidate_pixel_delta": 3218,
        "external_context_zone": "outside_qeshm_hengam_priority_box",
        "category": "both_high",
        "review_recommendation": "manual review priority because both model versions rank the tile highly"
      }
    },
    {
      "type": "Feature",
      "geometry": {
        "type": "Point",
        "coordinates": [
          56.87174630070137,
          27.230899751586826
        ]
      },
      "properties": {
        "tile": "D:\\SIHwork_2026\\data\\new_sar_case_study\\tiles_npz_run5_balanced3500\\S1C_IW_GRDH_1SDV_20260804T021408_20260804T021438_r6144_c27136_uncertain.npz",
        "tile_name": "S1C_IW_GRDH_1SDV_20260804T021408_20260804T021438_r6144_c27136_uncertain.npz",
        "scene": "S1C_IW_GRDH_1SDV_20260804T021408_20260804T021438_008839_01188E_BC5E",
        "acquisition_date": "2026-08-04",
        "acquisition_time": "02:14:08",
        "left": 484741.37147003977,
        "bottom": 3009456.4374795803,
        "right": 489861.37147003977,
        "top": 3014576.4374795803,
        "center_x": 487301.37147003977,
        "center_y": 3012016.4374795803,
        "crs": "EPSG:32640",
        "label": "uncertain",
        "old_cnn_score": 0.9027172327041626,
        "old_unet_mean_probability": 0.16354842483997345,
        "old_unet_max_probability": 0.3919006288051605,
        "old_unet_p95": 0.1883242130279541,
        "old_candidate_pixel_count": 2461,
        "old_candidate_fraction": 0.0375518798828125,
        "old_fusion_score": 1.327511409806792,
        "old_rank": 138,
        "new_cnn_score": 0.8345306515693665,
        "new_unet_mean_probability": 0.16104887425899506,
        "new_unet_max_probability": 0.35049760341644287,
        "new_unet_p95": 0.18582642078399658,
        "new_candidate_pixel_count": 1095,
        "new_candidate_fraction": 0.0167083740234375,
        "new_fusion_score": 1.0854553456159892,
        "new_rank": 30,
        "score_delta": -0.24205606419080272,
        "rank_delta": 108,
        "unet_p95_delta": -0.0024977922439575195,
        "candidate_pixel_delta": -1366,
        "abs_candidate_pixel_delta": 1366,
        "external_context_zone": "outside_qeshm_hengam_priority_box",
        "category": "both_high",
        "review_recommendation": "manual review priority because both model versions rank the tile highly"
      }
    },
    {
      "type": "Feature",
      "geometry": {
        "type": "Point",
        "coordinates": [
          54.680316397567346,
          26.733768249045823
        ]
      },
      "properties": {
        "tile": "D:\\SIHwork_2026\\data\\new_sar_case_study\\tiles_npz_run5_balanced3500\\S1D_20260810T021454_preprocessed_r7168_c6144_uncertain.npz",
        "tile_name": "S1D_20260810T021454_preprocessed_r7168_c6144_uncertain.npz",
        "scene": "S1D_IW_GRDH_1SDV_20260810T021429_20260810T021454_004057_00763F_AFC5_preprocessed_extracted_xmx4",
        "acquisition_date": "2026-08-10",
        "acquisition_time": "02:14:29",
        "left": 266714.85972424183,
        "bottom": 2956489.977188905,
        "right": 271834.85972424183,
        "top": 2961609.977188905,
        "center_x": 269274.85972424183,
        "center_y": 2959049.977188905,
        "crs": "EPSG:32640",
        "label": "uncertain",
        "old_cnn_score": 0.7355692386627197,
        "old_unet_mean_probability": 0.17260926961898804,
        "old_unet_max_probability": 0.39371874928474426,
        "old_unet_p95": 0.2254152148962021,
        "old_candidate_pixel_count": 8131,
        "old_candidate_fraction": 0.1240692138671875,
        "old_fusion_score": 1.4928671208823683,
        "old_rank": 97,
        "new_cnn_score": 0.6744754314422607,
        "new_unet_mean_probability": 0.16850100457668304,
        "new_unet_max_probability": 0.3521096408367157,
        "new_unet_p95": 0.1988440901041031,
        "new_candidate_pixel_count": 3095,
        "new_candidate_fraction": 0.0472259521484375,
        "new_fusion_score": 1.0780020749406753,
        "new_rank": 31,
        "score_delta": -0.41486504594169293,
        "rank_delta": 66,
        "unet_p95_delta": -0.026571124792099,
        "candidate_pixel_delta": -5036,
        "abs_candidate_pixel_delta": 5036,
        "external_context_zone": "outside_qeshm_hengam_priority_box",
        "category": "both_high",
        "review_recommendation": "manual review priority because both model versions rank the tile highly"
      }
    },
    {
      "type": "Feature",
      "geometry": {
        "type": "Point",
        "coordinates": [
          56.87169327155597,
          27.27712437146921
        ]
      },
      "properties": {
        "tile": "D:\\SIHwork_2026\\data\\new_sar_case_study\\tiles_npz_run5_balanced3500\\S1C_IW_GRDH_1SDV_20260804T021408_20260804T021438_r5632_c27136_uncertain.npz",
        "tile_name": "S1C_IW_GRDH_1SDV_20260804T021408_20260804T021438_r5632_c27136_uncertain.npz",
        "scene": "S1C_IW_GRDH_1SDV_20260804T021408_20260804T021438_008839_01188E_BC5E",
        "acquisition_date": "2026-08-04",
        "acquisition_time": "02:14:08",
        "left": 484741.37147003977,
        "bottom": 3014576.4374795803,
        "right": 489861.37147003977,
        "top": 3019696.4374795803,
        "center_x": 487301.37147003977,
        "center_y": 3017136.4374795803,
        "crs": "EPSG:32640",
        "label": "uncertain",
        "old_cnn_score": 0.8341917991638184,
        "old_unet_mean_probability": 0.16819807887077332,
        "old_unet_max_probability": 0.39136651158332825,
        "old_unet_p95": 0.19949348270893097,
        "old_candidate_pixel_count": 3226,
        "old_candidate_fraction": 0.049224853515625,
        "old_fusion_score": 1.3445247564883676,
        "old_rank": 130,
        "new_cnn_score": 0.7850386500358582,
        "new_unet_mean_probability": 0.1665518581867218,
        "new_unet_max_probability": 0.362493097782135,
        "new_unet_p95": 0.18873372673988342,
        "new_candidate_pixel_count": 1313,
        "new_candidate_fraction": 0.0200347900390625,
        "new_fusion_score": 1.0639354321714118,
        "new_rank": 33,
        "score_delta": -0.2805893243169557,
        "rank_delta": 97,
        "unet_p95_delta": -0.010759755969047546,
        "candidate_pixel_delta": -1913,
        "abs_candidate_pixel_delta": 1913,
        "external_context_zone": "outside_qeshm_hengam_priority_box",
        "category": "both_high",
        "review_recommendation": "manual review priority because both model versions rank the tile highly"
      }
    },
    {
      "type": "Feature",
      "geometry": {
        "type": "Point",
        "coordinates": [
          56.59988890764923,
          27.27027812175206
        ]
      },
      "properties": {
        "tile": "D:\\SIHwork_2026\\data\\new_sar_case_study\\tiles_npz_run5_balanced3500\\S1C_20260808T141633_preprocessed_r4096_c11264_uncertain.npz",
        "tile_name": "S1C_20260808T141633_preprocessed_r4096_c11264_uncertain.npz",
        "scene": "S1C_IW_GRDH_1SDV_20260808T141614_20260808T141633_008905_011A9E_BE01_preprocessed_extracted_xmx4",
        "acquisition_date": "2026-08-08",
        "acquisition_time": "14:16:14",
        "left": 457838.061760937,
        "bottom": 3013874.963305102,
        "right": 462958.061760937,
        "top": 3018994.963305102,
        "center_x": 460398.061760937,
        "center_y": 3016434.963305102,
        "crs": "EPSG:32640",
        "label": "uncertain",
        "old_cnn_score": 0.8318436741828918,
        "old_unet_mean_probability": 0.16860203444957733,
        "old_unet_max_probability": 0.34910547733306885,
        "old_unet_p95": 0.19892919063568115,
        "old_candidate_pixel_count": 3130,
        "old_candidate_fraction": 0.047760009765625,
        "old_fusion_score": 1.3319501576865505,
        "old_rank": 137,
        "new_cnn_score": 0.7833268642425537,
        "new_unet_mean_probability": 0.16933178901672363,
        "new_unet_max_probability": 0.33069390058517456,
        "new_unet_p95": 0.19253671169281006,
        "new_candidate_pixel_count": 1155,
        "new_candidate_fraction": 0.0176239013671875,
        "new_fusion_score": 1.0636855956946145,
        "new_rank": 34,
        "score_delta": -0.26826456199193593,
        "rank_delta": 103,
        "unet_p95_delta": -0.006392478942871094,
        "candidate_pixel_delta": -1975,
        "abs_candidate_pixel_delta": 1975,
        "external_context_zone": "outside_qeshm_hengam_priority_box",
        "category": "both_high",
        "review_recommendation": "manual review priority because both model versions rank the tile highly"
      }
    },
    {
      "type": "Feature",
      "geometry": {
        "type": "Point",
        "coordinates": [
          57.12390614406123,
          26.825266810573154
        ]
      },
      "properties": {
        "tile": "D:\\SIHwork_2026\\data\\new_sar_case_study\\tiles_npz_run5_balanced3500\\S1D_20260805T020639_preprocessed_r6656_c9728_uncertain.npz",
        "tile_name": "S1D_20260805T020639_preprocessed_r6656_c9728_uncertain.npz",
        "scene": "S1D_IW_GRDH_1SDV_20260805T020614_20260805T020639_003984_0073C1_55A6_preprocessed_after_c_cleanup_xmx4",
        "acquisition_date": "2026-08-05",
        "acquisition_time": "02:06:14",
        "left": 509752.3208254428,
        "bottom": 2964528.1820285493,
        "right": 514872.3208254428,
        "top": 2969648.1820285493,
        "center_x": 512312.3208254428,
        "center_y": 2967088.1820285493,
        "crs": "EPSG:32640",
        "label": "uncertain",
        "old_cnn_score": 0.8181489706039429,
        "old_unet_mean_probability": 0.1711810827255249,
        "old_unet_max_probability": 0.38310134410858154,
        "old_unet_p95": 0.1892894059419632,
        "old_candidate_pixel_count": 2072,
        "old_candidate_fraction": 0.0316162109375,
        "old_fusion_score": 1.182680374814281,
        "old_rank": 193,
        "new_cnn_score": 0.7579116225242615,
        "new_unet_mean_probability": 0.17409591376781464,
        "new_unet_max_probability": 0.3508097529411316,
        "new_unet_p95": 0.19695590436458588,
        "new_candidate_pixel_count": 1076,
        "new_candidate_fraction": 0.01641845703125,
        "new_fusion_score": 1.0422294791775848,
        "new_rank": 38,
        "score_delta": -0.1404508956366961,
        "rank_delta": 155,
        "unet_p95_delta": 0.007666498422622681,
        "candidate_pixel_delta": -996,
        "abs_candidate_pixel_delta": 996,
        "external_context_zone": "outside_qeshm_hengam_priority_box",
        "category": "both_high",
        "review_recommendation": "manual review priority because both model versions rank the tile highly"
      }
    },
    {
      "type": "Feature",
      "geometry": {
        "type": "Point",
        "coordinates": [
          57.16919015245596,
          27.455643430345198
        ]
      },
      "properties": {
        "tile": "D:\\SIHwork_2026\\data\\new_sar_case_study\\tiles_npz_run5_balanced3500\\S1C_20260808T141633_preprocessed_r2048_c16896_uncertain.npz",
        "tile_name": "S1C_20260808T141633_preprocessed_r2048_c16896_uncertain.npz",
        "scene": "S1C_IW_GRDH_1SDV_20260808T141614_20260808T141633_008905_011A9E_BE01_preprocessed_extracted_xmx4",
        "acquisition_date": "2026-08-08",
        "acquisition_time": "14:16:14",
        "left": 514158.061760937,
        "bottom": 3034354.963305102,
        "right": 519278.061760937,
        "top": 3039474.963305102,
        "center_x": 516718.061760937,
        "center_y": 3036914.963305102,
        "crs": "EPSG:32640",
        "label": "uncertain",
        "old_cnn_score": 0.8956946134567261,
        "old_unet_mean_probability": 0.17301130294799805,
        "old_unet_max_probability": 0.3983989655971527,
        "old_unet_p95": 0.19116619229316711,
        "old_candidate_pixel_count": 940,
        "old_candidate_fraction": 0.01434326171875,
        "old_fusion_score": 1.1723783060798014,
        "old_rank": 199,
        "new_cnn_score": 0.8503183126449585,
        "new_unet_mean_probability": 0.1777176558971405,
        "new_unet_max_probability": 0.33423349261283875,
        "new_unet_p95": 0.1986517459154129,
        "new_candidate_pixel_count": 475,
        "new_candidate_fraction": 0.0072479248046875,
        "new_fusion_score": 1.041445227988137,
        "new_rank": 39,
        "score_delta": -0.13093307809166443,
        "rank_delta": 160,
        "unet_p95_delta": 0.007485553622245789,
        "candidate_pixel_delta": -465,
        "abs_candidate_pixel_delta": 465,
        "external_context_zone": "outside_qeshm_hengam_priority_box",
        "category": "both_high",
        "review_recommendation": "manual review priority because both model versions rank the tile highly"
      }
    },
    {
      "type": "Feature",
      "geometry": {
        "type": "Point",
        "coordinates": [
          56.56148497603195,
          27.23027206988037
        ]
      },
      "properties": {
        "tile": "D:\\SIHwork_2026\\data\\new_sar_case_study\\tiles_npz_run5_balanced3500\\S1C_IW_GRDH_1SDV_20260804T021408_20260804T021438_r6144_c24064_uncertain.npz",
        "tile_name": "S1C_IW_GRDH_1SDV_20260804T021408_20260804T021438_r6144_c24064_uncertain.npz",
        "scene": "S1C_IW_GRDH_1SDV_20260804T021408_20260804T021438_008839_01188E_BC5E",
        "acquisition_date": "2026-08-04",
        "acquisition_time": "02:14:08",
        "left": 454021.37147003977,
        "bottom": 3009456.4374795803,
        "right": 459141.37147003977,
        "top": 3014576.4374795803,
        "center_x": 456581.37147003977,
        "center_y": 3012016.4374795803,
        "crs": "EPSG:32640",
        "label": "uncertain",
        "old_cnn_score": 0.9555906653404236,
        "old_unet_mean_probability": 0.16225075721740723,
        "old_unet_max_probability": 0.30857038497924805,
        "old_unet_p95": 0.1814645677804947,
        "old_candidate_pixel_count": 1447,
        "old_candidate_fraction": 0.0220794677734375,
        "old_fusion_score": 1.262037103100116,
        "old_rank": 163,
        "new_cnn_score": 0.9220589995384216,
        "new_unet_mean_probability": 0.16198650002479553,
        "new_unet_max_probability": 0.2942885458469391,
        "new_unet_p95": 0.1880928874015808,
        "new_candidate_pixel_count": 404,
        "new_candidate_fraction": 0.00616455078125,
        "new_fusion_score": 1.0412705821639774,
        "new_rank": 40,
        "score_delta": -0.2207665209361387,
        "rank_delta": 123,
        "unet_p95_delta": 0.006628319621086121,
        "candidate_pixel_delta": -1043,
        "abs_candidate_pixel_delta": 1043,
        "external_context_zone": "outside_qeshm_hengam_priority_box",
        "category": "both_high",
        "review_recommendation": "manual review priority because both model versions rank the tile highly"
      }
    },
    {
      "type": "Feature",
      "geometry": {
        "type": "Point",
        "coordinates": [
          56.30236826517352,
          27.321666414185284
        ]
      },
      "properties": {
        "tile": "D:\\SIHwork_2026\\data\\new_sar_case_study\\tiles_npz_run5_balanced3500\\S1C_IW_GRDH_1SDV_20260804T021408_20260804T021438_r5120_c21504_uncertain.npz",
        "tile_name": "S1C_IW_GRDH_1SDV_20260804T021408_20260804T021438_r5120_c21504_uncertain.npz",
        "scene": "S1C_IW_GRDH_1SDV_20260804T021408_20260804T021438_008839_01188E_BC5E",
        "acquisition_date": "2026-08-04",
        "acquisition_time": "02:14:08",
        "left": 428421.37147003977,
        "bottom": 3019696.4374795803,
        "right": 433541.37147003977,
        "top": 3024816.4374795803,
        "center_x": 430981.37147003977,
        "center_y": 3022256.4374795803,
        "crs": "EPSG:32640",
        "label": "uncertain",
        "old_cnn_score": 0.8675342202186584,
        "old_unet_mean_probability": 0.16857405006885529,
        "old_unet_max_probability": 0.4115930199623108,
        "old_unet_p95": 0.18660511076450348,
        "old_candidate_pixel_count": 1701,
        "old_candidate_fraction": 0.0259552001953125,
        "old_fusion_score": 1.2043628734415588,
        "old_rank": 186,
        "new_cnn_score": 0.8072288036346436,
        "new_unet_mean_probability": 0.17149509489536285,
        "new_unet_max_probability": 0.34930241107940674,
        "new_unet_p95": 0.1946263611316681,
        "new_candidate_pixel_count": 718,
        "new_candidate_fraction": 0.010955810546875,
        "new_fusion_score": 1.033434672789579,
        "new_rank": 42,
        "score_delta": -0.1709282006519799,
        "rank_delta": 144,
        "unet_p95_delta": 0.008021250367164612,
        "candidate_pixel_delta": -983,
        "abs_candidate_pixel_delta": 983,
        "external_context_zone": "outside_qeshm_hengam_priority_box",
        "category": "both_high",
        "review_recommendation": "manual review priority because both model versions rank the tile highly"
      }
    },
    {
      "type": "Feature",
      "geometry": {
        "type": "Point",
        "coordinates": [
          56.54816113182909,
          27.270120660384062
        ]
      },
      "properties": {
        "tile": "D:\\SIHwork_2026\\data\\new_sar_case_study\\tiles_npz_run5_balanced3500\\S1C_20260808T141633_preprocessed_r4096_c10752_uncertain.npz",
        "tile_name": "S1C_20260808T141633_preprocessed_r4096_c10752_uncertain.npz",
        "scene": "S1C_IW_GRDH_1SDV_20260808T141614_20260808T141633_008905_011A9E_BE01_preprocessed_extracted_xmx4",
        "acquisition_date": "2026-08-08",
        "acquisition_time": "14:16:14",
        "left": 452718.061760937,
        "bottom": 3013874.963305102,
        "right": 457838.061760937,
        "top": 3018994.963305102,
        "center_x": 455278.061760937,
        "center_y": 3016434.963305102,
        "crs": "EPSG:32640",
        "label": "uncertain",
        "old_cnn_score": 0.9463192224502563,
        "old_unet_mean_probability": 0.16044846177101135,
        "old_unet_max_probability": 0.3805692493915558,
        "old_unet_p95": 0.17942668497562408,
        "old_candidate_pixel_count": 1270,
        "old_candidate_fraction": 0.019378662109375,
        "old_fusion_score": 1.213619261887061,
        "old_rank": 181,
        "new_cnn_score": 0.894894540309906,
        "new_unet_mean_probability": 0.1602301001548767,
        "new_unet_max_probability": 0.3457549810409546,
        "new_unet_p95": 0.18497979640960693,
        "new_candidate_pixel_count": 491,
        "new_candidate_fraction": 0.0074920654296875,
        "new_fusion_score": 1.026080111890942,
        "new_rank": 44,
        "score_delta": -0.18753914999611898,
        "rank_delta": 137,
        "unet_p95_delta": 0.005553111433982849,
        "candidate_pixel_delta": -779,
        "abs_candidate_pixel_delta": 779,
        "external_context_zone": "outside_qeshm_hengam_priority_box",
        "category": "both_high",
        "review_recommendation": "manual review priority because both model versions rank the tile highly"
      }
    },
    {
      "type": "Feature",
      "geometry": {
        "type": "Point",
        "coordinates": [
          57.123956488695235,
          26.871494103928228
        ]
      },
      "properties": {
        "tile": "D:\\SIHwork_2026\\data\\new_sar_case_study\\tiles_npz_run5_balanced3500\\S1D_20260805T020639_preprocessed_r6144_c9728_uncertain.npz",
        "tile_name": "S1D_20260805T020639_preprocessed_r6144_c9728_uncertain.npz",
        "scene": "S1D_IW_GRDH_1SDV_20260805T020614_20260805T020639_003984_0073C1_55A6_preprocessed_after_c_cleanup_xmx4",
        "acquisition_date": "2026-08-05",
        "acquisition_time": "02:06:14",
        "left": 509752.3208254428,
        "bottom": 2969648.1820285493,
        "right": 514872.3208254428,
        "top": 2974768.1820285493,
        "center_x": 512312.3208254428,
        "center_y": 2972208.1820285493,
        "crs": "EPSG:32640",
        "label": "uncertain",
        "old_cnn_score": 0.8635883331298828,
        "old_unet_mean_probability": 0.16736792027950287,
        "old_unet_max_probability": 0.40506863594055176,
        "old_unet_p95": 0.18632057309150696,
        "old_candidate_pixel_count": 1417,
        "old_candidate_fraction": 0.0216217041015625,
        "old_fusion_score": 1.1676827457879573,
        "old_rank": 201,
        "new_cnn_score": 0.793461263179779,
        "new_unet_mean_probability": 0.16958996653556824,
        "new_unet_max_probability": 0.340759813785553,
        "new_unet_p95": 0.1945459246635437,
        "new_candidate_pixel_count": 763,
        "new_candidate_fraction": 0.0116424560546875,
        "new_fusion_score": 1.0247602273319063,
        "new_rank": 45,
        "score_delta": -0.14292251845605097,
        "rank_delta": 156,
        "unet_p95_delta": 0.008225351572036743,
        "candidate_pixel_delta": -654,
        "abs_candidate_pixel_delta": 654,
        "external_context_zone": "outside_qeshm_hengam_priority_box",
        "category": "both_high",
        "review_recommendation": "manual review priority because both model versions rank the tile highly"
      }
    },
    {
      "type": "Feature",
      "geometry": {
        "type": "Point",
        "coordinates": [
          56.60704630364412,
          27.28702947121782
        ]
      },
      "properties": {
        "tile": "D:\\SIHwork_2026\\data\\new_sar_case_study\\tiles_npz_run5_balanced3500\\S1D_20260805T020639_preprocessed_r1536_c4608_uncertain.npz",
        "tile_name": "S1D_20260805T020639_preprocessed_r1536_c4608_uncertain.npz",
        "scene": "S1D_IW_GRDH_1SDV_20260805T020614_20260805T020639_003984_0073C1_55A6_preprocessed_after_c_cleanup_xmx4",
        "acquisition_date": "2026-08-05",
        "acquisition_time": "02:06:14",
        "left": 458552.3208254428,
        "bottom": 3015728.1820285493,
        "right": 463672.3208254428,
        "top": 3020848.1820285493,
        "center_x": 461112.3208254428,
        "center_y": 3018288.1820285493,
        "crs": "EPSG:32640",
        "label": "uncertain",
        "old_cnn_score": 0.9018614888191223,
        "old_unet_mean_probability": 0.1657453179359436,
        "old_unet_max_probability": 0.348091185092926,
        "old_unet_p95": 0.18522939085960388,
        "old_candidate_pixel_count": 2028,
        "old_candidate_fraction": 0.03094482421875,
        "old_fusion_score": 1.272145138879421,
        "old_rank": 159,
        "new_cnn_score": 0.8495591878890991,
        "new_unet_mean_probability": 0.1663619577884674,
        "new_unet_max_probability": 0.34130629897117615,
        "new_unet_p95": 0.18788477778434753,
        "new_candidate_pixel_count": 610,
        "new_candidate_fraction": 0.009307861328125,
        "new_fusion_score": 1.023972896217317,
        "new_rank": 46,
        "score_delta": -0.24817224266210403,
        "rank_delta": 113,
        "unet_p95_delta": 0.0026553869247436523,
        "candidate_pixel_delta": -1418,
        "abs_candidate_pixel_delta": 1418,
        "external_context_zone": "outside_qeshm_hengam_priority_box",
        "category": "both_high",
        "review_recommendation": "manual review priority because both model versions rank the tile highly"
      }
    },
    {
      "type": "Feature",
      "geometry": {
        "type": "Point",
        "coordinates": [
          56.96936658651785,
          26.68663373476704
        ]
      },
      "properties": {
        "tile": "D:\\SIHwork_2026\\data\\new_sar_case_study\\tiles_npz_run5_balanced3500\\S1D_20260805T020639_preprocessed_r8192_c8192_uncertain.npz",
        "tile_name": "S1D_20260805T020639_preprocessed_r8192_c8192_uncertain.npz",
        "scene": "S1D_IW_GRDH_1SDV_20260805T020614_20260805T020639_003984_0073C1_55A6_preprocessed_after_c_cleanup_xmx4",
        "acquisition_date": "2026-08-05",
        "acquisition_time": "02:06:14",
        "left": 494392.3208254428,
        "bottom": 2949168.1820285493,
        "right": 499512.3208254428,
        "top": 2954288.1820285493,
        "center_x": 496952.3208254428,
        "center_y": 2951728.1820285493,
        "crs": "EPSG:32640",
        "label": "uncertain",
        "old_cnn_score": 0.9614565968513489,
        "old_unet_mean_probability": 0.1642381250858307,
        "old_unet_max_probability": 0.34318795800209045,
        "old_unet_p95": 0.18499115109443665,
        "old_candidate_pixel_count": 1918,
        "old_candidate_fraction": 0.029266357421875,
        "old_fusion_score": 1.3445505286321724,
        "old_rank": 129,
        "new_cnn_score": 0.9221324920654297,
        "new_unet_mean_probability": 0.16332978010177612,
        "new_unet_max_probability": 0.3266785144805908,
        "new_unet_p95": 0.17914173007011414,
        "new_candidate_pixel_count": 468,
        "new_candidate_fraction": 0.00714111328125,
        "new_fusion_score": 1.0160328941644734,
        "new_rank": 52,
        "score_delta": -0.328517634467699,
        "rank_delta": 77,
        "unet_p95_delta": -0.00584942102432251,
        "candidate_pixel_delta": -1450,
        "abs_candidate_pixel_delta": 1450,
        "external_context_zone": "outside_qeshm_hengam_priority_box",
        "category": "both_high",
        "review_recommendation": "manual review priority because both model versions rank the tile highly"
      }
    },
    {
      "type": "Feature",
      "geometry": {
        "type": "Point",
        "coordinates": [
          53.432066548358165,
          27.285610877097785
        ]
      },
      "properties": {
        "tile": "D:\\SIHwork_2026\\data\\new_sar_case_study\\tiles_npz_run5_balanced3500\\S1D_20260807T142504_preprocessed_r6656_c1024_uncertain.npz",
        "tile_name": "S1D_20260807T142504_preprocessed_r6656_c1024_uncertain.npz",
        "scene": "S1D_IW_GRDH_1SDV_20260807T142439_20260807T142504_004021_007504_F7F3_preprocessed_extracted_xmx4_retry2",
        "acquisition_date": "2026-08-07",
        "acquisition_time": "14:24:39",
        "left": 144212.2692747143,
        "bottom": 3020556.0065713315,
        "right": 149332.2692747143,
        "top": 3025676.0065713315,
        "center_x": 146772.2692747143,
        "center_y": 3023116.0065713315,
        "crs": "EPSG:32640",
        "label": "uncertain",
        "old_cnn_score": 0.9557958245277405,
        "old_unet_mean_probability": 0.16242553293704987,
        "old_unet_max_probability": 0.375716894865036,
        "old_unet_p95": 0.17868563532829285,
        "old_candidate_pixel_count": 1046,
        "old_candidate_fraction": 0.015960693359375,
        "old_fusion_score": 1.1875987551051395,
        "old_rank": 191,
        "new_cnn_score": 0.9167672395706177,
        "new_unet_mean_probability": 0.1621277928352356,
        "new_unet_max_probability": 0.3340264558792114,
        "new_unet_p95": 0.1848328858613968,
        "new_candidate_pixel_count": 390,
        "new_candidate_fraction": 0.005950927734375,
        "new_fusion_score": 1.0113899429565865,
        "new_rank": 53,
        "score_delta": -0.176208812148553,
        "rank_delta": 138,
        "unet_p95_delta": 0.006147250533103943,
        "candidate_pixel_delta": -656,
        "abs_candidate_pixel_delta": 656,
        "external_context_zone": "outside_qeshm_hengam_priority_box",
        "category": "both_high",
        "review_recommendation": "manual review priority because both model versions rank the tile highly"
      }
    },
    {
      "type": "Feature",
      "geometry": {
        "type": "Point",
        "coordinates": [
          57.84386273951815,
          26.637904401409738
        ]
      },
      "properties": {
        "tile": "D:\\SIHwork_2026\\data\\new_sar_case_study\\tiles_npz_run5_balanced3500\\S1D_20260805T020639_preprocessed_r8704_c16896_uncertain.npz",
        "tile_name": "S1D_20260805T020639_preprocessed_r8704_c16896_uncertain.npz",
        "scene": "S1D_IW_GRDH_1SDV_20260805T020614_20260805T020639_003984_0073C1_55A6_preprocessed_after_c_cleanup_xmx4",
        "acquisition_date": "2026-08-05",
        "acquisition_time": "02:06:14",
        "left": 581432.3208254428,
        "bottom": 2944048.1820285493,
        "right": 586552.3208254428,
        "top": 2949168.1820285493,
        "center_x": 583992.3208254428,
        "center_y": 2946608.1820285493,
        "crs": "EPSG:32640",
        "label": "uncertain",
        "old_cnn_score": 0.8833118081092834,
        "old_unet_mean_probability": 0.16781890392303467,
        "old_unet_max_probability": 0.4039405584335327,
        "old_unet_p95": 0.18473008275032043,
        "old_candidate_pixel_count": 1878,
        "old_candidate_fraction": 0.028656005859375,
        "old_fusion_score": 1.2300883687218438,
        "old_rank": 173,
        "new_cnn_score": 0.8077089190483093,
        "new_unet_mean_probability": 0.1693846881389618,
        "new_unet_max_probability": 0.3713165521621704,
        "new_unet_p95": 0.19150328636169434,
        "new_candidate_pixel_count": 682,
        "new_candidate_fraction": 0.010406494140625,
        "new_fusion_score": 1.009511126802287,
        "new_rank": 56,
        "score_delta": -0.22057724191955685,
        "rank_delta": 117,
        "unet_p95_delta": 0.006773203611373901,
        "candidate_pixel_delta": -1196,
        "abs_candidate_pixel_delta": 1196,
        "external_context_zone": "outside_qeshm_hengam_priority_box",
        "category": "both_high",
        "review_recommendation": "manual review priority because both model versions rank the tile highly"
      }
    },
    {
      "type": "Feature",
      "geometry": {
        "type": "Point",
        "coordinates": [
          56.61287417137253,
          27.32287146047433
        ]
      },
      "properties": {
        "tile": "D:\\SIHwork_2026\\data\\new_sar_case_study\\tiles_npz_run5_balanced3500\\S1C_IW_GRDH_1SDV_20260804T021408_20260804T021438_r5120_c24576_uncertain.npz",
        "tile_name": "S1C_IW_GRDH_1SDV_20260804T021408_20260804T021438_r5120_c24576_uncertain.npz",
        "scene": "S1C_IW_GRDH_1SDV_20260804T021408_20260804T021438_008839_01188E_BC5E",
        "acquisition_date": "2026-08-04",
        "acquisition_time": "02:14:08",
        "left": 459141.37147003977,
        "bottom": 3019696.4374795803,
        "right": 464261.37147003977,
        "top": 3024816.4374795803,
        "center_x": 461701.37147003977,
        "center_y": 3022256.4374795803,
        "crs": "EPSG:32640",
        "label": "uncertain",
        "old_cnn_score": 0.6862038969993591,
        "old_unet_mean_probability": 0.17402571439743042,
        "old_unet_max_probability": 0.4195277690887451,
        "old_unet_p95": 0.22341352701187134,
        "old_candidate_pixel_count": 5700,
        "old_candidate_fraction": 0.08697509765625,
        "old_fusion_score": 1.3258617940477369,
        "old_rank": 139,
        "new_cnn_score": 0.6467041969299316,
        "new_unet_mean_probability": 0.17269346117973328,
        "new_unet_max_probability": 0.392591655254364,
        "new_unet_p95": 0.19564935564994812,
        "new_candidate_pixel_count": 2829,
        "new_candidate_fraction": 0.0431671142578125,
        "new_fusion_score": 1.0056427056012052,
        "new_rank": 57,
        "score_delta": -0.3202190884465317,
        "rank_delta": 82,
        "unet_p95_delta": -0.027764171361923218,
        "candidate_pixel_delta": -2871,
        "abs_candidate_pixel_delta": 2871,
        "external_context_zone": "outside_qeshm_hengam_priority_box",
        "category": "both_high",
        "review_recommendation": "manual review priority because both model versions rank the tile highly"
      }
    },
    {
      "type": "Feature",
      "geometry": {
        "type": "Point",
        "coordinates": [
          56.61319441129796,
          27.230424404583083
        ]
      },
      "properties": {
        "tile": "D:\\SIHwork_2026\\data\\new_sar_case_study\\tiles_npz_run5_balanced3500\\S1C_IW_GRDH_1SDV_20260804T021408_20260804T021438_r6144_c24576_uncertain.npz",
        "tile_name": "S1C_IW_GRDH_1SDV_20260804T021408_20260804T021438_r6144_c24576_uncertain.npz",
        "scene": "S1C_IW_GRDH_1SDV_20260804T021408_20260804T021438_008839_01188E_BC5E",
        "acquisition_date": "2026-08-04",
        "acquisition_time": "02:14:08",
        "left": 459141.37147003977,
        "bottom": 3009456.4374795803,
        "right": 464261.37147003977,
        "top": 3014576.4374795803,
        "center_x": 461701.37147003977,
        "center_y": 3012016.4374795803,
        "crs": "EPSG:32640",
        "label": "uncertain",
        "old_cnn_score": 0.7134896516799927,
        "old_unet_mean_probability": 0.1731835901737213,
        "old_unet_max_probability": 0.39277151226997375,
        "old_unet_p95": 0.2141375094652176,
        "old_candidate_pixel_count": 4788,
        "old_candidate_fraction": 0.07305908203125,
        "old_fusion_score": 1.2947109667275425,
        "old_rank": 151,
        "new_cnn_score": 0.6736695766448975,
        "new_unet_mean_probability": 0.17299531400203705,
        "new_unet_max_probability": 0.33907532691955566,
        "new_unet_p95": 0.1938604712486267,
        "new_candidate_pixel_count": 2176,
        "new_candidate_fraction": 0.033203125,
        "new_fusion_score": 1.003736692073679,
        "new_rank": 59,
        "score_delta": -0.2909742746538635,
        "rank_delta": 92,
        "unet_p95_delta": -0.02027703821659088,
        "candidate_pixel_delta": -2612,
        "abs_candidate_pixel_delta": 2612,
        "external_context_zone": "outside_qeshm_hengam_priority_box",
        "category": "both_high",
        "review_recommendation": "manual review priority because both model versions rank the tile highly"
      }
    },
    {
      "type": "Feature",
      "geometry": {
        "type": "Point",
        "coordinates": [
          57.737909493077254,
          27.268904570419327
        ]
      },
      "properties": {
        "tile": "D:\\SIHwork_2026\\data\\new_sar_case_study\\tiles_npz_run5_balanced3500\\S1C_20260808T141633_preprocessed_r4096_c22528_uncertain.npz",
        "tile_name": "S1C_20260808T141633_preprocessed_r4096_c22528_uncertain.npz",
        "scene": "S1C_IW_GRDH_1SDV_20260808T141614_20260808T141633_008905_011A9E_BE01_preprocessed_extracted_xmx4",
        "acquisition_date": "2026-08-08",
        "acquisition_time": "14:16:14",
        "left": 570478.061760937,
        "bottom": 3013874.963305102,
        "right": 575598.061760937,
        "top": 3018994.963305102,
        "center_x": 573038.061760937,
        "center_y": 3016434.963305102,
        "crs": "EPSG:32640",
        "label": "uncertain",
        "old_cnn_score": 0.9017578959465027,
        "old_unet_mean_probability": 0.16771651804447174,
        "old_unet_max_probability": 0.3708045780658722,
        "old_unet_p95": 0.18278801441192627,
        "old_candidate_pixel_count": 1186,
        "old_candidate_fraction": 0.018096923828125,
        "old_fusion_score": 1.1668657531117246,
        "old_rank": 203,
        "new_cnn_score": 0.8451418280601501,
        "new_unet_mean_probability": 0.17014652490615845,
        "new_unet_max_probability": 0.3428005576133728,
        "new_unet_p95": 0.19129352271556854,
        "new_candidate_pixel_count": 462,
        "new_candidate_fraction": 0.007049560546875,
        "new_fusion_score": 0.992287299427324,
        "new_rank": 64,
        "score_delta": -0.17457845368440061,
        "rank_delta": 139,
        "unet_p95_delta": 0.008505508303642273,
        "candidate_pixel_delta": -724,
        "abs_candidate_pixel_delta": 724,
        "external_context_zone": "outside_qeshm_hengam_priority_box",
        "category": "both_high",
        "review_recommendation": "manual review priority because both model versions rank the tile highly"
      }
    },
    {
      "type": "Feature",
      "geometry": {
        "type": "Point",
        "coordinates": [
          56.91026208628734,
          27.270821349483832
        ]
      },
      "properties": {
        "tile": "D:\\SIHwork_2026\\data\\new_sar_case_study\\tiles_npz_run5_balanced3500\\S1C_20260808T141633_preprocessed_r4096_c14336_uncertain.npz",
        "tile_name": "S1C_20260808T141633_preprocessed_r4096_c14336_uncertain.npz",
        "scene": "S1C_IW_GRDH_1SDV_20260808T141614_20260808T141633_008905_011A9E_BE01_preprocessed_extracted_xmx4",
        "acquisition_date": "2026-08-08",
        "acquisition_time": "14:16:14",
        "left": 488558.061760937,
        "bottom": 3013874.963305102,
        "right": 493678.061760937,
        "top": 3018994.963305102,
        "center_x": 491118.061760937,
        "center_y": 3016434.963305102,
        "crs": "EPSG:32640",
        "label": "uncertain",
        "old_cnn_score": 0.8701634407043457,
        "old_unet_mean_probability": 0.1623920500278473,
        "old_unet_max_probability": 0.35038992762565613,
        "old_unet_p95": 0.18581344187259674,
        "old_candidate_pixel_count": 2233,
        "old_candidate_fraction": 0.0340728759765625,
        "old_fusion_score": 1.246865424255474,
        "old_rank": 171,
        "new_cnn_score": 0.7872068881988525,
        "new_unet_mean_probability": 0.16103801131248474,
        "new_unet_max_probability": 0.3464026153087616,
        "new_unet_p95": 0.183792844414711,
        "new_candidate_pixel_count": 878,
        "new_candidate_fraction": 0.013397216796875,
        "new_fusion_score": 0.9807748887470994,
        "new_rank": 67,
        "score_delta": -0.2660905355083746,
        "rank_delta": 104,
        "unet_p95_delta": -0.002020597457885742,
        "candidate_pixel_delta": -1355,
        "abs_candidate_pixel_delta": 1355,
        "external_context_zone": "outside_qeshm_hengam_priority_box",
        "category": "both_high",
        "review_recommendation": "manual review priority because both model versions rank the tile highly"
      }
    },
    {
      "type": "Feature",
      "geometry": {
        "type": "Point",
        "coordinates": [
          57.168562023784595,
          27.03962225042319
        ]
      },
      "properties": {
        "tile": "D:\\SIHwork_2026\\data\\new_sar_case_study\\tiles_npz_run5_balanced3500\\S1C_20260808T141633_preprocessed_r6656_c16896_uncertain.npz",
        "tile_name": "S1C_20260808T141633_preprocessed_r6656_c16896_uncertain.npz",
        "scene": "S1C_IW_GRDH_1SDV_20260808T141614_20260808T141633_008905_011A9E_BE01_preprocessed_extracted_xmx4",
        "acquisition_date": "2026-08-08",
        "acquisition_time": "14:16:14",
        "left": 514158.061760937,
        "bottom": 2988274.963305102,
        "right": 519278.061760937,
        "top": 2993394.963305102,
        "center_x": 516718.061760937,
        "center_y": 2990834.963305102,
        "crs": "EPSG:32640",
        "label": "uncertain",
        "old_cnn_score": 0.9354377388954163,
        "old_unet_mean_probability": 0.1665402352809906,
        "old_unet_max_probability": 0.3670790195465088,
        "old_unet_p95": 0.1850304901599884,
        "old_candidate_pixel_count": 1158,
        "old_candidate_fraction": 0.017669677734375,
        "old_fusion_score": 1.221165319411684,
        "old_rank": 179,
        "new_cnn_score": 0.8774479031562805,
        "new_unet_mean_probability": 0.16824966669082642,
        "new_unet_max_probability": 0.30529290437698364,
        "new_unet_p95": 0.1940038502216339,
        "new_candidate_pixel_count": 316,
        "new_candidate_fraction": 0.00482177734375,
        "new_fusion_score": 0.9803278951731386,
        "new_rank": 68,
        "score_delta": -0.24083742423854548,
        "rank_delta": 111,
        "unet_p95_delta": 0.008973360061645508,
        "candidate_pixel_delta": -842,
        "abs_candidate_pixel_delta": 842,
        "external_context_zone": "outside_qeshm_hengam_priority_box",
        "category": "both_high",
        "review_recommendation": "manual review priority because both model versions rank the tile highly"
      }
    },
    {
      "type": "Feature",
      "geometry": {
        "type": "Point",
        "coordinates": [
          57.945583753241756,
          27.360096706390607
        ]
      },
      "properties": {
        "tile": "D:\\SIHwork_2026\\data\\new_sar_case_study\\tiles_npz_run5_balanced3500\\S1C_20260808T141633_preprocessed_r3072_c24576_uncertain.npz",
        "tile_name": "S1C_20260808T141633_preprocessed_r3072_c24576_uncertain.npz",
        "scene": "S1C_IW_GRDH_1SDV_20260808T141614_20260808T141633_008905_011A9E_BE01_preprocessed_extracted_xmx4",
        "acquisition_date": "2026-08-08",
        "acquisition_time": "14:16:14",
        "left": 590958.061760937,
        "bottom": 3024114.963305102,
        "right": 596078.061760937,
        "top": 3029234.963305102,
        "center_x": 593518.061760937,
        "center_y": 3026674.963305102,
        "crs": "EPSG:32640",
        "label": "uncertain",
        "old_cnn_score": 0.9640527963638306,
        "old_unet_mean_probability": 0.16101013123989105,
        "old_unet_max_probability": 0.35483619570732117,
        "old_unet_p95": 0.18033039569854736,
        "old_candidate_pixel_count": 1362,
        "old_candidate_fraction": 0.020782470703125,
        "old_fusion_score": 1.2547382662481465,
        "old_rank": 168,
        "new_cnn_score": 0.9170675873756409,
        "new_unet_mean_probability": 0.15811923146247864,
        "new_unet_max_probability": 0.31680652499198914,
        "new_unet_p95": 0.1777862012386322,
        "new_candidate_pixel_count": 405,
        "new_candidate_fraction": 0.0061798095703125,
        "new_fusion_score": 0.9792876074419783,
        "new_rank": 69,
        "score_delta": -0.27545065880616826,
        "rank_delta": 99,
        "unet_p95_delta": -0.002544194459915161,
        "candidate_pixel_delta": -957,
        "abs_candidate_pixel_delta": 957,
        "external_context_zone": "outside_qeshm_hengam_priority_box",
        "category": "both_high",
        "review_recommendation": "manual review priority because both model versions rank the tile highly"
      }
    },
    {
      "type": "Feature",
      "geometry": {
        "type": "Point",
        "coordinates": [
          56.34152717423671,
          27.223077904208488
        ]
      },
      "properties": {
        "tile": "D:\\SIHwork_2026\\data\\new_sar_case_study\\tiles_npz_run5_balanced3500\\S1C_20260808T141633_preprocessed_r4608_c8704_uncertain.npz",
        "tile_name": "S1C_20260808T141633_preprocessed_r4608_c8704_uncertain.npz",
        "scene": "S1C_IW_GRDH_1SDV_20260808T141614_20260808T141633_008905_011A9E_BE01_preprocessed_extracted_xmx4",
        "acquisition_date": "2026-08-08",
        "acquisition_time": "14:16:14",
        "left": 432238.061760937,
        "bottom": 3008754.963305102,
        "right": 437358.061760937,
        "top": 3013874.963305102,
        "center_x": 434798.061760937,
        "center_y": 3011314.963305102,
        "crs": "EPSG:32640",
        "label": "uncertain",
        "old_cnn_score": 0.7471489906311035,
        "old_unet_mean_probability": 0.17780695855617523,
        "old_unet_max_probability": 0.4105474650859833,
        "old_unet_p95": 0.19328005611896515,
        "old_candidate_pixel_count": 2820,
        "old_candidate_fraction": 0.04302978515625,
        "old_fusion_score": 1.1473073594604157,
        "old_rank": 211,
        "new_cnn_score": 0.6994249820709229,
        "new_unet_mean_probability": 0.18119531869888306,
        "new_unet_max_probability": 0.359702467918396,
        "new_unet_p95": 0.19760757684707642,
        "new_candidate_pixel_count": 1185,
        "new_candidate_fraction": 0.0180816650390625,
        "new_fusion_score": 0.978309452256212,
        "new_rank": 70,
        "score_delta": -0.1689979072042037,
        "rank_delta": 141,
        "unet_p95_delta": 0.004327520728111267,
        "candidate_pixel_delta": -1635,
        "abs_candidate_pixel_delta": 1635,
        "external_context_zone": "outside_qeshm_hengam_priority_box",
        "category": "both_high",
        "review_recommendation": "manual review priority because both model versions rank the tile highly"
      }
    },
    {
      "type": "Feature",
      "geometry": {
        "type": "Point",
        "coordinates": [
          56.59972319549928,
          27.316501465459186
        ]
      },
      "properties": {
        "tile": "D:\\SIHwork_2026\\data\\new_sar_case_study\\tiles_npz_run5_balanced3500\\S1C_20260808T141633_preprocessed_r3584_c11264_uncertain.npz",
        "tile_name": "S1C_20260808T141633_preprocessed_r3584_c11264_uncertain.npz",
        "scene": "S1C_IW_GRDH_1SDV_20260808T141614_20260808T141633_008905_011A9E_BE01_preprocessed_extracted_xmx4",
        "acquisition_date": "2026-08-08",
        "acquisition_time": "14:16:14",
        "left": 457838.061760937,
        "bottom": 3018994.963305102,
        "right": 462958.061760937,
        "top": 3024114.963305102,
        "center_x": 460398.061760937,
        "center_y": 3021554.963305102,
        "crs": "EPSG:32640",
        "label": "uncertain",
        "old_cnn_score": 0.7344197034835815,
        "old_unet_mean_probability": 0.17094531655311584,
        "old_unet_max_probability": 0.3884334862232208,
        "old_unet_p95": 0.20793640613555908,
        "old_candidate_pixel_count": 4175,
        "old_candidate_fraction": 0.0637054443359375,
        "old_fusion_score": 1.2731815594482339,
        "old_rank": 158,
        "new_cnn_score": 0.6911618113517761,
        "new_unet_mean_probability": 0.17022696137428284,
        "new_unet_max_probability": 0.35521504282951355,
        "new_unet_p95": 0.19122545421123505,
        "new_candidate_pixel_count": 1613,
        "new_candidate_fraction": 0.0246124267578125,
        "new_fusion_score": 0.9762530944714126,
        "new_rank": 71,
        "score_delta": -0.29692846497682124,
        "rank_delta": 87,
        "unet_p95_delta": -0.016710951924324036,
        "candidate_pixel_delta": -2562,
        "abs_candidate_pixel_delta": 2562,
        "external_context_zone": "outside_qeshm_hengam_priority_box",
        "category": "both_high",
        "review_recommendation": "manual review priority because both model versions rank the tile highly"
      }
    },
    {
      "type": "Feature",
      "geometry": {
        "type": "Point",
        "coordinates": [
          57.0653427794747,
          27.085933997239646
        ]
      },
      "properties": {
        "tile": "D:\\SIHwork_2026\\data\\new_sar_case_study\\tiles_npz_run5_balanced3500\\S1C_20260808T141633_preprocessed_r6144_c15872_uncertain.npz",
        "tile_name": "S1C_20260808T141633_preprocessed_r6144_c15872_uncertain.npz",
        "scene": "S1C_IW_GRDH_1SDV_20260808T141614_20260808T141633_008905_011A9E_BE01_preprocessed_extracted_xmx4",
        "acquisition_date": "2026-08-08",
        "acquisition_time": "14:16:14",
        "left": 503918.061760937,
        "bottom": 2993394.963305102,
        "right": 509038.061760937,
        "top": 2998514.963305102,
        "center_x": 506478.061760937,
        "center_y": 2995954.963305102,
        "crs": "EPSG:32640",
        "label": "uncertain",
        "old_cnn_score": 0.9128475785255432,
        "old_unet_mean_probability": 0.171512633562088,
        "old_unet_max_probability": 0.3478466868400574,
        "old_unet_p95": 0.18633468449115753,
        "old_candidate_pixel_count": 984,
        "old_candidate_fraction": 0.0150146484375,
        "old_fusion_score": 1.172405020915327,
        "old_rank": 198,
        "new_cnn_score": 0.8564944863319397,
        "new_unet_mean_probability": 0.17715054750442505,
        "new_unet_max_probability": 0.31025704741477966,
        "new_unet_p95": 0.1957523077726364,
        "new_candidate_pixel_count": 328,
        "new_candidate_fraction": 0.0050048828125,
        "new_fusion_score": 0.9717715187540396,
        "new_rank": 72,
        "score_delta": -0.2006335021612874,
        "rank_delta": 126,
        "unet_p95_delta": 0.009417623281478882,
        "candidate_pixel_delta": -656,
        "abs_candidate_pixel_delta": 656,
        "external_context_zone": "outside_qeshm_hengam_priority_box",
        "category": "both_high",
        "review_recommendation": "manual review priority because both model versions rank the tile highly"
      }
    },
    {
      "type": "Feature",
      "geometry": {
        "type": "Point",
        "coordinates": [
          56.768324806778416,
          27.2307668797179
        ]
      },
      "properties": {
        "tile": "D:\\SIHwork_2026\\data\\new_sar_case_study\\tiles_npz_run5_balanced3500\\S1C_IW_GRDH_1SDV_20260804T021408_20260804T021438_r6144_c26112_uncertain.npz",
        "tile_name": "S1C_IW_GRDH_1SDV_20260804T021408_20260804T021438_r6144_c26112_uncertain.npz",
        "scene": "S1C_IW_GRDH_1SDV_20260804T021408_20260804T021438_008839_01188E_BC5E",
        "acquisition_date": "2026-08-04",
        "acquisition_time": "02:14:08",
        "left": 474501.37147003977,
        "bottom": 3009456.4374795803,
        "right": 479621.37147003977,
        "top": 3014576.4374795803,
        "center_x": 477061.37147003977,
        "center_y": 3012016.4374795803,
        "crs": "EPSG:32640",
        "label": "uncertain",
        "old_cnn_score": 0.6737805008888245,
        "old_unet_mean_probability": 0.1716538965702057,
        "old_unet_max_probability": 0.37475496530532837,
        "old_unet_p95": 0.22141008079051971,
        "old_candidate_pixel_count": 5666,
        "old_candidate_fraction": 0.086456298828125,
        "old_fusion_score": 1.289291007315489,
        "old_rank": 155,
        "new_cnn_score": 0.6323623657226562,
        "new_unet_mean_probability": 0.16829371452331543,
        "new_unet_max_probability": 0.3585144281387329,
        "new_unet_p95": 0.19377988576889038,
        "new_candidate_pixel_count": 2363,
        "new_candidate_fraction": 0.0360565185546875,
        "new_fusion_score": 0.9518973088175855,
        "new_rank": 79,
        "score_delta": -0.33739369849790357,
        "rank_delta": 76,
        "unet_p95_delta": -0.027630195021629333,
        "candidate_pixel_delta": -3303,
        "abs_candidate_pixel_delta": 3303,
        "external_context_zone": "outside_qeshm_hengam_priority_box",
        "category": "both_high",
        "review_recommendation": "manual review priority because both model versions rank the tile highly"
      }
    },
    {
      "type": "Feature",
      "geometry": {
        "type": "Point",
        "coordinates": [
          54.7215417738808,
          27.242690032354016
        ]
      },
      "properties": {
        "tile": "D:\\SIHwork_2026\\data\\new_sar_case_study\\tiles_npz_run5_balanced3500\\S1D_20260810T021454_preprocessed_r1536_c6656_uncertain.npz",
        "tile_name": "S1D_20260810T021454_preprocessed_r1536_c6656_uncertain.npz",
        "scene": "S1D_IW_GRDH_1SDV_20260810T021429_20260810T021454_004057_00763F_AFC5_preprocessed_extracted_xmx4",
        "acquisition_date": "2026-08-10",
        "acquisition_time": "02:14:29",
        "left": 271834.85972424183,
        "bottom": 3012809.977188905,
        "right": 276954.85972424183,
        "top": 3017929.977188905,
        "center_x": 274394.85972424183,
        "center_y": 3015369.977188905,
        "crs": "EPSG:32640",
        "label": "uncertain",
        "old_cnn_score": 0.7645289897918701,
        "old_unet_mean_probability": 0.16779085993766785,
        "old_unet_max_probability": 0.3783525824546814,
        "old_unet_p95": 0.20739364624023438,
        "old_candidate_pixel_count": 4124,
        "old_candidate_fraction": 0.06292724609375,
        "old_fusion_score": 1.3199708020293115,
        "old_rank": 140,
        "new_cnn_score": 0.6867607235908508,
        "new_unet_mean_probability": 0.16529962420463562,
        "new_unet_max_probability": 0.3428005576133728,
        "new_unet_p95": 0.191607266664505,
        "new_candidate_pixel_count": 1376,
        "new_candidate_fraction": 0.02099609375,
        "new_fusion_score": 0.9510761471474485,
        "new_rank": 81,
        "score_delta": -0.368894654881863,
        "rank_delta": 59,
        "unet_p95_delta": -0.01578637957572937,
        "candidate_pixel_delta": -2748,
        "abs_candidate_pixel_delta": 2748,
        "external_context_zone": "outside_qeshm_hengam_priority_box",
        "category": "both_high",
        "review_recommendation": "manual review priority because both model versions rank the tile highly"
      }
    },
    {
      "type": "Feature",
      "geometry": {
        "type": "Point",
        "coordinates": [
          56.66490422891871,
          27.230557651442766
        ]
      },
      "properties": {
        "tile": "D:\\SIHwork_2026\\data\\new_sar_case_study\\tiles_npz_run5_balanced3500\\S1C_IW_GRDH_1SDV_20260804T021408_20260804T021438_r6144_c25088_uncertain.npz",
        "tile_name": "S1C_IW_GRDH_1SDV_20260804T021408_20260804T021438_r6144_c25088_uncertain.npz",
        "scene": "S1C_IW_GRDH_1SDV_20260804T021408_20260804T021438_008839_01188E_BC5E",
        "acquisition_date": "2026-08-04",
        "acquisition_time": "02:14:08",
        "left": 464261.37147003977,
        "bottom": 3009456.4374795803,
        "right": 469381.37147003977,
        "top": 3014576.4374795803,
        "center_x": 466821.37147003977,
        "center_y": 3012016.4374795803,
        "crs": "EPSG:32640",
        "label": "uncertain",
        "old_cnn_score": 0.7633398771286011,
        "old_unet_mean_probability": 0.16941896080970764,
        "old_unet_max_probability": 0.39366739988327026,
        "old_unet_p95": 0.2010127454996109,
        "old_candidate_pixel_count": 3373,
        "old_candidate_fraction": 0.0514678955078125,
        "old_fusion_score": 1.2465326830983208,
        "old_rank": 172,
        "new_cnn_score": 0.7146427631378174,
        "new_unet_mean_probability": 0.16889670491218567,
        "new_unet_max_probability": 0.3646542429924011,
        "new_unet_p95": 0.19228145480155945,
        "new_candidate_pixel_count": 999,
        "new_candidate_fraction": 0.0152435302734375,
        "new_fusion_score": 0.9492122687630001,
        "new_rank": 82,
        "score_delta": -0.29732041433532064,
        "rank_delta": 90,
        "unet_p95_delta": -0.008731290698051453,
        "candidate_pixel_delta": -2374,
        "abs_candidate_pixel_delta": 2374,
        "external_context_zone": "outside_qeshm_hengam_priority_box",
        "category": "both_high",
        "review_recommendation": "manual review priority because both model versions rank the tile highly"
      }
    },
    {
      "type": "Feature",
      "geometry": {
        "type": "Point",
        "coordinates": [
          56.82003546478981,
          27.23084286035362
        ]
      },
      "properties": {
        "tile": "D:\\SIHwork_2026\\data\\new_sar_case_study\\tiles_npz_run5_balanced3500\\S1C_IW_GRDH_1SDV_20260804T021408_20260804T021438_r6144_c26624_uncertain.npz",
        "tile_name": "S1C_IW_GRDH_1SDV_20260804T021408_20260804T021438_r6144_c26624_uncertain.npz",
        "scene": "S1C_IW_GRDH_1SDV_20260804T021408_20260804T021438_008839_01188E_BC5E",
        "acquisition_date": "2026-08-04",
        "acquisition_time": "02:14:08",
        "left": 479621.37147003977,
        "bottom": 3009456.4374795803,
        "right": 484741.37147003977,
        "top": 3014576.4374795803,
        "center_x": 482181.37147003977,
        "center_y": 3012016.4374795803,
        "crs": "EPSG:32640",
        "label": "uncertain",
        "old_cnn_score": 0.7486056685447693,
        "old_unet_mean_probability": 0.16767272353172302,
        "old_unet_max_probability": 0.3561626076698303,
        "old_unet_p95": 0.19453777372837067,
        "old_candidate_pixel_count": 2827,
        "old_candidate_fraction": 0.0431365966796875,
        "old_fusion_score": 1.1573854753851849,
        "old_rank": 208,
        "new_cnn_score": 0.6915168166160583,
        "new_unet_mean_probability": 0.16759327054023743,
        "new_unet_max_probability": 0.35279056429862976,
        "new_unet_p95": 0.18985852599143982,
        "new_candidate_pixel_count": 1297,
        "new_candidate_fraction": 0.0197906494140625,
        "new_fusion_score": 0.9411654604978829,
        "new_rank": 86,
        "score_delta": -0.21622001488730203,
        "rank_delta": 122,
        "unet_p95_delta": -0.004679247736930847,
        "candidate_pixel_delta": -1530,
        "abs_candidate_pixel_delta": 1530,
        "external_context_zone": "outside_qeshm_hengam_priority_box",
        "category": "both_high",
        "review_recommendation": "manual review priority because both model versions rank the tile highly"
      }
    },
    {
      "type": "Feature",
      "geometry": {
        "type": "Point",
        "coordinates": [
          56.969378928882804,
          26.6404051336752
        ]
      },
      "properties": {
        "tile": "D:\\SIHwork_2026\\data\\new_sar_case_study\\tiles_npz_run5_balanced3500\\S1D_20260805T020639_preprocessed_r8704_c8192_uncertain.npz",
        "tile_name": "S1D_20260805T020639_preprocessed_r8704_c8192_uncertain.npz",
        "scene": "S1D_IW_GRDH_1SDV_20260805T020614_20260805T020639_003984_0073C1_55A6_preprocessed_after_c_cleanup_xmx4",
        "acquisition_date": "2026-08-05",
        "acquisition_time": "02:06:14",
        "left": 494392.3208254428,
        "bottom": 2944048.1820285493,
        "right": 499512.3208254428,
        "top": 2949168.1820285493,
        "center_x": 496952.3208254428,
        "center_y": 2946608.1820285493,
        "crs": "EPSG:32640",
        "label": "uncertain",
        "old_cnn_score": 0.9212863445281982,
        "old_unet_mean_probability": 0.16275891661643982,
        "old_unet_max_probability": 0.3551340699195862,
        "old_unet_p95": 0.1804444044828415,
        "old_candidate_pixel_count": 1323,
        "old_candidate_fraction": 0.0201873779296875,
        "old_fusion_score": 1.19500867585958,
        "old_rank": 188,
        "new_cnn_score": 0.8818645477294922,
        "new_unet_mean_probability": 0.15994355082511902,
        "new_unet_max_probability": 0.34983280301094055,
        "new_unet_p95": 0.17375317215919495,
        "new_candidate_pixel_count": 459,
        "new_candidate_fraction": 0.0070037841796875,
        "new_fusion_score": 0.939467985644997,
        "new_rank": 88,
        "score_delta": -0.2555406902145829,
        "rank_delta": 100,
        "unet_p95_delta": -0.006691232323646545,
        "candidate_pixel_delta": -864,
        "abs_candidate_pixel_delta": 864,
        "external_context_zone": "outside_qeshm_hengam_priority_box",
        "category": "both_high",
        "review_recommendation": "manual review priority because both model versions rank the tile highly"
      }
    },
    {
      "type": "Feature",
      "geometry": {
        "type": "Point",
        "coordinates": [
          54.784992246964606,
          26.643026941361132
        ]
      },
      "properties": {
        "tile": "D:\\SIHwork_2026\\data\\new_sar_case_study\\tiles_npz_run5_balanced3500\\S1D_20260810T021454_preprocessed_r8192_c7168_uncertain.npz",
        "tile_name": "S1D_20260810T021454_preprocessed_r8192_c7168_uncertain.npz",
        "scene": "S1D_IW_GRDH_1SDV_20260810T021429_20260810T021454_004057_00763F_AFC5_preprocessed_extracted_xmx4",
        "acquisition_date": "2026-08-10",
        "acquisition_time": "02:14:29",
        "left": 276954.85972424183,
        "bottom": 2946249.977188905,
        "right": 282074.85972424183,
        "top": 2951369.977188905,
        "center_x": 279514.85972424183,
        "center_y": 2948809.977188905,
        "crs": "EPSG:32640",
        "label": "uncertain",
        "old_cnn_score": 0.6740737557411194,
        "old_unet_mean_probability": 0.17184914648532867,
        "old_unet_max_probability": 0.37477919459342957,
        "old_unet_p95": 0.20932841300964355,
        "old_candidate_pixel_count": 4408,
        "old_candidate_fraction": 0.0672607421875,
        "old_fusion_score": 1.1840503976150447,
        "old_rank": 192,
        "new_cnn_score": 0.6303315758705139,
        "new_unet_mean_probability": 0.17192667722702026,
        "new_unet_max_probability": 0.3524097502231598,
        "new_unet_p95": 0.19507090747356415,
        "new_candidate_pixel_count": 1978,
        "new_candidate_fraction": 0.030181884765625,
        "new_fusion_score": 0.9333041457902082,
        "new_rank": 91,
        "score_delta": -0.25074625182483656,
        "rank_delta": 101,
        "unet_p95_delta": -0.014257505536079407,
        "candidate_pixel_delta": -2430,
        "abs_candidate_pixel_delta": 2430,
        "external_context_zone": "outside_qeshm_hengam_priority_box",
        "category": "both_high",
        "review_recommendation": "manual review priority because both model versions rank the tile highly"
      }
    },
    {
      "type": "Feature",
      "geometry": {
        "type": "Point",
        "coordinates": [
          56.85859115502034,
          27.224553979128753
        ]
      },
      "properties": {
        "tile": "D:\\SIHwork_2026\\data\\new_sar_case_study\\tiles_npz_run5_balanced3500\\S1C_20260808T141633_preprocessed_r4608_c13824_uncertain.npz",
        "tile_name": "S1C_20260808T141633_preprocessed_r4608_c13824_uncertain.npz",
        "scene": "S1C_IW_GRDH_1SDV_20260808T141614_20260808T141633_008905_011A9E_BE01_preprocessed_extracted_xmx4",
        "acquisition_date": "2026-08-08",
        "acquisition_time": "14:16:14",
        "left": 483438.061760937,
        "bottom": 3008754.963305102,
        "right": 488558.061760937,
        "top": 3013874.963305102,
        "center_x": 485998.061760937,
        "center_y": 3011314.963305102,
        "crs": "EPSG:32640",
        "label": "uncertain",
        "old_cnn_score": 0.7292746305465698,
        "old_unet_mean_probability": 0.16642510890960693,
        "old_unet_max_probability": 0.38158273696899414,
        "old_unet_p95": 0.18891574442386627,
        "old_candidate_pixel_count": 2575,
        "old_candidate_fraction": 0.0392913818359375,
        "old_fusion_score": 1.0820560922509603,
        "old_rank": 248,
        "new_cnn_score": 0.6819780468940735,
        "new_unet_mean_probability": 0.1653221845626831,
        "new_unet_max_probability": 0.35756245255470276,
        "new_unet_p95": 0.19133877754211426,
        "new_candidate_pixel_count": 1268,
        "new_candidate_fraction": 0.01934814453125,
        "new_fusion_score": 0.9324712653201501,
        "new_rank": 92,
        "score_delta": -0.1495848269308102,
        "rank_delta": 156,
        "unet_p95_delta": 0.002423033118247986,
        "candidate_pixel_delta": -1307,
        "abs_candidate_pixel_delta": 1307,
        "external_context_zone": "outside_qeshm_hengam_priority_box",
        "category": "both_high",
        "review_recommendation": "manual review priority because both model versions rank the tile highly"
      }
    },
    {
      "type": "Feature",
      "geometry": {
        "type": "Point",
        "coordinates": [
          57.38106817488026,
          26.68612580452624
        ]
      },
      "properties": {
        "tile": "D:\\SIHwork_2026\\data\\new_sar_case_study\\tiles_npz_run5_balanced3500\\S1D_20260805T020639_preprocessed_r8192_c12288_uncertain.npz",
        "tile_name": "S1D_20260805T020639_preprocessed_r8192_c12288_uncertain.npz",
        "scene": "S1D_IW_GRDH_1SDV_20260805T020614_20260805T020639_003984_0073C1_55A6_preprocessed_after_c_cleanup_xmx4",
        "acquisition_date": "2026-08-05",
        "acquisition_time": "02:06:14",
        "left": 535352.3208254428,
        "bottom": 2949168.1820285493,
        "right": 540472.3208254428,
        "top": 2954288.1820285493,
        "center_x": 537912.3208254428,
        "center_y": 2951728.1820285493,
        "crs": "EPSG:32640",
        "label": "uncertain",
        "old_cnn_score": 0.9416476488113403,
        "old_unet_mean_probability": 0.16769547760486603,
        "old_unet_max_probability": 0.35382676124572754,
        "old_unet_p95": 0.18378706276416779,
        "old_candidate_pixel_count": 664,
        "old_candidate_fraction": 0.0101318359375,
        "old_fusion_score": 1.1248704056602168,
        "old_rank": 227,
        "new_cnn_score": 0.8901304602622986,
        "new_unet_mean_probability": 0.17132963240146637,
        "new_unet_max_probability": 0.3042357861995697,
        "new_unet_p95": 0.19316956400871277,
        "new_candidate_pixel_count": 224,
        "new_candidate_fraction": 0.00341796875,
        "new_fusion_score": 0.931277411342107,
        "new_rank": 93,
        "score_delta": -0.19359299431810983,
        "rank_delta": 134,
        "unet_p95_delta": 0.009382501244544983,
        "candidate_pixel_delta": -440,
        "abs_candidate_pixel_delta": 440,
        "external_context_zone": "outside_qeshm_hengam_priority_box",
        "category": "both_high",
        "review_recommendation": "manual review priority because both model versions rank the tile highly"
      }
    },
    {
      "type": "Feature",
      "geometry": {
        "type": "Point",
        "coordinates": [
          54.324590158901685,
          26.54270762601343
        ]
      },
      "properties": {
        "tile": "D:\\SIHwork_2026\\data\\new_sar_case_study\\tiles_npz_run5_balanced3500\\S1D_20260810T021454_preprocessed_r9216_c2560_uncertain.npz",
        "tile_name": "S1D_20260810T021454_preprocessed_r9216_c2560_uncertain.npz",
        "scene": "S1D_IW_GRDH_1SDV_20260810T021429_20260810T021454_004057_00763F_AFC5_preprocessed_extracted_xmx4",
        "acquisition_date": "2026-08-10",
        "acquisition_time": "02:14:29",
        "left": 230874.85972424183,
        "bottom": 2936009.977188905,
        "right": 235994.85972424183,
        "top": 2941129.977188905,
        "center_x": 233434.85972424183,
        "center_y": 2938569.977188905,
        "crs": "EPSG:32640",
        "label": "uncertain",
        "old_cnn_score": 0.9010434150695801,
        "old_unet_mean_probability": 0.16162754595279694,
        "old_unet_max_probability": 0.33045661449432373,
        "old_unet_p95": 0.19977223873138428,
        "old_candidate_pixel_count": 3239,
        "old_candidate_fraction": 0.0494232177734375,
        "old_fusion_score": 1.4550271196980602,
        "old_rank": 107,
        "new_cnn_score": 0.7993792295455933,
        "new_unet_mean_probability": 0.1584494262933731,
        "new_unet_max_probability": 0.3102695345878601,
        "new_unet_p95": 0.18284347653388977,
        "new_candidate_pixel_count": 562,
        "new_candidate_fraction": 0.008575439453125,
        "new_fusion_score": 0.9256802405745851,
        "new_rank": 98,
        "score_delta": -0.5293468791234751,
        "rank_delta": 9,
        "unet_p95_delta": -0.016928762197494507,
        "candidate_pixel_delta": -2677,
        "abs_candidate_pixel_delta": 2677,
        "external_context_zone": "outside_qeshm_hengam_priority_box",
        "category": "both_high",
        "review_recommendation": "manual review priority because both model versions rank the tile highly"
      }
    },
    {
      "type": "Feature",
      "geometry": {
        "type": "Point",
        "coordinates": [
          56.607208779092204,
          27.24080589167773
        ]
      },
      "properties": {
        "tile": "D:\\SIHwork_2026\\data\\new_sar_case_study\\tiles_npz_run5_balanced3500\\S1D_20260805T020639_preprocessed_r2048_c4608_uncertain.npz",
        "tile_name": "S1D_20260805T020639_preprocessed_r2048_c4608_uncertain.npz",
        "scene": "S1D_IW_GRDH_1SDV_20260805T020614_20260805T020639_003984_0073C1_55A6_preprocessed_after_c_cleanup_xmx4",
        "acquisition_date": "2026-08-05",
        "acquisition_time": "02:06:14",
        "left": 458552.3208254428,
        "bottom": 3010608.1820285493,
        "right": 463672.3208254428,
        "top": 3015728.1820285493,
        "center_x": 461112.3208254428,
        "center_y": 3013168.1820285493,
        "crs": "EPSG:32640",
        "label": "uncertain",
        "old_cnn_score": 0.6836330890655518,
        "old_unet_mean_probability": 0.17066116631031036,
        "old_unet_max_probability": 0.38520118594169617,
        "old_unet_p95": 0.2093839794397354,
        "old_candidate_pixel_count": 4050,
        "old_candidate_fraction": 0.061798095703125,
        "old_fusion_score": 1.1890388543716468,
        "old_rank": 189,
        "new_cnn_score": 0.6350178718566895,
        "new_unet_mean_probability": 0.1703336536884308,
        "new_unet_max_probability": 0.3485967814922333,
        "new_unet_p95": 0.1918342113494873,
        "new_candidate_pixel_count": 1840,
        "new_candidate_fraction": 0.028076171875,
        "new_fusion_score": 0.9158366899902096,
        "new_rank": 103,
        "score_delta": -0.2732021643814372,
        "rank_delta": 86,
        "unet_p95_delta": -0.017549768090248108,
        "candidate_pixel_delta": -2210,
        "abs_candidate_pixel_delta": 2210,
        "external_context_zone": "outside_qeshm_hengam_priority_box",
        "category": "both_high",
        "review_recommendation": "manual review priority because both model versions rank the tile highly"
      }
    },
    {
      "type": "Feature",
      "geometry": {
        "type": "Point",
        "coordinates": [
          54.699681062279964,
          27.258273020704326
        ]
      },
      "properties": {
        "tile": "D:\\SIHwork_2026\\data\\new_sar_case_study\\tiles_npz_run5_balanced3500\\S1C_IW_GRDH_1SDV_20260804T021408_20260804T021438_r5632_c5632_uncertain.npz",
        "tile_name": "S1C_IW_GRDH_1SDV_20260804T021408_20260804T021438_r5632_c5632_uncertain.npz",
        "scene": "S1C_IW_GRDH_1SDV_20260804T021408_20260804T021438_008839_01188E_BC5E",
        "acquisition_date": "2026-08-04",
        "acquisition_time": "02:14:08",
        "left": 269701.37147003977,
        "bottom": 3014576.4374795803,
        "right": 274821.37147003977,
        "top": 3019696.4374795803,
        "center_x": 272261.37147003977,
        "center_y": 3017136.4374795803,
        "crs": "EPSG:32640",
        "label": "uncertain",
        "old_cnn_score": 0.8424559831619263,
        "old_unet_mean_probability": 0.16348832845687866,
        "old_unet_max_probability": 0.3727809190750122,
        "old_unet_p95": 0.1826605200767517,
        "old_candidate_pixel_count": 1123,
        "old_candidate_fraction": 0.0171356201171875,
        "old_fusion_score": 1.080977213979607,
        "old_rank": 249,
        "new_cnn_score": 0.7673655152320862,
        "new_unet_mean_probability": 0.16430120170116425,
        "new_unet_max_probability": 0.33018553256988525,
        "new_unet_p95": 0.19138482213020325,
        "new_candidate_pixel_count": 450,
        "new_candidate_fraction": 0.006866455078125,
        "new_fusion_score": 0.8975430048191632,
        "new_rank": 106,
        "score_delta": -0.18343420916044384,
        "rank_delta": 143,
        "unet_p95_delta": 0.008724302053451538,
        "candidate_pixel_delta": -673,
        "abs_candidate_pixel_delta": 673,
        "external_context_zone": "outside_qeshm_hengam_priority_box",
        "category": "both_high",
        "review_recommendation": "manual review priority because both model versions rank the tile highly"
      }
    },
    {
      "type": "Feature",
      "geometry": {
        "type": "Point",
        "coordinates": [
          56.66476567933768,
          27.27678159571291
        ]
      },
      "properties": {
        "tile": "D:\\SIHwork_2026\\data\\new_sar_case_study\\tiles_npz_run5_balanced3500\\S1C_IW_GRDH_1SDV_20260804T021408_20260804T021438_r5632_c25088_uncertain.npz",
        "tile_name": "S1C_IW_GRDH_1SDV_20260804T021408_20260804T021438_r5632_c25088_uncertain.npz",
        "scene": "S1C_IW_GRDH_1SDV_20260804T021408_20260804T021438_008839_01188E_BC5E",
        "acquisition_date": "2026-08-04",
        "acquisition_time": "02:14:08",
        "left": 464261.37147003977,
        "bottom": 3014576.4374795803,
        "right": 469381.37147003977,
        "top": 3019696.4374795803,
        "center_x": 466821.37147003977,
        "center_y": 3017136.4374795803,
        "crs": "EPSG:32640",
        "label": "uncertain",
        "old_cnn_score": 0.6470820307731628,
        "old_unet_mean_probability": 0.17264211177825928,
        "old_unet_max_probability": 0.36626920104026794,
        "old_unet_p95": 0.2136916071176529,
        "old_candidate_pixel_count": 4634,
        "old_candidate_fraction": 0.070709228515625,
        "old_fusion_score": 1.1672418403544966,
        "old_rank": 202,
        "new_cnn_score": 0.6065046191215515,
        "new_unet_mean_probability": 0.17292264103889465,
        "new_unet_max_probability": 0.3385448157787323,
        "new_unet_p95": 0.1939033716917038,
        "new_candidate_pixel_count": 2014,
        "new_candidate_fraction": 0.030731201171875,
        "new_fusion_score": 0.8947698742605644,
        "new_rank": 109,
        "score_delta": -0.2724719660939322,
        "rank_delta": 93,
        "unet_p95_delta": -0.019788235425949097,
        "candidate_pixel_delta": -2620,
        "abs_candidate_pixel_delta": 2620,
        "external_context_zone": "outside_qeshm_hengam_priority_box",
        "category": "both_high",
        "review_recommendation": "manual review priority because both model versions rank the tile highly"
      }
    },
    {
      "type": "Feature",
      "geometry": {
        "type": "Point",
        "coordinates": [
          57.065369629271046,
          27.132159659076322
        ]
      },
      "properties": {
        "tile": "D:\\SIHwork_2026\\data\\new_sar_case_study\\tiles_npz_run5_balanced3500\\S1C_20260808T141633_preprocessed_r5632_c15872_uncertain.npz",
        "tile_name": "S1C_20260808T141633_preprocessed_r5632_c15872_uncertain.npz",
        "scene": "S1C_IW_GRDH_1SDV_20260808T141614_20260808T141633_008905_011A9E_BE01_preprocessed_extracted_xmx4",
        "acquisition_date": "2026-08-08",
        "acquisition_time": "14:16:14",
        "left": 503918.061760937,
        "bottom": 2998514.963305102,
        "right": 509038.061760937,
        "top": 3003634.963305102,
        "center_x": 506478.061760937,
        "center_y": 3001074.963305102,
        "crs": "EPSG:32640",
        "label": "uncertain",
        "old_cnn_score": 0.9268712997436523,
        "old_unet_mean_probability": 0.16993214190006256,
        "old_unet_max_probability": 0.34318795800209045,
        "old_unet_p95": 0.18536953628063202,
        "old_candidate_pixel_count": 784,
        "old_candidate_fraction": 0.011962890625,
        "old_fusion_score": 1.1452558027476945,
        "old_rank": 214,
        "new_cnn_score": 0.8761370182037354,
        "new_unet_mean_probability": 0.1744675636291504,
        "new_unet_max_probability": 0.3011738955974579,
        "new_unet_p95": 0.19492486119270325,
        "new_candidate_pixel_count": 186,
        "new_candidate_fraction": 0.002838134765625,
        "new_fusion_score": 0.8933733677967567,
        "new_rank": 110,
        "score_delta": -0.25188243495093776,
        "rank_delta": 104,
        "unet_p95_delta": 0.009555324912071228,
        "candidate_pixel_delta": -598,
        "abs_candidate_pixel_delta": 598,
        "external_context_zone": "outside_qeshm_hengam_priority_box",
        "category": "both_high",
        "review_recommendation": "manual review priority because both model versions rank the tile highly"
      }
    },
    {
      "type": "Feature",
      "geometry": {
        "type": "Point",
        "coordinates": [
          56.76822901660126,
          27.27699123719167
        ]
      },
      "properties": {
        "tile": "D:\\SIHwork_2026\\data\\new_sar_case_study\\tiles_npz_run5_balanced3500\\S1C_IW_GRDH_1SDV_20260804T021408_20260804T021438_r5632_c26112_uncertain.npz",
        "tile_name": "S1C_IW_GRDH_1SDV_20260804T021408_20260804T021438_r5632_c26112_uncertain.npz",
        "scene": "S1C_IW_GRDH_1SDV_20260804T021408_20260804T021438_008839_01188E_BC5E",
        "acquisition_date": "2026-08-04",
        "acquisition_time": "02:14:08",
        "left": 474501.37147003977,
        "bottom": 3014576.4374795803,
        "right": 479621.37147003977,
        "top": 3019696.4374795803,
        "center_x": 477061.37147003977,
        "center_y": 3017136.4374795803,
        "crs": "EPSG:32640",
        "label": "uncertain",
        "old_cnn_score": 0.6097749471664429,
        "old_unet_mean_probability": 0.1730784773826599,
        "old_unet_max_probability": 0.3821222186088562,
        "old_unet_p95": 0.2197890430688858,
        "old_candidate_pixel_count": 5211,
        "old_candidate_fraction": 0.0795135498046875,
        "old_fusion_score": 1.1470553639216678,
        "old_rank": 212,
        "new_cnn_score": 0.5737452507019043,
        "new_unet_mean_probability": 0.17189949750900269,
        "new_unet_max_probability": 0.35839617252349854,
        "new_unet_p95": 0.19594264030456543,
        "new_candidate_pixel_count": 2804,
        "new_candidate_fraction": 0.04278564453125,
        "new_fusion_score": 0.892529438060337,
        "new_rank": 111,
        "score_delta": -0.2545259258613308,
        "rank_delta": 101,
        "unet_p95_delta": -0.023846402764320374,
        "candidate_pixel_delta": -2407,
        "abs_candidate_pixel_delta": 2407,
        "external_context_zone": "outside_qeshm_hengam_priority_box",
        "category": "both_high",
        "review_recommendation": "manual review priority because both model versions rank the tile highly"
      }
    },
    {
      "type": "Feature",
      "geometry": {
        "type": "Point",
        "coordinates": [
          57.43235546882911,
          26.639751111491883
        ]
      },
      "properties": {
        "tile": "D:\\SIHwork_2026\\data\\new_sar_case_study\\tiles_npz_run5_balanced3500\\S1D_20260805T020639_preprocessed_r8704_c12800_uncertain.npz",
        "tile_name": "S1D_20260805T020639_preprocessed_r8704_c12800_uncertain.npz",
        "scene": "S1D_IW_GRDH_1SDV_20260805T020614_20260805T020639_003984_0073C1_55A6_preprocessed_after_c_cleanup_xmx4",
        "acquisition_date": "2026-08-05",
        "acquisition_time": "02:06:14",
        "left": 540472.3208254428,
        "bottom": 2944048.1820285493,
        "right": 545592.3208254428,
        "top": 2949168.1820285493,
        "center_x": 543032.3208254428,
        "center_y": 2946608.1820285493,
        "crs": "EPSG:32640",
        "label": "uncertain",
        "old_cnn_score": 0.7897684574127197,
        "old_unet_mean_probability": 0.1700977236032486,
        "old_unet_max_probability": 0.40014517307281494,
        "old_unet_p95": 0.1863403022289276,
        "old_candidate_pixel_count": 1764,
        "old_candidate_fraction": 0.02691650390625,
        "old_fusion_score": 1.1001968831224027,
        "old_rank": 238,
        "new_cnn_score": 0.7218882441520691,
        "new_unet_mean_probability": 0.17259655892848969,
        "new_unet_max_probability": 0.34729647636413574,
        "new_unet_p95": 0.19317007064819336,
        "new_candidate_pixel_count": 587,
        "new_candidate_fraction": 0.0089569091796875,
        "new_fusion_score": 0.8892167379632435,
        "new_rank": 113,
        "score_delta": -0.2109801451591592,
        "rank_delta": 125,
        "unet_p95_delta": 0.006829768419265747,
        "candidate_pixel_delta": -1177,
        "abs_candidate_pixel_delta": 1177,
        "external_context_zone": "outside_qeshm_hengam_priority_box",
        "category": "both_high",
        "review_recommendation": "manual review priority because both model versions rank the tile highly"
      }
    },
    {
      "type": "Feature",
      "geometry": {
        "type": "Point",
        "coordinates": [
          56.969354214347966,
          26.732862034864567
        ]
      },
      "properties": {
        "tile": "D:\\SIHwork_2026\\data\\new_sar_case_study\\tiles_npz_run5_balanced3500\\S1D_20260805T020639_preprocessed_r7680_c8192_uncertain.npz",
        "tile_name": "S1D_20260805T020639_preprocessed_r7680_c8192_uncertain.npz",
        "scene": "S1D_IW_GRDH_1SDV_20260805T020614_20260805T020639_003984_0073C1_55A6_preprocessed_after_c_cleanup_xmx4",
        "acquisition_date": "2026-08-05",
        "acquisition_time": "02:06:14",
        "left": 494392.3208254428,
        "bottom": 2954288.1820285493,
        "right": 499512.3208254428,
        "top": 2959408.1820285493,
        "center_x": 496952.3208254428,
        "center_y": 2956848.1820285493,
        "crs": "EPSG:32640",
        "label": "uncertain",
        "old_cnn_score": 0.9085699319839478,
        "old_unet_mean_probability": 0.15775512158870697,
        "old_unet_max_probability": 0.3599092662334442,
        "old_unet_p95": 0.18755567073822021,
        "old_candidate_pixel_count": 2253,
        "old_candidate_fraction": 0.0343780517578125,
        "old_fusion_score": 1.3156241362011838,
        "old_rank": 143,
        "new_cnn_score": 0.78705894947052,
        "new_unet_mean_probability": 0.15482060611248016,
        "new_unet_max_probability": 0.29893606901168823,
        "new_unet_p95": 0.18201400339603424,
        "new_candidate_pixel_count": 476,
        "new_candidate_fraction": 0.00726318359375,
        "new_fusion_score": 0.8835322024009733,
        "new_rank": 117,
        "score_delta": -0.4320919338002105,
        "rank_delta": 26,
        "unet_p95_delta": -0.005541667342185974,
        "candidate_pixel_delta": -1777,
        "abs_candidate_pixel_delta": 1777,
        "external_context_zone": "outside_qeshm_hengam_priority_box",
        "category": "both_high",
        "review_recommendation": "manual review priority because both model versions rank the tile highly"
      }
    },
    {
      "type": "Feature",
      "geometry": {
        "type": "Point",
        "coordinates": [
          56.92342561514991,
          27.277162247742417
        ]
      },
      "properties": {
        "tile": "D:\\SIHwork_2026\\data\\new_sar_case_study\\tiles_npz_run5_balanced3500\\S1C_IW_GRDH_1SDV_20260804T021408_20260804T021438_r5632_c27648_uncertain.npz",
        "tile_name": "S1C_IW_GRDH_1SDV_20260804T021408_20260804T021438_r5632_c27648_uncertain.npz",
        "scene": "S1C_IW_GRDH_1SDV_20260804T021408_20260804T021438_008839_01188E_BC5E",
        "acquisition_date": "2026-08-04",
        "acquisition_time": "02:14:08",
        "left": 489861.37147003977,
        "bottom": 3014576.4374795803,
        "right": 494981.37147003977,
        "top": 3019696.4374795803,
        "center_x": 492421.37147003977,
        "center_y": 3017136.4374795803,
        "crs": "EPSG:32640",
        "label": "uncertain",
        "old_cnn_score": 0.9365244507789612,
        "old_unet_mean_probability": 0.15952655673027039,
        "old_unet_max_probability": 0.34051164984703064,
        "old_unet_p95": 0.17618517577648163,
        "old_candidate_pixel_count": 921,
        "old_candidate_fraction": 0.0140533447265625,
        "old_fusion_score": 1.12639173753716,
        "old_rank": 224,
        "new_cnn_score": 0.8472692966461182,
        "new_unet_mean_probability": 0.1591082513332367,
        "new_unet_max_probability": 0.2990539073944092,
        "new_unet_p95": 0.18132948875427246,
        "new_candidate_pixel_count": 283,
        "new_candidate_fraction": 0.0043182373046875,
        "new_fusion_score": 0.8678796396227431,
        "new_rank": 129,
        "score_delta": -0.25851209791441687,
        "rank_delta": 95,
        "unet_p95_delta": 0.0051443129777908325,
        "candidate_pixel_delta": -638,
        "abs_candidate_pixel_delta": 638,
        "external_context_zone": "outside_qeshm_hengam_priority_box",
        "category": "both_high",
        "review_recommendation": "manual review priority because both model versions rank the tile highly"
      }
    },
    {
      "type": "Feature",
      "geometry": {
        "type": "Point",
        "coordinates": [
          57.737604630595996,
          27.222683628006056
        ]
      },
      "properties": {
        "tile": "D:\\SIHwork_2026\\data\\new_sar_case_study\\tiles_npz_run5_balanced3500\\S1C_20260808T141633_preprocessed_r4608_c22528_uncertain.npz",
        "tile_name": "S1C_20260808T141633_preprocessed_r4608_c22528_uncertain.npz",
        "scene": "S1C_IW_GRDH_1SDV_20260808T141614_20260808T141633_008905_011A9E_BE01_preprocessed_extracted_xmx4",
        "acquisition_date": "2026-08-08",
        "acquisition_time": "14:16:14",
        "left": 570478.061760937,
        "bottom": 3008754.963305102,
        "right": 575598.061760937,
        "top": 3013874.963305102,
        "center_x": 573038.061760937,
        "center_y": 3011314.963305102,
        "crs": "EPSG:32640",
        "label": "uncertain",
        "old_cnn_score": 0.930191159248352,
        "old_unet_mean_probability": 0.16854000091552734,
        "old_unet_max_probability": 0.331024706363678,
        "old_unet_p95": 0.1828767955303192,
        "old_candidate_pixel_count": 914,
        "old_candidate_fraction": 0.013946533203125,
        "old_fusion_score": 1.159969753256534,
        "old_rank": 206,
        "new_cnn_score": 0.8822672963142395,
        "new_unet_mean_probability": 0.17173999547958374,
        "new_unet_max_probability": 0.289002925157547,
        "new_unet_p95": 0.19177846610546112,
        "new_candidate_pixel_count": 141,
        "new_candidate_fraction": 0.0021514892578125,
        "new_fusion_score": 0.8385252878531976,
        "new_rank": 144,
        "score_delta": -0.3214444654033365,
        "rank_delta": 62,
        "unet_p95_delta": 0.008901670575141907,
        "candidate_pixel_delta": -773,
        "abs_candidate_pixel_delta": 773,
        "external_context_zone": "outside_qeshm_hengam_priority_box",
        "category": "both_high",
        "review_recommendation": "manual review priority because both model versions rank the tile highly"
      }
    },
    {
      "type": "Feature",
      "geometry": {
        "type": "Point",
        "coordinates": [
          57.32960624824412,
          26.686254561675263
        ]
      },
      "properties": {
        "tile": "D:\\SIHwork_2026\\data\\new_sar_case_study\\tiles_npz_run5_balanced3500\\S1D_20260805T020639_preprocessed_r8192_c11776_uncertain.npz",
        "tile_name": "S1D_20260805T020639_preprocessed_r8192_c11776_uncertain.npz",
        "scene": "S1D_IW_GRDH_1SDV_20260805T020614_20260805T020639_003984_0073C1_55A6_preprocessed_after_c_cleanup_xmx4",
        "acquisition_date": "2026-08-05",
        "acquisition_time": "02:06:14",
        "left": 530232.3208254428,
        "bottom": 2949168.1820285493,
        "right": 535352.3208254428,
        "top": 2954288.1820285493,
        "center_x": 532792.3208254428,
        "center_y": 2951728.1820285493,
        "crs": "EPSG:32640",
        "label": "uncertain",
        "old_cnn_score": 0.9093361496925354,
        "old_unet_mean_probability": 0.16524404287338257,
        "old_unet_max_probability": 0.3533027172088623,
        "old_unet_p95": 0.18153618276119232,
        "old_candidate_pixel_count": 707,
        "old_candidate_fraction": 0.0107879638671875,
        "old_fusion_score": 1.0833112969755643,
        "old_rank": 246,
        "new_cnn_score": 0.8334069848060608,
        "new_unet_mean_probability": 0.16752299666404724,
        "new_unet_max_probability": 0.3175314664840698,
        "new_unet_p95": 0.18917694687843323,
        "new_candidate_pixel_count": 193,
        "new_candidate_fraction": 0.0029449462890625,
        "new_fusion_score": 0.830537833848042,
        "new_rank": 149,
        "score_delta": -0.25277346312752225,
        "rank_delta": 97,
        "unet_p95_delta": 0.007640764117240906,
        "candidate_pixel_delta": -514,
        "abs_candidate_pixel_delta": 514,
        "external_context_zone": "outside_qeshm_hengam_priority_box",
        "category": "both_high",
        "review_recommendation": "manual review priority because both model versions rank the tile highly"
      }
    },
    {
      "type": "Feature",
      "geometry": {
        "type": "Point",
        "coordinates": [
          57.117035092568216,
          27.13212610291601
        ]
      },
      "properties": {
        "tile": "D:\\SIHwork_2026\\data\\new_sar_case_study\\tiles_npz_run5_balanced3500\\S1C_20260808T141633_preprocessed_r5632_c16384_uncertain.npz",
        "tile_name": "S1C_20260808T141633_preprocessed_r5632_c16384_uncertain.npz",
        "scene": "S1C_IW_GRDH_1SDV_20260808T141614_20260808T141633_008905_011A9E_BE01_preprocessed_extracted_xmx4",
        "acquisition_date": "2026-08-08",
        "acquisition_time": "14:16:14",
        "left": 509038.061760937,
        "bottom": 2998514.963305102,
        "right": 514158.061760937,
        "top": 3003634.963305102,
        "center_x": 511598.061760937,
        "center_y": 3001074.963305102,
        "crs": "EPSG:32640",
        "label": "uncertain",
        "old_cnn_score": 0.8717771768569946,
        "old_unet_mean_probability": 0.1693909466266632,
        "old_unet_max_probability": 0.3506511449813843,
        "old_unet_p95": 0.18512745201587677,
        "old_candidate_pixel_count": 833,
        "old_candidate_fraction": 0.0127105712890625,
        "old_fusion_score": 1.08554605195159,
        "old_rank": 243,
        "new_cnn_score": 0.8037435412406921,
        "new_unet_mean_probability": 0.17354682087898254,
        "new_unet_max_probability": 0.3229018449783325,
        "new_unet_p95": 0.19461765885353088,
        "new_candidate_pixel_count": 199,
        "new_candidate_fraction": 0.0030364990234375,
        "new_fusion_score": 0.8287770354243827,
        "new_rank": 152,
        "score_delta": -0.2567690165272073,
        "rank_delta": 91,
        "unet_p95_delta": 0.009490206837654114,
        "candidate_pixel_delta": -634,
        "abs_candidate_pixel_delta": 634,
        "external_context_zone": "outside_qeshm_hengam_priority_box",
        "category": "both_high",
        "review_recommendation": "manual review priority because both model versions rank the tile highly"
      }
    },
    {
      "type": "Feature",
      "geometry": {
        "type": "Point",
        "coordinates": [
          54.27324899699812,
          26.541734110072195
        ]
      },
      "properties": {
        "tile": "D:\\SIHwork_2026\\data\\new_sar_case_study\\tiles_npz_run5_balanced3500\\S1D_20260810T021454_preprocessed_r9216_c2048_uncertain.npz",
        "tile_name": "S1D_20260810T021454_preprocessed_r9216_c2048_uncertain.npz",
        "scene": "S1D_IW_GRDH_1SDV_20260810T021429_20260810T021454_004057_00763F_AFC5_preprocessed_extracted_xmx4",
        "acquisition_date": "2026-08-10",
        "acquisition_time": "02:14:29",
        "left": 225754.85972424183,
        "bottom": 2936009.977188905,
        "right": 230874.85972424183,
        "top": 2941129.977188905,
        "center_x": 228314.85972424183,
        "center_y": 2938569.977188905,
        "crs": "EPSG:32640",
        "label": "uncertain",
        "old_cnn_score": 0.7380648851394653,
        "old_unet_mean_probability": 0.16918569803237915,
        "old_unet_max_probability": 0.34318795800209045,
        "old_unet_p95": 0.21436381340026855,
        "old_candidate_pixel_count": 7204,
        "old_candidate_fraction": 0.10992431640625,
        "old_fusion_score": 1.4053442643220138,
        "old_rank": 118,
        "new_cnn_score": 0.5750889182090759,
        "new_unet_mean_probability": 0.16126272082328796,
        "new_unet_max_probability": 0.34071585536003113,
        "new_unet_p95": 0.18934372067451477,
        "new_candidate_pixel_count": 1418,
        "new_candidate_fraction": 0.021636962890625,
        "new_fusion_score": 0.7902879822430358,
        "new_rank": 178,
        "score_delta": -0.615056282078978,
        "rank_delta": -60,
        "unet_p95_delta": -0.025020092725753784,
        "candidate_pixel_delta": -5786,
        "abs_candidate_pixel_delta": 5786,
        "external_context_zone": "outside_qeshm_hengam_priority_box",
        "category": "both_high",
        "review_recommendation": "manual review priority because both model versions rank the tile highly"
      }
    },
    {
      "type": "Feature",
      "geometry": {
        "type": "Point",
        "coordinates": [
          54.724868702462246,
          27.266441724140854
        ]
      },
      "properties": {
        "tile": "D:\\SIHwork_2026\\data\\new_sar_case_study\\tiles_npz_run5_balanced3500\\S1D_20260807T142504_preprocessed_r7168_c13824_uncertain.npz",
        "tile_name": "S1D_20260807T142504_preprocessed_r7168_c13824_uncertain.npz",
        "scene": "S1D_IW_GRDH_1SDV_20260807T142439_20260807T142504_004021_007504_F7F3_preprocessed_extracted_xmx4_retry2",
        "acquisition_date": "2026-08-07",
        "acquisition_time": "14:24:39",
        "left": 272212.2692747143,
        "bottom": 3015436.0065713315,
        "right": 277332.2692747143,
        "top": 3020556.0065713315,
        "center_x": 274772.2692747143,
        "center_y": 3017996.0065713315,
        "crs": "EPSG:32640",
        "label": "uncertain",
        "old_cnn_score": 0.8495007753372192,
        "old_unet_mean_probability": 0.16434405744075775,
        "old_unet_max_probability": 0.34496116638183594,
        "old_unet_p95": 0.1836976259946823,
        "old_candidate_pixel_count": 1408,
        "old_candidate_fraction": 0.021484375,
        "old_fusion_score": 1.1314709213406642,
        "old_rank": 223,
        "new_cnn_score": 0.759158730506897,
        "new_unet_mean_probability": 0.16439519822597504,
        "new_unet_max_probability": 0.31583428382873535,
        "new_unet_p95": 0.1903812438249588,
        "new_candidate_pixel_count": 211,
        "new_candidate_fraction": 0.0032196044921875,
        "new_fusion_score": 0.7741851825878024,
        "new_rank": 207,
        "score_delta": -0.35728573875286174,
        "rank_delta": 16,
        "unet_p95_delta": 0.006683617830276489,
        "candidate_pixel_delta": -1197,
        "abs_candidate_pixel_delta": 1197,
        "external_context_zone": "outside_qeshm_hengam_priority_box",
        "category": "both_high",
        "review_recommendation": "manual review priority because both model versions rank the tile highly"
      }
    },
    {
      "type": "Feature",
      "geometry": {
        "type": "Point",
        "coordinates": [
          57.020821314087456,
          26.640406906355455
        ]
      },
      "properties": {
        "tile": "D:\\SIHwork_2026\\data\\new_sar_case_study\\tiles_npz_run5_balanced3500\\S1D_20260805T020639_preprocessed_r8704_c8704_uncertain.npz",
        "tile_name": "S1D_20260805T020639_preprocessed_r8704_c8704_uncertain.npz",
        "scene": "S1D_IW_GRDH_1SDV_20260805T020614_20260805T020639_003984_0073C1_55A6_preprocessed_after_c_cleanup_xmx4",
        "acquisition_date": "2026-08-05",
        "acquisition_time": "02:06:14",
        "left": 499512.3208254428,
        "bottom": 2944048.1820285493,
        "right": 504632.3208254428,
        "top": 2949168.1820285493,
        "center_x": 502072.3208254428,
        "center_y": 2946608.1820285493,
        "crs": "EPSG:32640",
        "label": "uncertain",
        "old_cnn_score": 0.8826841115951538,
        "old_unet_mean_probability": 0.16121283173561096,
        "old_unet_max_probability": 0.34318795800209045,
        "old_unet_p95": 0.17970335483551025,
        "old_candidate_pixel_count": 1376,
        "old_candidate_fraction": 0.02099609375,
        "old_fusion_score": 1.146461193420369,
        "old_rank": 213,
        "new_cnn_score": 0.7815267443656921,
        "new_unet_mean_probability": 0.15961706638336182,
        "new_unet_max_probability": 0.3413199186325073,
        "new_unet_p95": 0.17644858360290527,
        "new_candidate_pixel_count": 247,
        "new_candidate_fraction": 0.0037689208984375,
        "new_fusion_score": 0.7602978935238178,
        "new_rank": 226,
        "score_delta": -0.3861632998965512,
        "rank_delta": -13,
        "unet_p95_delta": -0.0032547712326049805,
        "candidate_pixel_delta": -1129,
        "abs_candidate_pixel_delta": 1129,
        "external_context_zone": "outside_qeshm_hengam_priority_box",
        "category": "both_high",
        "review_recommendation": "manual review priority because both model versions rank the tile highly"
      }
    },
    {
      "type": "Feature",
      "geometry": {
        "type": "Point",
        "coordinates": [
          56.45806745699645,
          27.22991013928775
        ]
      },
      "properties": {
        "tile": "D:\\SIHwork_2026\\data\\new_sar_case_study\\tiles_npz_run5_balanced3500\\S1C_IW_GRDH_1SDV_20260804T021408_20260804T021438_r6144_c23040_uncertain.npz",
        "tile_name": "S1C_IW_GRDH_1SDV_20260804T021408_20260804T021438_r6144_c23040_uncertain.npz",
        "scene": "S1C_IW_GRDH_1SDV_20260804T021408_20260804T021438_008839_01188E_BC5E",
        "acquisition_date": "2026-08-04",
        "acquisition_time": "02:14:08",
        "left": 443781.37147003977,
        "bottom": 3009456.4374795803,
        "right": 448901.37147003977,
        "top": 3014576.4374795803,
        "center_x": 446341.37147003977,
        "center_y": 3012016.4374795803,
        "crs": "EPSG:32640",
        "label": "uncertain",
        "old_cnn_score": 0.9459314346313477,
        "old_unet_mean_probability": 0.16062796115875244,
        "old_unet_max_probability": 0.32123124599456787,
        "old_unet_p95": 0.17872050404548645,
        "old_candidate_pixel_count": 764,
        "old_candidate_fraction": 0.01165771484375,
        "old_fusion_score": 1.1225197649208194,
        "old_rank": 230,
        "new_cnn_score": 0.900778591632843,
        "new_unet_mean_probability": 0.15992987155914307,
        "new_unet_max_probability": 0.30019721388816833,
        "new_unet_p95": 0.18512284755706787,
        "new_candidate_pixel_count": 84,
        "new_candidate_fraction": 0.00128173828125,
        "new_fusion_score": 0.7408329681578381,
        "new_rank": 247,
        "score_delta": -0.38168679676298134,
        "rank_delta": -17,
        "unet_p95_delta": 0.006402343511581421,
        "candidate_pixel_delta": -680,
        "abs_candidate_pixel_delta": 680,
        "external_context_zone": "outside_qeshm_hengam_priority_box",
        "category": "both_high",
        "review_recommendation": "manual review priority because both model versions rank the tile highly"
      }
    }
  ]
}
