{
  "type": "FeatureCollection",
  "features": [
    {
      "type": "Feature",
      "geometry": {
        "type": "Point",
        "coordinates": [
          56.76851570048924,
          27.138317248744173
        ]
      },
      "properties": {
        "tile": "D:\\SIHwork_2026\\data\\new_sar_case_study\\tiles_npz_run5_balanced3500\\S1C_IW_GRDH_1SDV_20260804T021408_20260804T021438_r7168_c26112_uncertain.npz",
        "tile_name": "S1C_IW_GRDH_1SDV_20260804T021408_20260804T021438_r7168_c26112_uncertain.npz",
        "scene": "S1C_IW_GRDH_1SDV_20260804T021408_20260804T021438_008839_01188E_BC5E",
        "acquisition_date": "2026-08-04",
        "acquisition_time": "02:14:08",
        "left": "474501.37147003977",
        "bottom": "2999216.4374795803",
        "right": "479621.37147003977",
        "top": "3004336.4374795803",
        "center_x": "477061.37147003977",
        "center_y": "3001776.4374795803",
        "crs": "EPSG:32640",
        "label": "uncertain",
        "old_cnn_score": 0.6455186605453491,
        "old_unet_p95": 0.18863174319267273,
        "old_candidate_pixel_count": 1738.0,
        "old_fusion_score": 0.9084989567933042,
        "old_rank": 379.0,
        "new_cnn_score": 0.6212476491928101,
        "new_unet_p95": 0.19631722569465637,
        "new_candidate_pixel_count": 1072.0,
        "new_fusion_score": 0.8510742175793479,
        "new_rank": 138.0,
        "score_delta": -0.0574247392139563,
        "rank_delta": 241.0,
        "unet_p95_delta": 0.007685482501983643,
        "candidate_pixel_delta": -666.0,
        "abs_candidate_pixel_delta": 666.0,
        "category": "qeshm_hengam_context_priority",
        "external_context_zone": "qeshm_hengam_context_priority",
        "review_recommendation": "context-priority manual review; model output remains candidate support only",
        "edge_mask_fraction": 0.32676216139554676,
        "no_data_fraction": 0.001678466796875,
        "bright_scatterer_fraction": 0.0005672954190894909,
        "combined_dark_pixels": 329,
        "dark_component_count": 14,
        "largest_dark_component_pixels": 138,
        "largest_dark_component_elongation": 2.6,
        "dark_component_coherence_fraction": 0.4194528875379939,
        "old_mask_component_count": 34,
        "new_mask_component_count": 30,
        "old_largest_mask_component_pixels": 3842,
        "new_largest_mask_component_pixels": 2316,
        "edge_dominated": false,
        "bright_scatterer_dominated": false,
        "mostly_scattered_speckle": false,
        "coherent_dark_region_after_denoise": true,
        "unet_masks_not_just_speckle": true,
        "spatial_cluster_id": "slick_cluster_008",
        "nearby_candidate_cluster_size": 3,
        "inside_qeshm_hengam_context": true,
        "near_qeshm_hengam_context": true,
        "distance_to_qeshm_hengam_context_km": 0.0,
        "spatial_review_label": "uncertain",
        "approval_recommendation": "needs human visual review before any training use",
        "reason": "mixed evidence: some model/context priority, but spatial or denoised-mask evidence is not strong enough for probable-positive recommendation",
        "review_rank": 1,
        "preview_png": "D:\\SIHwork_2026\\data\\new_sar_case_study\\qgis_spatial_manual_review_run5\\review_pages\\strongest_uncertain_previews\\strongest_uncertain_001_S1C_IW_GRDH_1SDV_20260804T021408_20260804T021438_r7168_c26112_uncertain.png"
      }
    },
    {
      "type": "Feature",
      "geometry": {
        "type": "Point",
        "coordinates": [
          56.820257628105104,
          27.09216750714189
        ]
      },
      "properties": {
        "tile": "D:\\SIHwork_2026\\data\\new_sar_case_study\\tiles_npz_run5_balanced3500\\S1C_IW_GRDH_1SDV_20260804T021408_20260804T021438_r7680_c26624_uncertain.npz",
        "tile_name": "S1C_IW_GRDH_1SDV_20260804T021408_20260804T021438_r7680_c26624_uncertain.npz",
        "scene": "S1C_IW_GRDH_1SDV_20260804T021408_20260804T021438_008839_01188E_BC5E",
        "acquisition_date": "2026-08-04",
        "acquisition_time": "02:14:08",
        "left": "479621.37147003977",
        "bottom": "2994096.4374795803",
        "right": "484741.37147003977",
        "top": "2999216.4374795803",
        "center_x": "482181.37147003977",
        "center_y": "2996656.4374795803",
        "crs": "EPSG:32640",
        "label": "uncertain",
        "old_cnn_score": 0.6034125685691833,
        "old_unet_p95": 0.18993210792541504,
        "old_candidate_pixel_count": 1947.0,
        "old_fusion_score": 0.8681006138231055,
        "old_rank": 429.0,
        "new_cnn_score": 0.5521017909049988,
        "new_unet_p95": 0.1971367746591568,
        "new_candidate_pixel_count": 1268.0,
        "new_fusion_score": 0.7777658505566724,
        "new_rank": 200.0,
        "score_delta": -0.0903347632664332,
        "rank_delta": 229.0,
        "unet_p95_delta": 0.00720466673374176,
        "candidate_pixel_delta": -679.0,
        "abs_candidate_pixel_delta": 679.0,
        "category": "qeshm_hengam_context_priority",
        "external_context_zone": "qeshm_hengam_context_priority",
        "review_recommendation": "context-priority manual review; model output remains candidate support only",
        "edge_mask_fraction": 0.10793334991295697,
        "no_data_fraction": 0.00229644775390625,
        "bright_scatterer_fraction": 0.0,
        "combined_dark_pixels": 1405,
        "dark_component_count": 34,
        "largest_dark_component_pixels": 437,
        "largest_dark_component_elongation": 2.1739130434782608,
        "dark_component_coherence_fraction": 0.31103202846975087,
        "old_mask_component_count": 52,
        "new_mask_component_count": 46,
        "old_largest_mask_component_pixels": 2121,
        "new_largest_mask_component_pixels": 1838,
        "edge_dominated": false,
        "bright_scatterer_dominated": false,
        "mostly_scattered_speckle": false,
        "coherent_dark_region_after_denoise": true,
        "unet_masks_not_just_speckle": true,
        "spatial_cluster_id": "slick_cluster_008",
        "nearby_candidate_cluster_size": 3,
        "inside_qeshm_hengam_context": true,
        "near_qeshm_hengam_context": true,
        "distance_to_qeshm_hengam_context_km": 0.0,
        "spatial_review_label": "uncertain",
        "approval_recommendation": "needs human visual review before any training use",
        "reason": "mixed evidence: some model/context priority, but spatial or denoised-mask evidence is not strong enough for probable-positive recommendation",
        "review_rank": 2,
        "preview_png": "D:\\SIHwork_2026\\data\\new_sar_case_study\\qgis_spatial_manual_review_run5\\review_pages\\strongest_uncertain_previews\\strongest_uncertain_002_S1C_IW_GRDH_1SDV_20260804T021408_20260804T021438_r7680_c26624_uncertain.png"
      }
    },
    {
      "type": "Feature",
      "geometry": {
        "type": "Point",
        "coordinates": [
          56.65962373879983,
          27.00981757802789
        ]
      },
      "properties": {
        "tile": "D:\\SIHwork_2026\\data\\new_sar_case_study\\tiles_npz_run5_balanced3500\\S1D_20260805T020639_preprocessed_r4608_c5120_uncertain.npz",
        "tile_name": "S1D_20260805T020639_preprocessed_r4608_c5120_uncertain.npz",
        "scene": "S1D_IW_GRDH_1SDV_20260805T020614_20260805T020639_003984_0073C1_55A6_preprocessed_after_c_cleanup_xmx4",
        "acquisition_date": "2026-08-05",
        "acquisition_time": "02:06:14",
        "left": "463672.3208254428",
        "bottom": "2985008.1820285493",
        "right": "468792.3208254428",
        "top": "2990128.1820285493",
        "center_x": "466232.3208254428",
        "center_y": "2987568.1820285493",
        "crs": "EPSG:32640",
        "label": "uncertain",
        "old_cnn_score": 0.8532928228378296,
        "old_unet_p95": 0.17532896995544434,
        "old_candidate_pixel_count": 781.0,
        "old_fusion_score": 0.9966597803913863,
        "old_rank": 293.0,
        "new_cnn_score": 0.7182138562202454,
        "new_unet_p95": 0.17498958110809326,
        "new_candidate_pixel_count": 169.0,
        "new_fusion_score": 0.6454668489013011,
        "new_rank": 372.0,
        "score_delta": -0.3511929314900851,
        "rank_delta": -79.0,
        "unet_p95_delta": -0.0003393888473510742,
        "candidate_pixel_delta": -612.0,
        "abs_candidate_pixel_delta": 612.0,
        "category": "qeshm_hengam_context_priority",
        "external_context_zone": "qeshm_hengam_context_priority",
        "review_recommendation": "context-priority manual review; model output remains candidate support only",
        "edge_mask_fraction": 0.06380789022298457,
        "no_data_fraction": 0.000354766845703125,
        "bright_scatterer_fraction": 0.03567753001715266,
        "combined_dark_pixels": 343,
        "dark_component_count": 20,
        "largest_dark_component_pixels": 183,
        "largest_dark_component_elongation": 1.6470588235294117,
        "dark_component_coherence_fraction": 0.5335276967930029,
        "old_mask_component_count": 39,
        "new_mask_component_count": 11,
        "old_largest_mask_component_pixels": 1734,
        "new_largest_mask_component_pixels": 351,
        "edge_dominated": false,
        "bright_scatterer_dominated": false,
        "mostly_scattered_speckle": false,
        "coherent_dark_region_after_denoise": true,
        "unet_masks_not_just_speckle": true,
        "spatial_cluster_id": "slick_cluster_017",
        "nearby_candidate_cluster_size": 3,
        "inside_qeshm_hengam_context": true,
        "near_qeshm_hengam_context": true,
        "distance_to_qeshm_hengam_context_km": 0.0,
        "spatial_review_label": "uncertain",
        "approval_recommendation": "needs human visual review before any training use",
        "reason": "mixed evidence: some model/context priority, but spatial or denoised-mask evidence is not strong enough for probable-positive recommendation",
        "review_rank": 3,
        "preview_png": "D:\\SIHwork_2026\\data\\new_sar_case_study\\qgis_spatial_manual_review_run5\\review_pages\\strongest_uncertain_previews\\strongest_uncertain_003_S1D_20260805T020639_preprocessed_r4608_c5120_uncertain.png"
      }
    },
    {
      "type": "Feature",
      "geometry": {
        "type": "Point",
        "coordinates": [
          56.65948433399225,
          27.05604295104628
        ]
      },
      "properties": {
        "tile": "D:\\SIHwork_2026\\data\\new_sar_case_study\\tiles_npz_run5_balanced3500\\S1D_20260805T020639_preprocessed_r4096_c5120_uncertain.npz",
        "tile_name": "S1D_20260805T020639_preprocessed_r4096_c5120_uncertain.npz",
        "scene": "S1D_IW_GRDH_1SDV_20260805T020614_20260805T020639_003984_0073C1_55A6_preprocessed_after_c_cleanup_xmx4",
        "acquisition_date": "2026-08-05",
        "acquisition_time": "02:06:14",
        "left": "463672.3208254428",
        "bottom": "2990128.1820285493",
        "right": "468792.3208254428",
        "top": "2995248.1820285493",
        "center_x": "466232.3208254428",
        "center_y": "2992688.1820285493",
        "crs": "EPSG:32640",
        "label": "uncertain",
        "old_cnn_score": 0.694054901599884,
        "old_unet_p95": 0.18005719780921936,
        "old_candidate_pixel_count": 1359.0,
        "old_fusion_score": 0.9016855148482624,
        "old_rank": 389.0,
        "new_cnn_score": 0.4708409607410431,
        "new_unet_p95": 0.17431612312793732,
        "new_candidate_pixel_count": 459.0,
        "new_fusion_score": 0.5032214618663983,
        "new_rank": 774.0,
        "score_delta": -0.39846405298186416,
        "rank_delta": -385.0,
        "unet_p95_delta": -0.0057410746812820435,
        "candidate_pixel_delta": -900.0,
        "abs_candidate_pixel_delta": 900.0,
        "category": "qeshm_hengam_context_priority",
        "external_context_zone": "qeshm_hengam_context_priority",
        "review_recommendation": "context-priority manual review; model output remains candidate support only",
        "edge_mask_fraction": 0.028177004538577913,
        "no_data_fraction": 0.000736236572265625,
        "bright_scatterer_fraction": 0.05238275340393343,
        "combined_dark_pixels": 560,
        "dark_component_count": 30,
        "largest_dark_component_pixels": 172,
        "largest_dark_component_elongation": 1.4210526315789473,
        "dark_component_coherence_fraction": 0.30714285714285716,
        "old_mask_component_count": 35,
        "new_mask_component_count": 28,
        "old_largest_mask_component_pixels": 1467,
        "new_largest_mask_component_pixels": 551,
        "edge_dominated": false,
        "bright_scatterer_dominated": false,
        "mostly_scattered_speckle": false,
        "coherent_dark_region_after_denoise": true,
        "unet_masks_not_just_speckle": true,
        "spatial_cluster_id": "slick_cluster_017",
        "nearby_candidate_cluster_size": 3,
        "inside_qeshm_hengam_context": true,
        "near_qeshm_hengam_context": true,
        "distance_to_qeshm_hengam_context_km": 0.0,
        "spatial_review_label": "uncertain",
        "approval_recommendation": "needs human visual review before any training use",
        "reason": "mixed evidence: some model/context priority, but spatial or denoised-mask evidence is not strong enough for probable-positive recommendation",
        "review_rank": 4,
        "preview_png": "D:\\SIHwork_2026\\data\\new_sar_case_study\\qgis_spatial_manual_review_run5\\review_pages\\strongest_uncertain_previews\\strongest_uncertain_004_S1D_20260805T020639_preprocessed_r4096_c5120_uncertain.png"
      }
    },
    {
      "type": "Feature",
      "geometry": {
        "type": "Point",
        "coordinates": [
          56.82018375104257,
          27.13839292963349
        ]
      },
      "properties": {
        "tile": "D:\\SIHwork_2026\\data\\new_sar_case_study\\tiles_npz_run5_balanced3500\\S1C_IW_GRDH_1SDV_20260804T021408_20260804T021438_r7168_c26624_uncertain.npz",
        "tile_name": "S1C_IW_GRDH_1SDV_20260804T021408_20260804T021438_r7168_c26624_uncertain.npz",
        "scene": "S1C_IW_GRDH_1SDV_20260804T021408_20260804T021438_008839_01188E_BC5E",
        "acquisition_date": "2026-08-04",
        "acquisition_time": "02:14:08",
        "left": "479621.37147003977",
        "bottom": "2999216.4374795803",
        "right": "484741.37147003977",
        "top": "3004336.4374795803",
        "center_x": "482181.37147003977",
        "center_y": "3001776.4374795803",
        "crs": "EPSG:32640",
        "label": "uncertain",
        "old_cnn_score": 0.7301740050315857,
        "old_unet_p95": 0.18691092729568481,
        "old_candidate_pixel_count": 92.0,
        "old_fusion_score": 0.6185978489932686,
        "old_rank": 815.0,
        "new_cnn_score": 0.6692465543746948,
        "new_unet_p95": 0.19597747921943665,
        "new_candidate_pixel_count": 103.0,
        "new_fusion_score": 0.6091455508085558,
        "new_rank": 464.0,
        "score_delta": -0.009452298184712826,
        "rank_delta": 351.0,
        "unet_p95_delta": 0.009066551923751831,
        "candidate_pixel_delta": 11.0,
        "abs_candidate_pixel_delta": 11.0,
        "category": "qeshm_hengam_context_priority",
        "external_context_zone": "qeshm_hengam_context_priority",
        "review_recommendation": "context-priority manual review; model output remains candidate support only",
        "edge_mask_fraction": 0.35315985130111527,
        "no_data_fraction": 0.00222015380859375,
        "bright_scatterer_fraction": 0.0,
        "combined_dark_pixels": 190,
        "dark_component_count": 3,
        "largest_dark_component_pixels": 166,
        "largest_dark_component_elongation": 166.0,
        "dark_component_coherence_fraction": 0.8736842105263158,
        "old_mask_component_count": 2,
        "new_mask_component_count": 5,
        "old_largest_mask_component_pixels": 342,
        "new_largest_mask_component_pixels": 166,
        "edge_dominated": false,
        "bright_scatterer_dominated": false,
        "mostly_scattered_speckle": false,
        "coherent_dark_region_after_denoise": true,
        "unet_masks_not_just_speckle": true,
        "spatial_cluster_id": "slick_cluster_008",
        "nearby_candidate_cluster_size": 3,
        "inside_qeshm_hengam_context": true,
        "near_qeshm_hengam_context": true,
        "distance_to_qeshm_hengam_context_km": 0.0,
        "spatial_review_label": "uncertain",
        "approval_recommendation": "needs human visual review before any training use",
        "reason": "mixed evidence: some model/context priority, but spatial or denoised-mask evidence is not strong enough for probable-positive recommendation",
        "review_rank": 5,
        "preview_png": "D:\\SIHwork_2026\\data\\new_sar_case_study\\qgis_spatial_manual_review_run5\\review_pages\\strongest_uncertain_previews\\strongest_uncertain_005_S1C_IW_GRDH_1SDV_20260804T021408_20260804T021438_r7168_c26624_uncertain.png"
      }
    },
    {
      "type": "Feature",
      "geometry": {
        "type": "Point",
        "coordinates": [
          56.60769387784523,
          27.102133317816218
        ]
      },
      "properties": {
        "tile": "D:\\SIHwork_2026\\data\\new_sar_case_study\\tiles_npz_run5_balanced3500\\S1D_20260805T020639_preprocessed_r3584_c4608_uncertain.npz",
        "tile_name": "S1D_20260805T020639_preprocessed_r3584_c4608_uncertain.npz",
        "scene": "S1D_IW_GRDH_1SDV_20260805T020614_20260805T020639_003984_0073C1_55A6_preprocessed_after_c_cleanup_xmx4",
        "acquisition_date": "2026-08-05",
        "acquisition_time": "02:06:14",
        "left": "458552.3208254428",
        "bottom": "2995248.1820285493",
        "right": "463672.3208254428",
        "top": "3000368.1820285493",
        "center_x": "461112.3208254428",
        "center_y": "2997808.1820285493",
        "crs": "EPSG:32640",
        "label": "uncertain",
        "old_cnn_score": 0.5164181590080261,
        "old_unet_p95": 0.18060152232646942,
        "old_candidate_pixel_count": 1449.0,
        "old_fusion_score": 0.6789122638738945,
        "old_rank": 715.0,
        "new_cnn_score": 0.22151930630207062,
        "new_unet_p95": 0.17117775976657867,
        "new_candidate_pixel_count": 158.0,
        "new_fusion_score": 0.1922086837393053,
        "new_rank": 2133.0,
        "score_delta": -0.48670358013458914,
        "rank_delta": -1418.0,
        "unet_p95_delta": -0.009423762559890747,
        "candidate_pixel_delta": -1291.0,
        "abs_candidate_pixel_delta": 1291.0,
        "category": "qeshm_hengam_context_priority",
        "external_context_zone": "qeshm_hengam_context_priority",
        "review_recommendation": "context-priority manual review; model output remains candidate support only",
        "edge_mask_fraction": 0.014179240138156699,
        "no_data_fraction": 0.00067138671875,
        "bright_scatterer_fraction": 0.011816033448463915,
        "combined_dark_pixels": 737,
        "dark_component_count": 23,
        "largest_dark_component_pixels": 160,
        "largest_dark_component_elongation": 1.5625,
        "dark_component_coherence_fraction": 0.21709633649932158,
        "old_mask_component_count": 53,
        "new_mask_component_count": 7,
        "old_largest_mask_component_pixels": 3815,
        "new_largest_mask_component_pixels": 335,
        "edge_dominated": false,
        "bright_scatterer_dominated": false,
        "mostly_scattered_speckle": false,
        "coherent_dark_region_after_denoise": true,
        "unet_masks_not_just_speckle": true,
        "spatial_cluster_id": "slick_cluster_017",
        "nearby_candidate_cluster_size": 3,
        "inside_qeshm_hengam_context": true,
        "near_qeshm_hengam_context": true,
        "distance_to_qeshm_hengam_context_km": 0.0,
        "spatial_review_label": "uncertain",
        "approval_recommendation": "needs human visual review before any training use",
        "reason": "mixed evidence: some model/context priority, but spatial or denoised-mask evidence is not strong enough for probable-positive recommendation",
        "review_rank": 6,
        "preview_png": "D:\\SIHwork_2026\\data\\new_sar_case_study\\qgis_spatial_manual_review_run5\\review_pages\\strongest_uncertain_previews\\strongest_uncertain_006_S1D_20260805T020639_preprocessed_r3584_c4608_uncertain.png"
      }
    },
    {
      "type": "Feature",
      "geometry": {
        "type": "Point",
        "coordinates": [
          56.6135131218007,
          27.137976124681387
        ]
      },
      "properties": {
        "tile": "D:\\SIHwork_2026\\data\\new_sar_case_study\\tiles_npz_run5_balanced3500\\S1C_IW_GRDH_1SDV_20260804T021408_20260804T021438_r7168_c24576_uncertain.npz",
        "tile_name": "S1C_IW_GRDH_1SDV_20260804T021408_20260804T021438_r7168_c24576_uncertain.npz",
        "scene": "S1C_IW_GRDH_1SDV_20260804T021408_20260804T021438_008839_01188E_BC5E",
        "acquisition_date": "2026-08-04",
        "acquisition_time": "02:14:08",
        "left": "459141.37147003977",
        "bottom": "2999216.4374795803",
        "right": "464261.37147003977",
        "top": "3004336.4374795803",
        "center_x": "461701.37147003977",
        "center_y": "3001776.4374795803",
        "crs": "EPSG:32640",
        "label": "uncertain",
        "old_cnn_score": 0.5676755309104919,
        "old_unet_p95": 0.19347220659255981,
        "old_candidate_pixel_count": 2841.0,
        "old_fusion_score": 0.8733926067880581,
        "old_rank": 419.0,
        "new_cnn_score": 0.5615893006324768,
        "new_unet_p95": 0.19741277396678925,
        "new_candidate_pixel_count": 2097.0,
        "new_fusion_score": 0.84797678458619,
        "new_rank": 139.0,
        "score_delta": -0.02541582220186811,
        "rank_delta": 280.0,
        "unet_p95_delta": 0.003940567374229431,
        "candidate_pixel_delta": -744.0,
        "abs_candidate_pixel_delta": 744.0,
        "category": "qeshm_hengam_context_priority",
        "external_context_zone": "qeshm_hengam_context_priority",
        "review_recommendation": "context-priority manual review; model output remains candidate support only",
        "edge_mask_fraction": 0.1708612518385357,
        "no_data_fraction": 0.001262664794921875,
        "bright_scatterer_fraction": 0.00016342539630658605,
        "combined_dark_pixels": 727,
        "dark_component_count": 31,
        "largest_dark_component_pixels": 265,
        "largest_dark_component_elongation": 2.75,
        "dark_component_coherence_fraction": 0.36451169188445665,
        "old_mask_component_count": 30,
        "new_mask_component_count": 51,
        "old_largest_mask_component_pixels": 7706,
        "new_largest_mask_component_pixels": 5766,
        "edge_dominated": false,
        "bright_scatterer_dominated": false,
        "mostly_scattered_speckle": false,
        "coherent_dark_region_after_denoise": true,
        "unet_masks_not_just_speckle": true,
        "spatial_cluster_id": "slick_cluster_009",
        "nearby_candidate_cluster_size": 2,
        "inside_qeshm_hengam_context": true,
        "near_qeshm_hengam_context": true,
        "distance_to_qeshm_hengam_context_km": 0.0,
        "spatial_review_label": "uncertain",
        "approval_recommendation": "needs human visual review before any training use",
        "reason": "mixed evidence: some model/context priority, but spatial or denoised-mask evidence is not strong enough for probable-positive recommendation",
        "review_rank": 7,
        "preview_png": "D:\\SIHwork_2026\\data\\new_sar_case_study\\qgis_spatial_manual_review_run5\\review_pages\\strongest_uncertain_previews\\strongest_uncertain_007_S1C_IW_GRDH_1SDV_20260804T021408_20260804T021438_r7168_c24576_uncertain.png"
      }
    },
    {
      "type": "Feature",
      "geometry": {
        "type": "Point",
        "coordinates": [
          56.66518033493526,
          27.138108845880197
        ]
      },
      "properties": {
        "tile": "D:\\SIHwork_2026\\data\\new_sar_case_study\\tiles_npz_run5_balanced3500\\S1C_IW_GRDH_1SDV_20260804T021408_20260804T021438_r7168_c25088_uncertain.npz",
        "tile_name": "S1C_IW_GRDH_1SDV_20260804T021408_20260804T021438_r7168_c25088_uncertain.npz",
        "scene": "S1C_IW_GRDH_1SDV_20260804T021408_20260804T021438_008839_01188E_BC5E",
        "acquisition_date": "2026-08-04",
        "acquisition_time": "02:14:08",
        "left": "464261.37147003977",
        "bottom": "2999216.4374795803",
        "right": "469381.37147003977",
        "top": "3004336.4374795803",
        "center_x": "466821.37147003977",
        "center_y": "3001776.4374795803",
        "crs": "EPSG:32640",
        "label": "uncertain",
        "old_cnn_score": 0.6541340947151184,
        "old_unet_p95": 0.18608921766281128,
        "old_candidate_pixel_count": 1292.0,
        "old_fusion_score": 0.8721420808058867,
        "old_rank": 423.0,
        "new_cnn_score": 0.6068452596664429,
        "new_unet_p95": 0.1950877606868744,
        "new_candidate_pixel_count": 697.0,
        "new_fusion_score": 0.7752311052764892,
        "new_rank": 204.0,
        "score_delta": -0.09691097552939754,
        "rank_delta": 219.0,
        "unet_p95_delta": 0.00899854302406311,
        "candidate_pixel_delta": -595.0,
        "abs_candidate_pixel_delta": 595.0,
        "category": "qeshm_hengam_context_priority",
        "external_context_zone": "qeshm_hengam_context_priority",
        "review_recommendation": "context-priority manual review; model output remains candidate support only",
        "edge_mask_fraction": 0.2491933953311824,
        "no_data_fraction": 0.00090789794921875,
        "bright_scatterer_fraction": 0.01897893338394382,
        "combined_dark_pixels": 246,
        "dark_component_count": 7,
        "largest_dark_component_pixels": 186,
        "largest_dark_component_elongation": 3.909090909090909,
        "dark_component_coherence_fraction": 0.7560975609756098,
        "old_mask_component_count": 18,
        "new_mask_component_count": 38,
        "old_largest_mask_component_pixels": 2047,
        "new_largest_mask_component_pixels": 864,
        "edge_dominated": false,
        "bright_scatterer_dominated": false,
        "mostly_scattered_speckle": false,
        "coherent_dark_region_after_denoise": true,
        "unet_masks_not_just_speckle": true,
        "spatial_cluster_id": "slick_cluster_009",
        "nearby_candidate_cluster_size": 2,
        "inside_qeshm_hengam_context": true,
        "near_qeshm_hengam_context": true,
        "distance_to_qeshm_hengam_context_km": 0.0,
        "spatial_review_label": "uncertain",
        "approval_recommendation": "needs human visual review before any training use",
        "reason": "mixed evidence: some model/context priority, but spatial or denoised-mask evidence is not strong enough for probable-positive recommendation",
        "review_rank": 8,
        "preview_png": "D:\\SIHwork_2026\\data\\new_sar_case_study\\qgis_spatial_manual_review_run5\\review_pages\\strongest_uncertain_previews\\strongest_uncertain_008_S1C_IW_GRDH_1SDV_20260804T021408_20260804T021438_r7168_c25088_uncertain.png"
      }
    },
    {
      "type": "Feature",
      "geometry": {
        "type": "Point",
        "coordinates": [
          56.762451550389216,
          27.194930535596928
        ]
      },
      "properties": {
        "tile": "D:\\SIHwork_2026\\data\\new_sar_case_study\\tiles_npz_run5_balanced3500\\S1D_20260805T020639_preprocessed_r2560_c6144_uncertain.npz",
        "tile_name": "S1D_20260805T020639_preprocessed_r2560_c6144_uncertain.npz",
        "scene": "S1D_IW_GRDH_1SDV_20260805T020614_20260805T020639_003984_0073C1_55A6_preprocessed_after_c_cleanup_xmx4",
        "acquisition_date": "2026-08-05",
        "acquisition_time": "02:06:14",
        "left": "473912.3208254428",
        "bottom": "3005488.1820285493",
        "right": "479032.3208254428",
        "top": "3010608.1820285493",
        "center_x": "476472.3208254428",
        "center_y": "3008048.1820285493",
        "crs": "EPSG:32640",
        "label": "uncertain",
        "old_cnn_score": 0.769294261932373,
        "old_unet_p95": 0.1853564828634262,
        "old_candidate_pixel_count": 512.0,
        "old_fusion_score": 0.8898238887333579,
        "old_rank": 401.0,
        "new_cnn_score": 0.7211226224899292,
        "new_unet_p95": 0.1945999264717102,
        "new_candidate_pixel_count": 114.0,
        "new_fusion_score": 0.6658582677385945,
        "new_rank": 332.0,
        "score_delta": -0.22396562099476347,
        "rank_delta": 69.0,
        "unet_p95_delta": 0.009243443608283997,
        "candidate_pixel_delta": -398.0,
        "abs_candidate_pixel_delta": 398.0,
        "category": "qeshm_hengam_context_priority",
        "external_context_zone": "qeshm_hengam_context_priority",
        "review_recommendation": "context-priority manual review; model output remains candidate support only",
        "edge_mask_fraction": 0.011549566891241578,
        "no_data_fraction": 0.002872467041015625,
        "bright_scatterer_fraction": 0.07940327237728585,
        "combined_dark_pixels": 238,
        "dark_component_count": 6,
        "largest_dark_component_pixels": 206,
        "largest_dark_component_elongation": 9.333333333333334,
        "dark_component_coherence_fraction": 0.865546218487395,
        "old_mask_component_count": 6,
        "new_mask_component_count": 5,
        "old_largest_mask_component_pixels": 1957,
        "new_largest_mask_component_pixels": 358,
        "edge_dominated": false,
        "bright_scatterer_dominated": false,
        "mostly_scattered_speckle": false,
        "coherent_dark_region_after_denoise": true,
        "unet_masks_not_just_speckle": true,
        "spatial_cluster_id": "slick_cluster_016",
        "nearby_candidate_cluster_size": 2,
        "inside_qeshm_hengam_context": true,
        "near_qeshm_hengam_context": true,
        "distance_to_qeshm_hengam_context_km": 0.0,
        "spatial_review_label": "uncertain",
        "approval_recommendation": "needs human visual review before any training use",
        "reason": "mixed evidence: some model/context priority, but spatial or denoised-mask evidence is not strong enough for probable-positive recommendation",
        "review_rank": 9,
        "preview_png": "D:\\SIHwork_2026\\data\\new_sar_case_study\\qgis_spatial_manual_review_run5\\review_pages\\strongest_uncertain_previews\\strongest_uncertain_009_S1D_20260805T020639_preprocessed_r2560_c6144_uncertain.png"
      }
    },
    {
      "type": "Feature",
      "geometry": {
        "type": "Point",
        "coordinates": [
          55.80910647929833,
          27.071291094735024
        ]
      },
      "properties": {
        "tile": "D:\\SIHwork_2026\\data\\new_sar_case_study\\tiles_npz_run5_balanced3500\\S1D_20260810T021454_preprocessed_r3584_c17408_uncertain.npz",
        "tile_name": "S1D_20260810T021454_preprocessed_r3584_c17408_uncertain.npz",
        "scene": "S1D_IW_GRDH_1SDV_20260810T021429_20260810T021454_004057_00763F_AFC5_preprocessed_extracted_xmx4",
        "acquisition_date": "2026-08-10",
        "acquisition_time": "02:14:29",
        "left": "379354.85972424183",
        "bottom": "2992329.977188905",
        "right": "384474.85972424183",
        "top": "2997449.977188905",
        "center_x": "381914.85972424183",
        "center_y": "2994889.977188905",
        "crs": "EPSG:32640",
        "label": "uncertain",
        "old_cnn_score": 0.5786380171775818,
        "old_unet_p95": 0.19139447808265686,
        "old_candidate_pixel_count": 2551.0,
        "old_fusion_score": 0.8687783276355536,
        "old_rank": 428.0,
        "new_cnn_score": 0.4865250885486603,
        "new_unet_p95": 0.19146513938903809,
        "new_candidate_pixel_count": 802.0,
        "new_fusion_score": 0.6230375904955522,
        "new_rank": 414.0,
        "score_delta": -0.24574073714000144,
        "rank_delta": 14.0,
        "unet_p95_delta": 7.066130638122559e-05,
        "candidate_pixel_delta": -1749.0,
        "abs_candidate_pixel_delta": 1749.0,
        "category": "qeshm_hengam_context_priority",
        "external_context_zone": "qeshm_hengam_context_priority",
        "review_recommendation": "context-priority manual review; model output remains candidate support only",
        "edge_mask_fraction": 0.15220997170455655,
        "no_data_fraction": 0.001708984375,
        "bright_scatterer_fraction": 0.005854229680944482,
        "combined_dark_pixels": 416,
        "dark_component_count": 24,
        "largest_dark_component_pixels": 236,
        "largest_dark_component_elongation": 2.2941176470588234,
        "dark_component_coherence_fraction": 0.5673076923076923,
        "old_mask_component_count": 42,
        "new_mask_component_count": 37,
        "old_largest_mask_component_pixels": 2688,
        "new_largest_mask_component_pixels": 1199,
        "edge_dominated": false,
        "bright_scatterer_dominated": false,
        "mostly_scattered_speckle": false,
        "coherent_dark_region_after_denoise": true,
        "unet_masks_not_just_speckle": true,
        "spatial_cluster_id": "slick_cluster_018",
        "nearby_candidate_cluster_size": 2,
        "inside_qeshm_hengam_context": true,
        "near_qeshm_hengam_context": true,
        "distance_to_qeshm_hengam_context_km": 0.0,
        "spatial_review_label": "uncertain",
        "approval_recommendation": "needs human visual review before any training use",
        "reason": "mixed evidence: some model/context priority, but spatial or denoised-mask evidence is not strong enough for probable-positive recommendation",
        "review_rank": 10,
        "preview_png": "D:\\SIHwork_2026\\data\\new_sar_case_study\\qgis_spatial_manual_review_run5\\review_pages\\strongest_uncertain_previews\\strongest_uncertain_010_S1D_20260810T021454_preprocessed_r3584_c17408_uncertain.png"
      }
    },
    {
      "type": "Feature",
      "geometry": {
        "type": "Point",
        "coordinates": [
          55.808617475762354,
          27.117506851973598
        ]
      },
      "properties": {
        "tile": "D:\\SIHwork_2026\\data\\new_sar_case_study\\tiles_npz_run5_balanced3500\\S1D_20260810T021454_preprocessed_r3072_c17408_uncertain.npz",
        "tile_name": "S1D_20260810T021454_preprocessed_r3072_c17408_uncertain.npz",
        "scene": "S1D_IW_GRDH_1SDV_20260810T021429_20260810T021454_004057_00763F_AFC5_preprocessed_extracted_xmx4",
        "acquisition_date": "2026-08-10",
        "acquisition_time": "02:14:29",
        "left": "379354.85972424183",
        "bottom": "2997449.977188905",
        "right": "384474.85972424183",
        "top": "3002569.977188905",
        "center_x": "381914.85972424183",
        "center_y": "3000009.977188905",
        "crs": "EPSG:32640",
        "label": "uncertain",
        "old_cnn_score": 0.6326459646224976,
        "old_unet_p95": 0.1838059425354004,
        "old_candidate_pixel_count": 1644.0,
        "old_fusion_score": 0.8611413080401616,
        "old_rank": 436.0,
        "new_cnn_score": 0.4766353666782379,
        "new_unet_p95": 0.19039848446846008,
        "new_candidate_pixel_count": 654.0,
        "new_fusion_score": 0.5884848721118099,
        "new_rank": 543.0,
        "score_delta": -0.27265643592835176,
        "rank_delta": -107.0,
        "unet_p95_delta": 0.006592541933059692,
        "candidate_pixel_delta": -990.0,
        "abs_candidate_pixel_delta": 990.0,
        "category": "qeshm_hengam_context_priority",
        "external_context_zone": "qeshm_hengam_context_priority",
        "review_recommendation": "context-priority manual review; model output remains candidate support only",
        "edge_mask_fraction": 0.24504913076341647,
        "no_data_fraction": 0.00299072265625,
        "bright_scatterer_fraction": 0.0,
        "combined_dark_pixels": 471,
        "dark_component_count": 12,
        "largest_dark_component_pixels": 270,
        "largest_dark_component_elongation": 1.736842105263158,
        "dark_component_coherence_fraction": 0.5732484076433121,
        "old_mask_component_count": 13,
        "new_mask_component_count": 16,
        "old_largest_mask_component_pixels": 3861,
        "new_largest_mask_component_pixels": 2028,
        "edge_dominated": false,
        "bright_scatterer_dominated": false,
        "mostly_scattered_speckle": false,
        "coherent_dark_region_after_denoise": true,
        "unet_masks_not_just_speckle": true,
        "spatial_cluster_id": "slick_cluster_018",
        "nearby_candidate_cluster_size": 2,
        "inside_qeshm_hengam_context": true,
        "near_qeshm_hengam_context": true,
        "distance_to_qeshm_hengam_context_km": 0.0,
        "spatial_review_label": "uncertain",
        "approval_recommendation": "needs human visual review before any training use",
        "reason": "mixed evidence: some model/context priority, but spatial or denoised-mask evidence is not strong enough for probable-positive recommendation",
        "review_rank": 11,
        "preview_png": "D:\\SIHwork_2026\\data\\new_sar_case_study\\qgis_spatial_manual_review_run5\\review_pages\\strongest_uncertain_previews\\strongest_uncertain_011_S1D_20260810T021454_preprocessed_r3072_c17408_uncertain.png"
      }
    },
    {
      "type": "Feature",
      "geometry": {
        "type": "Point",
        "coordinates": [
          56.710876808845754,
          27.148608730485254
        ]
      },
      "properties": {
        "tile": "D:\\SIHwork_2026\\data\\new_sar_case_study\\tiles_npz_run5_balanced3500\\S1D_20260805T020639_preprocessed_r3072_c5632_uncertain.npz",
        "tile_name": "S1D_20260805T020639_preprocessed_r3072_c5632_uncertain.npz",
        "scene": "S1D_IW_GRDH_1SDV_20260805T020614_20260805T020639_003984_0073C1_55A6_preprocessed_after_c_cleanup_xmx4",
        "acquisition_date": "2026-08-05",
        "acquisition_time": "02:06:14",
        "left": "468792.3208254428",
        "bottom": "3000368.1820285493",
        "right": "473912.3208254428",
        "top": "3005488.1820285493",
        "center_x": "471352.3208254428",
        "center_y": "3002928.1820285493",
        "crs": "EPSG:32640",
        "label": "uncertain",
        "old_cnn_score": 0.6193634867668152,
        "old_unet_p95": 0.18821993470191956,
        "old_candidate_pixel_count": 296.0,
        "old_fusion_score": 0.663755678039393,
        "old_rank": 740.0,
        "new_cnn_score": 0.5662458539009094,
        "new_unet_p95": 0.19708611071109772,
        "new_candidate_pixel_count": 189.0,
        "new_fusion_score": 0.5855636523755076,
        "new_rank": 555.0,
        "score_delta": -0.07819202566388539,
        "rank_delta": 185.0,
        "unet_p95_delta": 0.008866176009178162,
        "candidate_pixel_delta": -107.0,
        "abs_candidate_pixel_delta": 107.0,
        "category": "qeshm_hengam_context_priority",
        "external_context_zone": "qeshm_hengam_context_priority",
        "review_recommendation": "context-priority manual review; model output remains candidate support only",
        "edge_mask_fraction": 0.3556782334384858,
        "no_data_fraction": 0.002429962158203125,
        "bright_scatterer_fraction": 0.0,
        "combined_dark_pixels": 452,
        "dark_component_count": 7,
        "largest_dark_component_pixels": 327,
        "largest_dark_component_elongation": 5.090909090909091,
        "dark_component_coherence_fraction": 0.7234513274336283,
        "old_mask_component_count": 12,
        "new_mask_component_count": 14,
        "old_largest_mask_component_pixels": 917,
        "new_largest_mask_component_pixels": 351,
        "edge_dominated": false,
        "bright_scatterer_dominated": false,
        "mostly_scattered_speckle": false,
        "coherent_dark_region_after_denoise": true,
        "unet_masks_not_just_speckle": true,
        "spatial_cluster_id": "slick_cluster_016",
        "nearby_candidate_cluster_size": 2,
        "inside_qeshm_hengam_context": true,
        "near_qeshm_hengam_context": true,
        "distance_to_qeshm_hengam_context_km": 0.0,
        "spatial_review_label": "uncertain",
        "approval_recommendation": "needs human visual review before any training use",
        "reason": "mixed evidence: some model/context priority, but spatial or denoised-mask evidence is not strong enough for probable-positive recommendation",
        "review_rank": 12,
        "preview_png": "D:\\SIHwork_2026\\data\\new_sar_case_study\\qgis_spatial_manual_review_run5\\review_pages\\strongest_uncertain_previews\\strongest_uncertain_012_S1D_20260805T020639_preprocessed_r3072_c5632_uncertain.png"
      }
    },
    {
      "type": "Feature",
      "geometry": {
        "type": "Point",
        "coordinates": [
          57.12390614406123,
          26.825266810573154
        ]
      },
      "properties": {
        "tile": "D:\\SIHwork_2026\\data\\new_sar_case_study\\tiles_npz_run5_balanced3500\\S1D_20260805T020639_preprocessed_r6656_c9728_uncertain.npz",
        "tile_name": "S1D_20260805T020639_preprocessed_r6656_c9728_uncertain.npz",
        "scene": "S1D_IW_GRDH_1SDV_20260805T020614_20260805T020639_003984_0073C1_55A6_preprocessed_after_c_cleanup_xmx4",
        "acquisition_date": "2026-08-05",
        "acquisition_time": "02:06:14",
        "left": "509752.3208254428",
        "bottom": "2964528.1820285493",
        "right": "514872.3208254428",
        "top": "2969648.1820285493",
        "center_x": "512312.3208254428",
        "center_y": "2967088.1820285493",
        "crs": "EPSG:32640",
        "label": "uncertain",
        "old_cnn_score": 0.8181489706039429,
        "old_unet_p95": 0.1892894059419632,
        "old_candidate_pixel_count": 2072.0,
        "old_fusion_score": 1.182680374814281,
        "old_rank": 193.0,
        "new_cnn_score": 0.7579116225242615,
        "new_unet_p95": 0.19695590436458588,
        "new_candidate_pixel_count": 1076.0,
        "new_fusion_score": 1.0422294791775848,
        "new_rank": 38.0,
        "score_delta": -0.1404508956366961,
        "rank_delta": 155.0,
        "unet_p95_delta": 0.007666498422622681,
        "candidate_pixel_delta": -996.0,
        "abs_candidate_pixel_delta": 996.0,
        "category": "both_high",
        "external_context_zone": "outside_qeshm_hengam_priority_box",
        "review_recommendation": "manual review priority because both model versions rank the tile highly",
        "edge_mask_fraction": 0.29537819993049924,
        "no_data_fraction": 0.008449554443359375,
        "bright_scatterer_fraction": 0.11421290397312638,
        "combined_dark_pixels": 417,
        "dark_component_count": 26,
        "largest_dark_component_pixels": 178,
        "largest_dark_component_elongation": 5.666666666666667,
        "dark_component_coherence_fraction": 0.42685851318944845,
        "old_mask_component_count": 24,
        "new_mask_component_count": 40,
        "old_largest_mask_component_pixels": 6324,
        "new_largest_mask_component_pixels": 2204,
        "edge_dominated": false,
        "bright_scatterer_dominated": false,
        "mostly_scattered_speckle": false,
        "coherent_dark_region_after_denoise": true,
        "unet_masks_not_just_speckle": true,
        "spatial_cluster_id": "",
        "nearby_candidate_cluster_size": 1,
        "inside_qeshm_hengam_context": false,
        "near_qeshm_hengam_context": true,
        "distance_to_qeshm_hengam_context_km": 17.226263684238003,
        "spatial_review_label": "uncertain",
        "approval_recommendation": "needs human visual review before any training use",
        "reason": "mixed evidence: some model/context priority, but spatial or denoised-mask evidence is not strong enough for probable-positive recommendation",
        "review_rank": 13,
        "preview_png": ""
      }
    },
    {
      "type": "Feature",
      "geometry": {
        "type": "Point",
        "coordinates": [
          56.86638654446447,
          26.732802418851307
        ]
      },
      "properties": {
        "tile": "D:\\SIHwork_2026\\data\\new_sar_case_study\\tiles_npz_run5_balanced3500\\S1D_20260805T020639_preprocessed_r7680_c7168_uncertain.npz",
        "tile_name": "S1D_20260805T020639_preprocessed_r7680_c7168_uncertain.npz",
        "scene": "S1D_IW_GRDH_1SDV_20260805T020614_20260805T020639_003984_0073C1_55A6_preprocessed_after_c_cleanup_xmx4",
        "acquisition_date": "2026-08-05",
        "acquisition_time": "02:06:14",
        "left": "484152.3208254428",
        "bottom": "2954288.1820285493",
        "right": "489272.3208254428",
        "top": "2959408.1820285493",
        "center_x": "486712.3208254428",
        "center_y": "2956848.1820285493",
        "crs": "EPSG:32640",
        "label": "uncertain",
        "old_cnn_score": 0.9114856123924255,
        "old_unet_p95": 0.19871363043785095,
        "old_candidate_pixel_count": 3121.0,
        "old_fusion_score": 1.4573701491830342,
        "old_rank": 105.0,
        "new_cnn_score": 0.8158445358276367,
        "new_unet_p95": 0.18190433084964752,
        "new_candidate_pixel_count": 899.0,
        "new_fusion_score": 1.0095138461142579,
        "new_rank": 55.0,
        "score_delta": -0.44785630306877633,
        "rank_delta": 50.0,
        "unet_p95_delta": -0.01680929958820343,
        "candidate_pixel_delta": -2222.0,
        "abs_candidate_pixel_delta": 2222.0,
        "category": "both_high;qeshm_hengam_context_priority",
        "external_context_zone": "qeshm_hengam_context_priority",
        "review_recommendation": "highest manual review priority: both model versions rank high inside Qeshm/Hengam context zone",
        "edge_mask_fraction": 0.11602990033222592,
        "no_data_fraction": 0.00048065185546875,
        "bright_scatterer_fraction": 0.10514950166112957,
        "combined_dark_pixels": 706,
        "dark_component_count": 34,
        "largest_dark_component_pixels": 179,
        "largest_dark_component_elongation": 2.6666666666666665,
        "dark_component_coherence_fraction": 0.2535410764872521,
        "old_mask_component_count": 106,
        "new_mask_component_count": 43,
        "old_largest_mask_component_pixels": 3729,
        "new_largest_mask_component_pixels": 768,
        "edge_dominated": false,
        "bright_scatterer_dominated": false,
        "mostly_scattered_speckle": false,
        "coherent_dark_region_after_denoise": true,
        "unet_masks_not_just_speckle": true,
        "spatial_cluster_id": "",
        "nearby_candidate_cluster_size": 1,
        "inside_qeshm_hengam_context": true,
        "near_qeshm_hengam_context": true,
        "distance_to_qeshm_hengam_context_km": 0.0,
        "spatial_review_label": "uncertain",
        "approval_recommendation": "needs human visual review before any training use",
        "reason": "mixed evidence: some model/context priority, but spatial or denoised-mask evidence is not strong enough for probable-positive recommendation",
        "review_rank": 14,
        "preview_png": "D:\\SIHwork_2026\\data\\new_sar_case_study\\qgis_spatial_manual_review_run5\\review_pages\\strongest_uncertain_previews\\strongest_uncertain_014_S1D_20260805T020639_preprocessed_r7680_c7168_uncertain.png"
      }
    },
    {
      "type": "Feature",
      "geometry": {
        "type": "Point",
        "coordinates": [
          55.62339507170382,
          26.755676089596694
        ]
      },
      "properties": {
        "tile": "D:\\SIHwork_2026\\data\\new_sar_case_study\\tiles_npz_run5_balanced3500\\S1C_20260808T141633_preprocessed_r9728_c1536_uncertain.npz",
        "tile_name": "S1C_20260808T141633_preprocessed_r9728_c1536_uncertain.npz",
        "scene": "S1C_IW_GRDH_1SDV_20260808T141614_20260808T141633_008905_011A9E_BE01_preprocessed_extracted_xmx4",
        "acquisition_date": "2026-08-08",
        "acquisition_time": "14:16:14",
        "left": "360558.061760937",
        "bottom": "2957554.963305102",
        "right": "365678.061760937",
        "top": "2962674.963305102",
        "center_x": "363118.061760937",
        "center_y": "2960114.963305102",
        "crs": "EPSG:32640",
        "label": "uncertain",
        "old_cnn_score": 0.5911533832550049,
        "old_unet_p95": 0.19755887985229492,
        "old_candidate_pixel_count": 3109.0,
        "old_fusion_score": 0.9392500272601858,
        "old_rank": 339.0,
        "new_cnn_score": 0.5780453681945801,
        "new_unet_p95": 0.19553691148757935,
        "new_candidate_pixel_count": 2180.0,
        "new_fusion_score": 0.8689164028108437,
        "new_rank": 127.0,
        "score_delta": -0.0703336244493421,
        "rank_delta": 212.0,
        "unet_p95_delta": -0.002021968364715576,
        "candidate_pixel_delta": -929.0,
        "abs_candidate_pixel_delta": 929.0,
        "category": "qeshm_hengam_context_priority",
        "external_context_zone": "qeshm_hengam_context_priority",
        "review_recommendation": "context-priority manual review; model output remains candidate support only",
        "edge_mask_fraction": 0.07327063106796117,
        "no_data_fraction": 0.00067138671875,
        "bright_scatterer_fraction": 0.0004550970873786408,
        "combined_dark_pixels": 2237,
        "dark_component_count": 14,
        "largest_dark_component_pixels": 842,
        "largest_dark_component_elongation": 1.5,
        "dark_component_coherence_fraction": 0.3763969602145731,
        "old_mask_component_count": 16,
        "new_mask_component_count": 23,
        "old_largest_mask_component_pixels": 6526,
        "new_largest_mask_component_pixels": 4104,
        "edge_dominated": false,
        "bright_scatterer_dominated": false,
        "mostly_scattered_speckle": false,
        "coherent_dark_region_after_denoise": true,
        "unet_masks_not_just_speckle": true,
        "spatial_cluster_id": "",
        "nearby_candidate_cluster_size": 1,
        "inside_qeshm_hengam_context": true,
        "near_qeshm_hengam_context": true,
        "distance_to_qeshm_hengam_context_km": 0.0,
        "spatial_review_label": "uncertain",
        "approval_recommendation": "needs human visual review before any training use",
        "reason": "mixed evidence: some model/context priority, but spatial or denoised-mask evidence is not strong enough for probable-positive recommendation",
        "review_rank": 15,
        "preview_png": "D:\\SIHwork_2026\\data\\new_sar_case_study\\qgis_spatial_manual_review_run5\\review_pages\\strongest_uncertain_previews\\strongest_uncertain_015_S1C_20260808T141633_preprocessed_r9728_c1536_uncertain.png"
      }
    },
    {
      "type": "Feature",
      "geometry": {
        "type": "Point",
        "coordinates": [
          55.82549629319566,
          27.12726298386791
        ]
      },
      "properties": {
        "tile": "D:\\SIHwork_2026\\data\\new_sar_case_study\\tiles_npz_run5_balanced3500\\S1C_20260808T141633_preprocessed_r5632_c3584_uncertain.npz",
        "tile_name": "S1C_20260808T141633_preprocessed_r5632_c3584_uncertain.npz",
        "scene": "S1C_IW_GRDH_1SDV_20260808T141614_20260808T141633_008905_011A9E_BE01_preprocessed_extracted_xmx4",
        "acquisition_date": "2026-08-08",
        "acquisition_time": "14:16:14",
        "left": "381038.061760937",
        "bottom": "2998514.963305102",
        "right": "386158.061760937",
        "top": "3003634.963305102",
        "center_x": "383598.061760937",
        "center_y": "3001074.963305102",
        "crs": "EPSG:32640",
        "label": "uncertain",
        "old_cnn_score": 0.711789608001709,
        "old_unet_p95": 0.20296098291873932,
        "old_candidate_pixel_count": 3500.0,
        "old_fusion_score": 1.178954769583913,
        "old_rank": 194.0,
        "new_cnn_score": 0.569615364074707,
        "new_unet_p95": 0.19069594144821167,
        "new_candidate_pixel_count": 1926.0,
        "new_fusion_score": 0.8215964789537279,
        "new_rank": 155.0,
        "score_delta": -0.3573582906301852,
        "rank_delta": 39.0,
        "unet_p95_delta": -0.012265041470527649,
        "candidate_pixel_delta": -1574.0,
        "abs_candidate_pixel_delta": 1574.0,
        "category": "both_high;qeshm_hengam_context_priority",
        "external_context_zone": "qeshm_hengam_context_priority",
        "review_recommendation": "highest manual review priority: both model versions rank high inside Qeshm/Hengam context zone",
        "edge_mask_fraction": 0.1003706871970345,
        "no_data_fraction": 0.001529693603515625,
        "bright_scatterer_fraction": 0.0036355859709153123,
        "combined_dark_pixels": 738,
        "dark_component_count": 29,
        "largest_dark_component_pixels": 134,
        "largest_dark_component_elongation": 1.5909090909090908,
        "dark_component_coherence_fraction": 0.18157181571815717,
        "old_mask_component_count": 41,
        "new_mask_component_count": 45,
        "old_largest_mask_component_pixels": 7194,
        "new_largest_mask_component_pixels": 3021,
        "edge_dominated": false,
        "bright_scatterer_dominated": false,
        "mostly_scattered_speckle": false,
        "coherent_dark_region_after_denoise": true,
        "unet_masks_not_just_speckle": true,
        "spatial_cluster_id": "",
        "nearby_candidate_cluster_size": 1,
        "inside_qeshm_hengam_context": true,
        "near_qeshm_hengam_context": true,
        "distance_to_qeshm_hengam_context_km": 0.0,
        "spatial_review_label": "uncertain",
        "approval_recommendation": "needs human visual review before any training use",
        "reason": "mixed evidence: some model/context priority, but spatial or denoised-mask evidence is not strong enough for probable-positive recommendation",
        "review_rank": 16,
        "preview_png": "D:\\SIHwork_2026\\data\\new_sar_case_study\\qgis_spatial_manual_review_run5\\review_pages\\strongest_uncertain_previews\\strongest_uncertain_016_S1C_20260808T141633_preprocessed_r5632_c3584_uncertain.png"
      }
    },
    {
      "type": "Feature",
      "geometry": {
        "type": "Point",
        "coordinates": [
          56.80704236479429,
          27.13204230017881
        ]
      },
      "properties": {
        "tile": "D:\\SIHwork_2026\\data\\new_sar_case_study\\tiles_npz_run5_balanced3500\\S1C_20260808T141633_preprocessed_r5632_c13312_uncertain.npz",
        "tile_name": "S1C_20260808T141633_preprocessed_r5632_c13312_uncertain.npz",
        "scene": "S1C_IW_GRDH_1SDV_20260808T141614_20260808T141633_008905_011A9E_BE01_preprocessed_extracted_xmx4",
        "acquisition_date": "2026-08-08",
        "acquisition_time": "14:16:14",
        "left": "478318.061760937",
        "bottom": "2998514.963305102",
        "right": "483438.061760937",
        "top": "3003634.963305102",
        "center_x": "480878.061760937",
        "center_y": "3001074.963305102",
        "crs": "EPSG:32640",
        "label": "uncertain",
        "old_cnn_score": 0.6761736869812012,
        "old_unet_p95": 0.18871143460273743,
        "old_candidate_pixel_count": 1312.0,
        "old_fusion_score": 0.9161891688281436,
        "old_rank": 365.0,
        "new_cnn_score": 0.6415296196937561,
        "new_unet_p95": 0.19648265838623047,
        "new_candidate_pixel_count": 651.0,
        "new_fusion_score": 0.816806021324997,
        "new_rank": 158.0,
        "score_delta": -0.09938314750314658,
        "rank_delta": 207.0,
        "unet_p95_delta": 0.007771223783493042,
        "candidate_pixel_delta": -661.0,
        "abs_candidate_pixel_delta": 661.0,
        "category": "qeshm_hengam_context_priority",
        "external_context_zone": "qeshm_hengam_context_priority",
        "review_recommendation": "context-priority manual review; model output remains candidate support only",
        "edge_mask_fraction": 0.057828188917813314,
        "no_data_fraction": 0.00312042236328125,
        "bright_scatterer_fraction": 0.011528449237634809,
        "combined_dark_pixels": 312,
        "dark_component_count": 5,
        "largest_dark_component_pixels": 182,
        "largest_dark_component_elongation": 6.571428571428571,
        "dark_component_coherence_fraction": 0.5833333333333334,
        "old_mask_component_count": 16,
        "new_mask_component_count": 39,
        "old_largest_mask_component_pixels": 3256,
        "new_largest_mask_component_pixels": 690,
        "edge_dominated": false,
        "bright_scatterer_dominated": false,
        "mostly_scattered_speckle": false,
        "coherent_dark_region_after_denoise": true,
        "unet_masks_not_just_speckle": true,
        "spatial_cluster_id": "",
        "nearby_candidate_cluster_size": 1,
        "inside_qeshm_hengam_context": true,
        "near_qeshm_hengam_context": true,
        "distance_to_qeshm_hengam_context_km": 0.0,
        "spatial_review_label": "uncertain",
        "approval_recommendation": "needs human visual review before any training use",
        "reason": "mixed evidence: some model/context priority, but spatial or denoised-mask evidence is not strong enough for probable-positive recommendation",
        "review_rank": 17,
        "preview_png": "D:\\SIHwork_2026\\data\\new_sar_case_study\\qgis_spatial_manual_review_run5\\review_pages\\strongest_uncertain_previews\\strongest_uncertain_017_S1C_20260808T141633_preprocessed_r5632_c13312_uncertain.png"
      }
    },
    {
      "type": "Feature",
      "geometry": {
        "type": "Point",
        "coordinates": [
          56.50997817370441,
          27.183877299643292
        ]
      },
      "properties": {
        "tile": "D:\\SIHwork_2026\\data\\new_sar_case_study\\tiles_npz_run5_balanced3500\\S1C_IW_GRDH_1SDV_20260804T021408_20260804T021438_r6656_c23552_uncertain.npz",
        "tile_name": "S1C_IW_GRDH_1SDV_20260804T021408_20260804T021438_r6656_c23552_uncertain.npz",
        "scene": "S1C_IW_GRDH_1SDV_20260804T021408_20260804T021438_008839_01188E_BC5E",
        "acquisition_date": "2026-08-04",
        "acquisition_time": "02:14:08",
        "left": "448901.37147003977",
        "bottom": "3004336.4374795803",
        "right": "454021.37147003977",
        "top": "3009456.4374795803",
        "center_x": "451461.37147003977",
        "center_y": "3006896.4374795803",
        "crs": "EPSG:32640",
        "label": "uncertain",
        "old_cnn_score": 0.608070433139801,
        "old_unet_p95": 0.2007063627243042,
        "old_candidate_pixel_count": 3337.0,
        "old_fusion_score": 0.9901552789383514,
        "old_rank": 300.0,
        "new_cnn_score": 0.5897902250289917,
        "new_unet_p95": 0.19585096836090088,
        "new_candidate_pixel_count": 824.0,
        "new_fusion_score": 0.7757005610358679,
        "new_rank": 203.0,
        "score_delta": -0.2144547179024835,
        "rank_delta": 97.0,
        "unet_p95_delta": -0.00485539436340332,
        "candidate_pixel_delta": -2513.0,
        "abs_candidate_pixel_delta": 2513.0,
        "category": "qeshm_hengam_context_priority",
        "external_context_zone": "qeshm_hengam_context_priority",
        "review_recommendation": "context-priority manual review; model output remains candidate support only",
        "edge_mask_fraction": 0.28740359897172235,
        "no_data_fraction": 0.002666473388671875,
        "bright_scatterer_fraction": 0.0024237972824091075,
        "combined_dark_pixels": 228,
        "dark_component_count": 11,
        "largest_dark_component_pixels": 131,
        "largest_dark_component_elongation": 131.0,
        "dark_component_coherence_fraction": 0.5745614035087719,
        "old_mask_component_count": 37,
        "new_mask_component_count": 50,
        "old_largest_mask_component_pixels": 3802,
        "new_largest_mask_component_pixels": 521,
        "edge_dominated": false,
        "bright_scatterer_dominated": false,
        "mostly_scattered_speckle": false,
        "coherent_dark_region_after_denoise": true,
        "unet_masks_not_just_speckle": true,
        "spatial_cluster_id": "",
        "nearby_candidate_cluster_size": 1,
        "inside_qeshm_hengam_context": true,
        "near_qeshm_hengam_context": true,
        "distance_to_qeshm_hengam_context_km": 0.0,
        "spatial_review_label": "uncertain",
        "approval_recommendation": "needs human visual review before any training use",
        "reason": "mixed evidence: some model/context priority, but spatial or denoised-mask evidence is not strong enough for probable-positive recommendation",
        "review_rank": 18,
        "preview_png": "D:\\SIHwork_2026\\data\\new_sar_case_study\\qgis_spatial_manual_review_run5\\review_pages\\strongest_uncertain_previews\\strongest_uncertain_018_S1C_IW_GRDH_1SDV_20260804T021408_20260804T021438_r6656_c23552_uncertain.png"
      }
    },
    {
      "type": "Feature",
      "geometry": {
        "type": "Point",
        "coordinates": [
          56.504799760616805,
          27.009358348116688
        ]
      },
      "properties": {
        "tile": "D:\\SIHwork_2026\\data\\new_sar_case_study\\tiles_npz_run5_balanced3500\\S1D_20260805T020639_preprocessed_r4608_c3584_uncertain.npz",
        "tile_name": "S1D_20260805T020639_preprocessed_r4608_c3584_uncertain.npz",
        "scene": "S1D_IW_GRDH_1SDV_20260805T020614_20260805T020639_003984_0073C1_55A6_preprocessed_after_c_cleanup_xmx4",
        "acquisition_date": "2026-08-05",
        "acquisition_time": "02:06:14",
        "left": "448312.3208254428",
        "bottom": "2985008.1820285493",
        "right": "453432.3208254428",
        "top": "2990128.1820285493",
        "center_x": "450872.3208254428",
        "center_y": "2987568.1820285493",
        "crs": "EPSG:32640",
        "label": "uncertain",
        "old_cnn_score": 0.7356425523757935,
        "old_unet_p95": 0.19726651906967163,
        "old_candidate_pixel_count": 3006.0,
        "old_fusion_score": 1.1622034245297885,
        "old_rank": 204.0,
        "new_cnn_score": 0.4637715518474579,
        "new_unet_p95": 0.1765204221010208,
        "new_candidate_pixel_count": 792.0,
        "new_fusion_score": 0.5465172700171741,
        "new_rank": 649.0,
        "score_delta": -0.6156861545126144,
        "rank_delta": -445.0,
        "unet_p95_delta": -0.020746096968650818,
        "candidate_pixel_delta": -2214.0,
        "abs_candidate_pixel_delta": 2214.0,
        "category": "qeshm_hengam_context_priority",
        "external_context_zone": "qeshm_hengam_context_priority",
        "review_recommendation": "context-priority manual review; model output remains candidate support only",
        "edge_mask_fraction": 0.17268151181639793,
        "no_data_fraction": 0.000560760498046875,
        "bright_scatterer_fraction": 0.013394761539117823,
        "combined_dark_pixels": 1907,
        "dark_component_count": 70,
        "largest_dark_component_pixels": 498,
        "largest_dark_component_elongation": 1.4814814814814814,
        "dark_component_coherence_fraction": 0.2611431567907708,
        "old_mask_component_count": 86,
        "new_mask_component_count": 47,
        "old_largest_mask_component_pixels": 2687,
        "new_largest_mask_component_pixels": 841,
        "edge_dominated": false,
        "bright_scatterer_dominated": false,
        "mostly_scattered_speckle": false,
        "coherent_dark_region_after_denoise": true,
        "unet_masks_not_just_speckle": true,
        "spatial_cluster_id": "",
        "nearby_candidate_cluster_size": 1,
        "inside_qeshm_hengam_context": true,
        "near_qeshm_hengam_context": true,
        "distance_to_qeshm_hengam_context_km": 0.0,
        "spatial_review_label": "uncertain",
        "approval_recommendation": "needs human visual review before any training use",
        "reason": "mixed evidence: some model/context priority, but spatial or denoised-mask evidence is not strong enough for probable-positive recommendation",
        "review_rank": 19,
        "preview_png": "D:\\SIHwork_2026\\data\\new_sar_case_study\\qgis_spatial_manual_review_run5\\review_pages\\strongest_uncertain_previews\\strongest_uncertain_019_S1D_20260805T020639_preprocessed_r4608_c3584_uncertain.png"
      }
    },
    {
      "type": "Feature",
      "geometry": {
        "type": "Point",
        "coordinates": [
          55.706915009766654,
          26.977949907835338
        ]
      },
      "properties": {
        "tile": "D:\\SIHwork_2026\\data\\new_sar_case_study\\tiles_npz_run5_balanced3500\\S1D_20260810T021454_preprocessed_r4608_c16384_uncertain.npz",
        "tile_name": "S1D_20260810T021454_preprocessed_r4608_c16384_uncertain.npz",
        "scene": "S1D_IW_GRDH_1SDV_20260810T021429_20260810T021454_004057_00763F_AFC5_preprocessed_extracted_xmx4",
        "acquisition_date": "2026-08-10",
        "acquisition_time": "02:14:29",
        "left": "369114.85972424183",
        "bottom": "2982089.977188905",
        "right": "374234.85972424183",
        "top": "2987209.977188905",
        "center_x": "371674.85972424183",
        "center_y": "2984649.977188905",
        "crs": "EPSG:32640",
        "label": "uncertain",
        "old_cnn_score": 0.5874712467193604,
        "old_unet_p95": 0.19013994932174683,
        "old_candidate_pixel_count": 2222.0,
        "old_fusion_score": 0.8608421727926228,
        "old_rank": 438.0,
        "new_cnn_score": 0.5687324404716492,
        "new_unet_p95": 0.19566980004310608,
        "new_candidate_pixel_count": 913.0,
        "new_fusion_score": 0.7587138408409505,
        "new_rank": 228.0,
        "score_delta": -0.10212833195167226,
        "rank_delta": 210.0,
        "unet_p95_delta": 0.005529850721359253,
        "candidate_pixel_delta": -1309.0,
        "abs_candidate_pixel_delta": 1309.0,
        "category": "qeshm_hengam_context_priority",
        "external_context_zone": "qeshm_hengam_context_priority",
        "review_recommendation": "context-priority manual review; model output remains candidate support only",
        "edge_mask_fraction": 0.14577326721254757,
        "no_data_fraction": 0.000980377197265625,
        "bright_scatterer_fraction": 0.012570637758044055,
        "combined_dark_pixels": 350,
        "dark_component_count": 19,
        "largest_dark_component_pixels": 149,
        "largest_dark_component_elongation": 1.75,
        "dark_component_coherence_fraction": 0.4257142857142857,
        "old_mask_component_count": 58,
        "new_mask_component_count": 55,
        "old_largest_mask_component_pixels": 4129,
        "new_largest_mask_component_pixels": 663,
        "edge_dominated": false,
        "bright_scatterer_dominated": false,
        "mostly_scattered_speckle": false,
        "coherent_dark_region_after_denoise": true,
        "unet_masks_not_just_speckle": true,
        "spatial_cluster_id": "",
        "nearby_candidate_cluster_size": 1,
        "inside_qeshm_hengam_context": true,
        "near_qeshm_hengam_context": true,
        "distance_to_qeshm_hengam_context_km": 0.0,
        "spatial_review_label": "uncertain",
        "approval_recommendation": "needs human visual review before any training use",
        "reason": "mixed evidence: some model/context priority, but spatial or denoised-mask evidence is not strong enough for probable-positive recommendation",
        "review_rank": 20,
        "preview_png": "D:\\SIHwork_2026\\data\\new_sar_case_study\\qgis_spatial_manual_review_run5\\review_pages\\strongest_uncertain_previews\\strongest_uncertain_020_S1D_20260810T021454_preprocessed_r4608_c16384_uncertain.png"
      }
    },
    {
      "type": "Feature",
      "geometry": {
        "type": "Point",
        "coordinates": [
          56.55676937884441,
          26.91707981409692
        ]
      },
      "properties": {
        "tile": "D:\\SIHwork_2026\\data\\new_sar_case_study\\tiles_npz_run5_balanced3500\\S1D_20260805T020639_preprocessed_r5632_c4096_uncertain.npz",
        "tile_name": "S1D_20260805T020639_preprocessed_r5632_c4096_uncertain.npz",
        "scene": "S1D_IW_GRDH_1SDV_20260805T020614_20260805T020639_003984_0073C1_55A6_preprocessed_after_c_cleanup_xmx4",
        "acquisition_date": "2026-08-05",
        "acquisition_time": "02:06:14",
        "left": "453432.3208254428",
        "bottom": "2974768.1820285493",
        "right": "458552.3208254428",
        "top": "2979888.1820285493",
        "center_x": "455992.3208254428",
        "center_y": "2977328.1820285493",
        "crs": "EPSG:32640",
        "label": "uncertain",
        "old_cnn_score": 0.8496381044387817,
        "old_unet_p95": 0.17632858455181122,
        "old_candidate_pixel_count": 912.0,
        "old_fusion_score": 1.0212525875485663,
        "old_rank": 276.0,
        "new_cnn_score": 0.7027727365493774,
        "new_unet_p95": 0.17794917523860931,
        "new_candidate_pixel_count": 429.0,
        "new_fusion_score": 0.7583238128060148,
        "new_rank": 230.0,
        "score_delta": -0.2629287747425515,
        "rank_delta": 46.0,
        "unet_p95_delta": 0.0016205906867980957,
        "candidate_pixel_delta": -483.0,
        "abs_candidate_pixel_delta": 483.0,
        "category": "qeshm_hengam_context_priority",
        "external_context_zone": "qeshm_hengam_context_priority",
        "review_recommendation": "context-priority manual review; model output remains candidate support only",
        "edge_mask_fraction": 0.0,
        "no_data_fraction": 0.0004425048828125,
        "bright_scatterer_fraction": 0.1577435361713241,
        "combined_dark_pixels": 399,
        "dark_component_count": 17,
        "largest_dark_component_pixels": 154,
        "largest_dark_component_elongation": 1.8461538461538463,
        "dark_component_coherence_fraction": 0.38596491228070173,
        "old_mask_component_count": 5,
        "new_mask_component_count": 23,
        "old_largest_mask_component_pixels": 3819,
        "new_largest_mask_component_pixels": 1336,
        "edge_dominated": false,
        "bright_scatterer_dominated": false,
        "mostly_scattered_speckle": false,
        "coherent_dark_region_after_denoise": true,
        "unet_masks_not_just_speckle": true,
        "spatial_cluster_id": "",
        "nearby_candidate_cluster_size": 1,
        "inside_qeshm_hengam_context": true,
        "near_qeshm_hengam_context": true,
        "distance_to_qeshm_hengam_context_km": 0.0,
        "spatial_review_label": "uncertain",
        "approval_recommendation": "needs human visual review before any training use",
        "reason": "mixed evidence: some model/context priority, but spatial or denoised-mask evidence is not strong enough for probable-positive recommendation",
        "review_rank": 21,
        "preview_png": "D:\\SIHwork_2026\\data\\new_sar_case_study\\qgis_spatial_manual_review_run5\\review_pages\\strongest_uncertain_previews\\strongest_uncertain_021_S1D_20260805T020639_preprocessed_r5632_c4096_uncertain.png"
      }
    },
    {
      "type": "Feature",
      "geometry": {
        "type": "Point",
        "coordinates": [
          55.70901766384943,
          26.79308848529865
        ]
      },
      "properties": {
        "tile": "D:\\SIHwork_2026\\data\\new_sar_case_study\\tiles_npz_run5_balanced3500\\S1D_20260810T021454_preprocessed_r6656_c16384_uncertain.npz",
        "tile_name": "S1D_20260810T021454_preprocessed_r6656_c16384_uncertain.npz",
        "scene": "S1D_IW_GRDH_1SDV_20260810T021429_20260810T021454_004057_00763F_AFC5_preprocessed_extracted_xmx4",
        "acquisition_date": "2026-08-10",
        "acquisition_time": "02:14:29",
        "left": "369114.85972424183",
        "bottom": "2961609.977188905",
        "right": "374234.85972424183",
        "top": "2966729.977188905",
        "center_x": "371674.85972424183",
        "center_y": "2964169.977188905",
        "crs": "EPSG:32640",
        "label": "uncertain",
        "old_cnn_score": 0.5703426003456116,
        "old_unet_p95": 0.19104205071926117,
        "old_candidate_pixel_count": 2218.0,
        "old_fusion_score": 0.8395118381976149,
        "old_rank": 457.0,
        "new_cnn_score": 0.5140746831893921,
        "new_unet_p95": 0.19689179956912994,
        "new_candidate_pixel_count": 1028.0,
        "new_fusion_score": 0.7020764233991037,
        "new_rank": 284.0,
        "score_delta": -0.13743541479851118,
        "rank_delta": 173.0,
        "unet_p95_delta": 0.005849748849868774,
        "candidate_pixel_delta": -1190.0,
        "abs_candidate_pixel_delta": 1190.0,
        "category": "qeshm_hengam_context_priority",
        "external_context_zone": "qeshm_hengam_context_priority",
        "review_recommendation": "context-priority manual review; model output remains candidate support only",
        "edge_mask_fraction": 0.0441970310391363,
        "no_data_fraction": 0.00327301025390625,
        "bright_scatterer_fraction": 0.00033738191632928474,
        "combined_dark_pixels": 293,
        "dark_component_count": 10,
        "largest_dark_component_pixels": 171,
        "largest_dark_component_elongation": 1.5,
        "dark_component_coherence_fraction": 0.5836177474402731,
        "old_mask_component_count": 51,
        "new_mask_component_count": 50,
        "old_largest_mask_component_pixels": 7894,
        "new_largest_mask_component_pixels": 876,
        "edge_dominated": false,
        "bright_scatterer_dominated": false,
        "mostly_scattered_speckle": false,
        "coherent_dark_region_after_denoise": true,
        "unet_masks_not_just_speckle": true,
        "spatial_cluster_id": "",
        "nearby_candidate_cluster_size": 1,
        "inside_qeshm_hengam_context": true,
        "near_qeshm_hengam_context": true,
        "distance_to_qeshm_hengam_context_km": 0.0,
        "spatial_review_label": "uncertain",
        "approval_recommendation": "needs human visual review before any training use",
        "reason": "mixed evidence: some model/context priority, but spatial or denoised-mask evidence is not strong enough for probable-positive recommendation",
        "review_rank": 22,
        "preview_png": "D:\\SIHwork_2026\\data\\new_sar_case_study\\qgis_spatial_manual_review_run5\\review_pages\\strongest_uncertain_previews\\strongest_uncertain_022_S1D_20260810T021454_preprocessed_r6656_c16384_uncertain.png"
      }
    },
    {
      "type": "Feature",
      "geometry": {
        "type": "Point",
        "coordinates": [
          56.65204788099564,
          27.13174377750032
        ]
      },
      "properties": {
        "tile": "D:\\SIHwork_2026\\data\\new_sar_case_study\\tiles_npz_run5_balanced3500\\S1C_20260808T141633_preprocessed_r5632_c11776_uncertain.npz",
        "tile_name": "S1C_20260808T141633_preprocessed_r5632_c11776_uncertain.npz",
        "scene": "S1C_IW_GRDH_1SDV_20260808T141614_20260808T141633_008905_011A9E_BE01_preprocessed_extracted_xmx4",
        "acquisition_date": "2026-08-08",
        "acquisition_time": "14:16:14",
        "left": "462958.061760937",
        "bottom": "2998514.963305102",
        "right": "468078.061760937",
        "top": "3003634.963305102",
        "center_x": "465518.061760937",
        "center_y": "3001074.963305102",
        "crs": "EPSG:32640",
        "label": "uncertain",
        "old_cnn_score": 0.5626255869865417,
        "old_unet_p95": 0.18718117475509644,
        "old_candidate_pixel_count": 704.0,
        "old_fusion_score": 0.6906629495301457,
        "old_rank": 687.0,
        "new_cnn_score": 0.5581318736076355,
        "new_unet_p95": 0.19602344930171967,
        "new_candidate_pixel_count": 288.0,
        "new_fusion_score": 0.6199463765174424,
        "new_rank": 419.0,
        "score_delta": -0.07071657301270329,
        "rank_delta": 268.0,
        "unet_p95_delta": 0.00884227454662323,
        "candidate_pixel_delta": -416.0,
        "abs_candidate_pixel_delta": 416.0,
        "category": "qeshm_hengam_context_priority",
        "external_context_zone": "qeshm_hengam_context_priority",
        "review_recommendation": "context-priority manual review; model output remains candidate support only",
        "edge_mask_fraction": 0.07595870206489676,
        "no_data_fraction": 0.0005035400390625,
        "bright_scatterer_fraction": 0.13974926253687317,
        "combined_dark_pixels": 512,
        "dark_component_count": 30,
        "largest_dark_component_pixels": 131,
        "largest_dark_component_elongation": 1.6153846153846154,
        "dark_component_coherence_fraction": 0.255859375,
        "old_mask_component_count": 36,
        "new_mask_component_count": 62,
        "old_largest_mask_component_pixels": 1400,
        "new_largest_mask_component_pixels": 189,
        "edge_dominated": false,
        "bright_scatterer_dominated": false,
        "mostly_scattered_speckle": false,
        "coherent_dark_region_after_denoise": true,
        "unet_masks_not_just_speckle": true,
        "spatial_cluster_id": "",
        "nearby_candidate_cluster_size": 1,
        "inside_qeshm_hengam_context": true,
        "near_qeshm_hengam_context": true,
        "distance_to_qeshm_hengam_context_km": 0.0,
        "spatial_review_label": "uncertain",
        "approval_recommendation": "needs human visual review before any training use",
        "reason": "mixed evidence: some model/context priority, but spatial or denoised-mask evidence is not strong enough for probable-positive recommendation",
        "review_rank": 23,
        "preview_png": "D:\\SIHwork_2026\\data\\new_sar_case_study\\qgis_spatial_manual_review_run5\\review_pages\\strongest_uncertain_previews\\strongest_uncertain_023_S1C_20260808T141633_preprocessed_r5632_c11776_uncertain.png"
      }
    },
    {
      "type": "Feature",
      "geometry": {
        "type": "Point",
        "coordinates": [
          56.29185862994073,
          26.899268191427442
        ]
      },
      "properties": {
        "tile": "D:\\SIHwork_2026\\data\\new_sar_case_study\\tiles_npz_run5_balanced3500\\S1C_20260808T141633_preprocessed_r8192_c8192_uncertain.npz",
        "tile_name": "S1C_20260808T141633_preprocessed_r8192_c8192_uncertain.npz",
        "scene": "S1C_IW_GRDH_1SDV_20260808T141614_20260808T141633_008905_011A9E_BE01_preprocessed_extracted_xmx4",
        "acquisition_date": "2026-08-08",
        "acquisition_time": "14:16:14",
        "left": "427118.061760937",
        "bottom": "2972914.963305102",
        "right": "432238.061760937",
        "top": "2978034.963305102",
        "center_x": "429678.061760937",
        "center_y": "2975474.963305102",
        "crs": "EPSG:32640",
        "label": "uncertain",
        "old_cnn_score": 0.5551841259002686,
        "old_unet_p95": 0.17620831727981567,
        "old_candidate_pixel_count": 1091.0,
        "old_fusion_score": 0.6843822355198589,
        "old_rank": 702.0,
        "new_cnn_score": 0.30645740032196045,
        "new_unet_p95": 0.17255151271820068,
        "new_candidate_pixel_count": 261.0,
        "new_fusion_score": 0.29445232008686134,
        "new_rank": 1672.0,
        "score_delta": -0.38992991543299754,
        "rank_delta": -970.0,
        "unet_p95_delta": -0.0036568045616149902,
        "candidate_pixel_delta": -830.0,
        "abs_candidate_pixel_delta": 830.0,
        "category": "qeshm_hengam_context_priority",
        "external_context_zone": "qeshm_hengam_context_priority",
        "review_recommendation": "context-priority manual review; model output remains candidate support only",
        "edge_mask_fraction": 0.3092979127134725,
        "no_data_fraction": 0.0007476806640625,
        "bright_scatterer_fraction": 0.003557874762808349,
        "combined_dark_pixels": 668,
        "dark_component_count": 35,
        "largest_dark_component_pixels": 161,
        "largest_dark_component_elongation": 1.411764705882353,
        "dark_component_coherence_fraction": 0.2410179640718563,
        "old_mask_component_count": 29,
        "new_mask_component_count": 11,
        "old_largest_mask_component_pixels": 1731,
        "new_largest_mask_component_pixels": 638,
        "edge_dominated": false,
        "bright_scatterer_dominated": false,
        "mostly_scattered_speckle": false,
        "coherent_dark_region_after_denoise": true,
        "unet_masks_not_just_speckle": true,
        "spatial_cluster_id": "",
        "nearby_candidate_cluster_size": 1,
        "inside_qeshm_hengam_context": true,
        "near_qeshm_hengam_context": true,
        "distance_to_qeshm_hengam_context_km": 0.0,
        "spatial_review_label": "uncertain",
        "approval_recommendation": "needs human visual review before any training use",
        "reason": "mixed evidence: some model/context priority, but spatial or denoised-mask evidence is not strong enough for probable-positive recommendation",
        "review_rank": 24,
        "preview_png": "D:\\SIHwork_2026\\data\\new_sar_case_study\\qgis_spatial_manual_review_run5\\review_pages\\strongest_uncertain_previews\\strongest_uncertain_024_S1C_20260808T141633_preprocessed_r8192_c8192_uncertain.png"
      }
    },
    {
      "type": "Feature",
      "geometry": {
        "type": "Point",
        "coordinates": [
          57.123855920467705,
          26.77903921507167
        ]
      },
      "properties": {
        "tile": "D:\\SIHwork_2026\\data\\new_sar_case_study\\tiles_npz_run5_balanced3500\\S1D_20260805T020639_preprocessed_r7168_c9728_uncertain.npz",
        "tile_name": "S1D_20260805T020639_preprocessed_r7168_c9728_uncertain.npz",
        "scene": "S1D_IW_GRDH_1SDV_20260805T020614_20260805T020639_003984_0073C1_55A6_preprocessed_after_c_cleanup_xmx4",
        "acquisition_date": "2026-08-05",
        "acquisition_time": "02:06:14",
        "left": "509752.3208254428",
        "bottom": "2959408.1820285493",
        "right": "514872.3208254428",
        "top": "2964528.1820285493",
        "center_x": "512312.3208254428",
        "center_y": "2961968.1820285493",
        "crs": "EPSG:32640",
        "label": "uncertain",
        "old_cnn_score": 0.8734887838363647,
        "old_unet_p95": 0.1899566650390625,
        "old_candidate_pixel_count": 2447.0,
        "old_fusion_score": 1.294717323241433,
        "old_rank": 150.0,
        "new_cnn_score": 0.8304886221885681,
        "new_unet_p95": 0.19776463508605957,
        "new_candidate_pixel_count": 1582.0,
        "new_fusion_score": 1.2099781610920275,
        "new_rank": 11.0,
        "score_delta": -0.08473916214940558,
        "rank_delta": 139.0,
        "unet_p95_delta": 0.00780797004699707,
        "candidate_pixel_delta": -865.0,
        "abs_candidate_pixel_delta": 865.0,
        "category": "both_high",
        "external_context_zone": "outside_qeshm_hengam_priority_box",
        "review_recommendation": "manual review priority because both model versions rank the tile highly",
        "edge_mask_fraction": 0.08873350403781761,
        "no_data_fraction": 0.00794219970703125,
        "bright_scatterer_fraction": 0.09267283829032893,
        "combined_dark_pixels": 145,
        "dark_component_count": 7,
        "largest_dark_component_pixels": 53,
        "largest_dark_component_elongation": 53.0,
        "dark_component_coherence_fraction": 0.36551724137931035,
        "old_mask_component_count": 19,
        "new_mask_component_count": 16,
        "old_largest_mask_component_pixels": 9663,
        "new_largest_mask_component_pixels": 6277,
        "edge_dominated": false,
        "bright_scatterer_dominated": false,
        "mostly_scattered_speckle": false,
        "coherent_dark_region_after_denoise": false,
        "unet_masks_not_just_speckle": true,
        "spatial_cluster_id": "",
        "nearby_candidate_cluster_size": 0,
        "inside_qeshm_hengam_context": false,
        "near_qeshm_hengam_context": true,
        "distance_to_qeshm_hengam_context_km": 17.228309515030354,
        "spatial_review_label": "uncertain",
        "approval_recommendation": "needs human visual review before any training use",
        "reason": "mixed evidence: some model/context priority, but spatial or denoised-mask evidence is not strong enough for probable-positive recommendation",
        "review_rank": 25,
        "preview_png": ""
      }
    },
    {
      "type": "Feature",
      "geometry": {
        "type": "Point",
        "coordinates": [
          57.07267790467093,
          27.287562538333727
        ]
      },
      "properties": {
        "tile": "D:\\SIHwork_2026\\data\\new_sar_case_study\\tiles_npz_run5_balanced3500\\S1D_20260805T020639_preprocessed_r1536_c9216_uncertain.npz",
        "tile_name": "S1D_20260805T020639_preprocessed_r1536_c9216_uncertain.npz",
        "scene": "S1D_IW_GRDH_1SDV_20260805T020614_20260805T020639_003984_0073C1_55A6_preprocessed_after_c_cleanup_xmx4",
        "acquisition_date": "2026-08-05",
        "acquisition_time": "02:06:14",
        "left": "504632.3208254428",
        "bottom": "3015728.1820285493",
        "right": "509752.3208254428",
        "top": "3020848.1820285493",
        "center_x": "507192.3208254428",
        "center_y": "3018288.1820285493",
        "crs": "EPSG:32640",
        "label": "uncertain",
        "old_cnn_score": 0.9311947226524353,
        "old_unet_p95": 0.19946809113025665,
        "old_candidate_pixel_count": 3242.0,
        "old_fusion_score": 1.5015987342523287,
        "old_rank": 94.0,
        "new_cnn_score": 0.8788638710975647,
        "new_unet_p95": 0.18990787863731384,
        "new_candidate_pixel_count": 998.0,
        "new_fusion_score": 1.1527592902525645,
        "new_rank": 14.0,
        "score_delta": -0.3488394439997642,
        "rank_delta": 80.0,
        "unet_p95_delta": -0.00956021249294281,
        "candidate_pixel_delta": -2244.0,
        "abs_candidate_pixel_delta": 2244.0,
        "category": "both_high",
        "external_context_zone": "outside_qeshm_hengam_priority_box",
        "review_recommendation": "manual review priority because both model versions rank the tile highly",
        "edge_mask_fraction": 0.00015202189115232594,
        "no_data_fraction": 0.01364898681640625,
        "bright_scatterer_fraction": 0.1295226512617817,
        "combined_dark_pixels": 1557,
        "dark_component_count": 43,
        "largest_dark_component_pixels": 495,
        "largest_dark_component_elongation": 1.1956521739130435,
        "dark_component_coherence_fraction": 0.3179190751445087,
        "old_mask_component_count": 53,
        "new_mask_component_count": 51,
        "old_largest_mask_component_pixels": 7340,
        "new_largest_mask_component_pixels": 1321,
        "edge_dominated": false,
        "bright_scatterer_dominated": false,
        "mostly_scattered_speckle": false,
        "coherent_dark_region_after_denoise": false,
        "unet_masks_not_just_speckle": true,
        "spatial_cluster_id": "",
        "nearby_candidate_cluster_size": 0,
        "inside_qeshm_hengam_context": false,
        "near_qeshm_hengam_context": true,
        "distance_to_qeshm_hengam_context_km": 15.521693050267888,
        "spatial_review_label": "uncertain",
        "approval_recommendation": "needs human visual review before any training use",
        "reason": "mixed evidence: some model/context priority, but spatial or denoised-mask evidence is not strong enough for probable-positive recommendation",
        "review_rank": 26,
        "preview_png": ""
      }
    },
    {
      "type": "Feature",
      "geometry": {
        "type": "Point",
        "coordinates": [
          56.91746617443086,
          27.287557070231568
        ]
      },
      "properties": {
        "tile": "D:\\SIHwork_2026\\data\\new_sar_case_study\\tiles_npz_run5_balanced3500\\S1D_20260805T020639_preprocessed_r1536_c7680_uncertain.npz",
        "tile_name": "S1D_20260805T020639_preprocessed_r1536_c7680_uncertain.npz",
        "scene": "S1D_IW_GRDH_1SDV_20260805T020614_20260805T020639_003984_0073C1_55A6_preprocessed_after_c_cleanup_xmx4",
        "acquisition_date": "2026-08-05",
        "acquisition_time": "02:06:14",
        "left": "489272.3208254428",
        "bottom": "3015728.1820285493",
        "right": "494392.3208254428",
        "top": "3020848.1820285493",
        "center_x": "491832.3208254428",
        "center_y": "3018288.1820285493",
        "crs": "EPSG:32640",
        "label": "uncertain",
        "old_cnn_score": 0.8431732654571533,
        "old_unet_p95": 0.213701993227005,
        "old_candidate_pixel_count": 5072.0,
        "old_fusion_score": 1.5373060893801416,
        "old_rank": 82.0,
        "new_cnn_score": 0.7512134313583374,
        "new_unet_p95": 0.19205331802368164,
        "new_candidate_pixel_count": 1854.0,
        "new_fusion_score": 1.0857468972130073,
        "new_rank": 29.0,
        "score_delta": -0.45155919216713425,
        "rank_delta": 53.0,
        "unet_p95_delta": -0.021648675203323364,
        "candidate_pixel_delta": -3218.0,
        "abs_candidate_pixel_delta": 3218.0,
        "category": "both_high",
        "external_context_zone": "outside_qeshm_hengam_priority_box",
        "review_recommendation": "manual review priority because both model versions rank the tile highly",
        "edge_mask_fraction": 0.011328164333903937,
        "no_data_fraction": 0.000591278076171875,
        "bright_scatterer_fraction": 0.006092035041788339,
        "combined_dark_pixels": 154,
        "dark_component_count": 17,
        "largest_dark_component_pixels": 54,
        "largest_dark_component_elongation": 1.3636363636363635,
        "dark_component_coherence_fraction": 0.35064935064935066,
        "old_mask_component_count": 74,
        "new_mask_component_count": 80,
        "old_largest_mask_component_pixels": 11180,
        "new_largest_mask_component_pixels": 1519,
        "edge_dominated": false,
        "bright_scatterer_dominated": false,
        "mostly_scattered_speckle": false,
        "coherent_dark_region_after_denoise": false,
        "unet_masks_not_just_speckle": true,
        "spatial_cluster_id": "",
        "nearby_candidate_cluster_size": 0,
        "inside_qeshm_hengam_context": false,
        "near_qeshm_hengam_context": true,
        "distance_to_qeshm_hengam_context_km": 9.718834795704097,
        "spatial_review_label": "uncertain",
        "approval_recommendation": "needs human visual review before any training use",
        "reason": "mixed evidence: some model/context priority, but spatial or denoised-mask evidence is not strong enough for probable-positive recommendation",
        "review_rank": 27,
        "preview_png": ""
      }
    },
    {
      "type": "Feature",
      "geometry": {
        "type": "Point",
        "coordinates": [
          56.87174630070137,
          27.230899751586826
        ]
      },
      "properties": {
        "tile": "D:\\SIHwork_2026\\data\\new_sar_case_study\\tiles_npz_run5_balanced3500\\S1C_IW_GRDH_1SDV_20260804T021408_20260804T021438_r6144_c27136_uncertain.npz",
        "tile_name": "S1C_IW_GRDH_1SDV_20260804T021408_20260804T021438_r6144_c27136_uncertain.npz",
        "scene": "S1C_IW_GRDH_1SDV_20260804T021408_20260804T021438_008839_01188E_BC5E",
        "acquisition_date": "2026-08-04",
        "acquisition_time": "02:14:08",
        "left": "484741.37147003977",
        "bottom": "3009456.4374795803",
        "right": "489861.37147003977",
        "top": "3014576.4374795803",
        "center_x": "487301.37147003977",
        "center_y": "3012016.4374795803",
        "crs": "EPSG:32640",
        "label": "uncertain",
        "old_cnn_score": 0.9027172327041626,
        "old_unet_p95": 0.1883242130279541,
        "old_candidate_pixel_count": 2461.0,
        "old_fusion_score": 1.327511409806792,
        "old_rank": 138.0,
        "new_cnn_score": 0.8345306515693665,
        "new_unet_p95": 0.18582642078399658,
        "new_candidate_pixel_count": 1095.0,
        "new_fusion_score": 1.0854553456159892,
        "new_rank": 30.0,
        "score_delta": -0.24205606419080272,
        "rank_delta": 108.0,
        "unet_p95_delta": -0.0024977922439575195,
        "candidate_pixel_delta": -1366.0,
        "abs_candidate_pixel_delta": 1366.0,
        "category": "both_high",
        "external_context_zone": "outside_qeshm_hengam_priority_box",
        "review_recommendation": "manual review priority because both model versions rank the tile highly",
        "edge_mask_fraction": 0.1749974549526621,
        "no_data_fraction": 0.000732421875,
        "bright_scatterer_fraction": 0.02158200142522651,
        "combined_dark_pixels": 443,
        "dark_component_count": 27,
        "largest_dark_component_pixels": 81,
        "largest_dark_component_elongation": 1.0909090909090908,
        "dark_component_coherence_fraction": 0.18284424379232506,
        "old_mask_component_count": 33,
        "new_mask_component_count": 30,
        "old_largest_mask_component_pixels": 6943,
        "new_largest_mask_component_pixels": 3493,
        "edge_dominated": false,
        "bright_scatterer_dominated": false,
        "mostly_scattered_speckle": false,
        "coherent_dark_region_after_denoise": false,
        "unet_masks_not_just_speckle": true,
        "spatial_cluster_id": "",
        "nearby_candidate_cluster_size": 0,
        "inside_qeshm_hengam_context": false,
        "near_qeshm_hengam_context": true,
        "distance_to_qeshm_hengam_context_km": 3.429872426137724,
        "spatial_review_label": "uncertain",
        "approval_recommendation": "needs human visual review before any training use",
        "reason": "mixed evidence: some model/context priority, but spatial or denoised-mask evidence is not strong enough for probable-positive recommendation",
        "review_rank": 28,
        "preview_png": ""
      }
    },
    {
      "type": "Feature",
      "geometry": {
        "type": "Point",
        "coordinates": [
          56.87169327155597,
          27.27712437146921
        ]
      },
      "properties": {
        "tile": "D:\\SIHwork_2026\\data\\new_sar_case_study\\tiles_npz_run5_balanced3500\\S1C_IW_GRDH_1SDV_20260804T021408_20260804T021438_r5632_c27136_uncertain.npz",
        "tile_name": "S1C_IW_GRDH_1SDV_20260804T021408_20260804T021438_r5632_c27136_uncertain.npz",
        "scene": "S1C_IW_GRDH_1SDV_20260804T021408_20260804T021438_008839_01188E_BC5E",
        "acquisition_date": "2026-08-04",
        "acquisition_time": "02:14:08",
        "left": "484741.37147003977",
        "bottom": "3014576.4374795803",
        "right": "489861.37147003977",
        "top": "3019696.4374795803",
        "center_x": "487301.37147003977",
        "center_y": "3017136.4374795803",
        "crs": "EPSG:32640",
        "label": "uncertain",
        "old_cnn_score": 0.8341917991638184,
        "old_unet_p95": 0.19949348270893097,
        "old_candidate_pixel_count": 3226.0,
        "old_fusion_score": 1.3445247564883676,
        "old_rank": 130.0,
        "new_cnn_score": 0.7850386500358582,
        "new_unet_p95": 0.18873372673988342,
        "new_candidate_pixel_count": 1313.0,
        "new_fusion_score": 1.0639354321714118,
        "new_rank": 33.0,
        "score_delta": -0.2805893243169557,
        "rank_delta": 97.0,
        "unet_p95_delta": -0.010759755969047546,
        "candidate_pixel_delta": -1913.0,
        "abs_candidate_pixel_delta": 1913.0,
        "category": "both_high",
        "external_context_zone": "outside_qeshm_hengam_priority_box",
        "review_recommendation": "manual review priority because both model versions rank the tile highly",
        "edge_mask_fraction": 0.3763000315159155,
        "no_data_fraction": 0.00060272216796875,
        "bright_scatterer_fraction": 0.028600693350141822,
        "combined_dark_pixels": 106,
        "dark_component_count": 7,
        "largest_dark_component_pixels": 70,
        "largest_dark_component_elongation": 1.1818181818181819,
        "dark_component_coherence_fraction": 0.660377358490566,
        "old_mask_component_count": 53,
        "new_mask_component_count": 38,
        "old_largest_mask_component_pixels": 3306,
        "new_largest_mask_component_pixels": 1432,
        "edge_dominated": false,
        "bright_scatterer_dominated": false,
        "mostly_scattered_speckle": false,
        "coherent_dark_region_after_denoise": false,
        "unet_masks_not_just_speckle": true,
        "spatial_cluster_id": "",
        "nearby_candidate_cluster_size": 0,
        "inside_qeshm_hengam_context": false,
        "near_qeshm_hengam_context": true,
        "distance_to_qeshm_hengam_context_km": 8.560805233082363,
        "spatial_review_label": "uncertain",
        "approval_recommendation": "needs human visual review before any training use",
        "reason": "mixed evidence: some model/context priority, but spatial or denoised-mask evidence is not strong enough for probable-positive recommendation",
        "review_rank": 29,
        "preview_png": ""
      }
    },
    {
      "type": "Feature",
      "geometry": {
        "type": "Point",
        "coordinates": [
          56.86644048606399,
          26.68657423791523
        ]
      },
      "properties": {
        "tile": "D:\\SIHwork_2026\\data\\new_sar_case_study\\tiles_npz_run5_balanced3500\\S1D_20260805T020639_preprocessed_r8192_c7168_uncertain.npz",
        "tile_name": "S1D_20260805T020639_preprocessed_r8192_c7168_uncertain.npz",
        "scene": "S1D_IW_GRDH_1SDV_20260805T020614_20260805T020639_003984_0073C1_55A6_preprocessed_after_c_cleanup_xmx4",
        "acquisition_date": "2026-08-05",
        "acquisition_time": "02:06:14",
        "left": "484152.3208254428",
        "bottom": "2949168.1820285493",
        "right": "489272.3208254428",
        "top": "2954288.1820285493",
        "center_x": "486712.3208254428",
        "center_y": "2951728.1820285493",
        "crs": "EPSG:32640",
        "label": "uncertain",
        "old_cnn_score": 0.9383050799369812,
        "old_unet_p95": 0.20063842833042145,
        "old_candidate_pixel_count": 3387.0,
        "old_fusion_score": 1.5301768086996228,
        "old_rank": 86.0,
        "new_cnn_score": 0.8682775497436523,
        "new_unet_p95": 0.18152998387813568,
        "new_candidate_pixel_count": 824.0,
        "new_fusion_score": 1.0584680492534109,
        "new_rank": 36.0,
        "score_delta": -0.47170875944621193,
        "rank_delta": 50.0,
        "unet_p95_delta": -0.019108444452285767,
        "candidate_pixel_delta": -2563.0,
        "abs_candidate_pixel_delta": 2563.0,
        "category": "both_high;qeshm_hengam_context_priority",
        "external_context_zone": "qeshm_hengam_context_priority",
        "review_recommendation": "highest manual review priority: both model versions rank high inside Qeshm/Hengam context zone",
        "edge_mask_fraction": 0.29133422861205466,
        "no_data_fraction": 0.000377655029296875,
        "bright_scatterer_fraction": 0.12362745872501778,
        "combined_dark_pixels": 197,
        "dark_component_count": 32,
        "largest_dark_component_pixels": 34,
        "largest_dark_component_elongation": 1.5,
        "dark_component_coherence_fraction": 0.17258883248730963,
        "old_mask_component_count": 134,
        "new_mask_component_count": 65,
        "old_largest_mask_component_pixels": 3142,
        "new_largest_mask_component_pixels": 494,
        "edge_dominated": false,
        "bright_scatterer_dominated": false,
        "mostly_scattered_speckle": false,
        "coherent_dark_region_after_denoise": false,
        "unet_masks_not_just_speckle": true,
        "spatial_cluster_id": "",
        "nearby_candidate_cluster_size": 0,
        "inside_qeshm_hengam_context": true,
        "near_qeshm_hengam_context": true,
        "distance_to_qeshm_hengam_context_km": 0.0,
        "spatial_review_label": "uncertain",
        "approval_recommendation": "needs human visual review before any training use",
        "reason": "mixed evidence: some model/context priority, but spatial or denoised-mask evidence is not strong enough for probable-positive recommendation",
        "review_rank": 30,
        "preview_png": "D:\\SIHwork_2026\\data\\new_sar_case_study\\qgis_spatial_manual_review_run5\\review_pages\\strongest_uncertain_previews\\strongest_uncertain_030_S1D_20260805T020639_preprocessed_r8192_c7168_uncertain.png"
      }
    },
    {
      "type": "Feature",
      "geometry": {
        "type": "Point",
        "coordinates": [
          55.82597857197268,
          27.081047008583877
        ]
      },
      "properties": {
        "tile": "D:\\SIHwork_2026\\data\\new_sar_case_study\\tiles_npz_run5_balanced3500\\S1C_20260808T141633_preprocessed_r6144_c3584_uncertain.npz",
        "tile_name": "S1C_20260808T141633_preprocessed_r6144_c3584_uncertain.npz",
        "scene": "S1C_IW_GRDH_1SDV_20260808T141614_20260808T141633_008905_011A9E_BE01_preprocessed_extracted_xmx4",
        "acquisition_date": "2026-08-08",
        "acquisition_time": "14:16:14",
        "left": "381038.061760937",
        "bottom": "2993394.963305102",
        "right": "386158.061760937",
        "top": "2998514.963305102",
        "center_x": "383598.061760937",
        "center_y": "2995954.963305102",
        "crs": "EPSG:32640",
        "label": "uncertain",
        "old_cnn_score": 0.8204025030136108,
        "old_unet_p95": 0.19895444810390472,
        "old_candidate_pixel_count": 3147.0,
        "old_fusion_score": 1.3146811467043702,
        "old_rank": 144.0,
        "new_cnn_score": 0.7776657938957214,
        "new_unet_p95": 0.19185644388198853,
        "new_candidate_pixel_count": 1068.0,
        "new_fusion_score": 1.0405936047988165,
        "new_rank": 41.0,
        "score_delta": -0.27408754190555373,
        "rank_delta": 103.0,
        "unet_p95_delta": -0.007098004221916199,
        "candidate_pixel_delta": -2079.0,
        "abs_candidate_pixel_delta": 2079.0,
        "category": "both_high;qeshm_hengam_context_priority",
        "external_context_zone": "qeshm_hengam_context_priority",
        "review_recommendation": "highest manual review priority: both model versions rank high inside Qeshm/Hengam context zone",
        "edge_mask_fraction": 0.1981207198598503,
        "no_data_fraction": 0.0013885498046875,
        "bright_scatterer_fraction": 0.029463290332855552,
        "combined_dark_pixels": 545,
        "dark_component_count": 29,
        "largest_dark_component_pixels": 136,
        "largest_dark_component_elongation": 1.1333333333333333,
        "dark_component_coherence_fraction": 0.24954128440366974,
        "old_mask_component_count": 77,
        "new_mask_component_count": 54,
        "old_largest_mask_component_pixels": 8022,
        "new_largest_mask_component_pixels": 995,
        "edge_dominated": false,
        "bright_scatterer_dominated": false,
        "mostly_scattered_speckle": false,
        "coherent_dark_region_after_denoise": false,
        "unet_masks_not_just_speckle": true,
        "spatial_cluster_id": "",
        "nearby_candidate_cluster_size": 0,
        "inside_qeshm_hengam_context": true,
        "near_qeshm_hengam_context": true,
        "distance_to_qeshm_hengam_context_km": 0.0,
        "spatial_review_label": "uncertain",
        "approval_recommendation": "needs human visual review before any training use",
        "reason": "mixed evidence: some model/context priority, but spatial or denoised-mask evidence is not strong enough for probable-positive recommendation",
        "review_rank": 31,
        "preview_png": "D:\\SIHwork_2026\\data\\new_sar_case_study\\qgis_spatial_manual_review_run5\\review_pages\\strongest_uncertain_previews\\strongest_uncertain_031_S1C_20260808T141633_preprocessed_r6144_c3584_uncertain.png"
      }
    },
    {
      "type": "Feature",
      "geometry": {
        "type": "Point",
        "coordinates": [
          56.54816113182909,
          27.270120660384062
        ]
      },
      "properties": {
        "tile": "D:\\SIHwork_2026\\data\\new_sar_case_study\\tiles_npz_run5_balanced3500\\S1C_20260808T141633_preprocessed_r4096_c10752_uncertain.npz",
        "tile_name": "S1C_20260808T141633_preprocessed_r4096_c10752_uncertain.npz",
        "scene": "S1C_IW_GRDH_1SDV_20260808T141614_20260808T141633_008905_011A9E_BE01_preprocessed_extracted_xmx4",
        "acquisition_date": "2026-08-08",
        "acquisition_time": "14:16:14",
        "left": "452718.061760937",
        "bottom": "3013874.963305102",
        "right": "457838.061760937",
        "top": "3018994.963305102",
        "center_x": "455278.061760937",
        "center_y": "3016434.963305102",
        "crs": "EPSG:32640",
        "label": "uncertain",
        "old_cnn_score": 0.9463192224502563,
        "old_unet_p95": 0.17942668497562408,
        "old_candidate_pixel_count": 1270.0,
        "old_fusion_score": 1.213619261887061,
        "old_rank": 181.0,
        "new_cnn_score": 0.894894540309906,
        "new_unet_p95": 0.18497979640960693,
        "new_candidate_pixel_count": 491.0,
        "new_fusion_score": 1.026080111890942,
        "new_rank": 44.0,
        "score_delta": -0.18753914999611898,
        "rank_delta": 137.0,
        "unet_p95_delta": 0.005553111433982849,
        "candidate_pixel_delta": -779.0,
        "abs_candidate_pixel_delta": 779.0,
        "category": "both_high",
        "external_context_zone": "outside_qeshm_hengam_priority_box",
        "review_recommendation": "manual review priority because both model versions rank the tile highly",
        "edge_mask_fraction": 0.022047587862912027,
        "no_data_fraction": 0.000926971435546875,
        "bright_scatterer_fraction": 0.012660991049989086,
        "combined_dark_pixels": 93,
        "dark_component_count": 7,
        "largest_dark_component_pixels": 32,
        "largest_dark_component_elongation": 1.6666666666666667,
        "dark_component_coherence_fraction": 0.34408602150537637,
        "old_mask_component_count": 51,
        "new_mask_component_count": 8,
        "old_largest_mask_component_pixels": 2829,
        "new_largest_mask_component_pixels": 731,
        "edge_dominated": false,
        "bright_scatterer_dominated": false,
        "mostly_scattered_speckle": false,
        "coherent_dark_region_after_denoise": false,
        "unet_masks_not_just_speckle": true,
        "spatial_cluster_id": "",
        "nearby_candidate_cluster_size": 0,
        "inside_qeshm_hengam_context": false,
        "near_qeshm_hengam_context": true,
        "distance_to_qeshm_hengam_context_km": 7.783393302631012,
        "spatial_review_label": "uncertain",
        "approval_recommendation": "needs human visual review before any training use",
        "reason": "mixed evidence: some model/context priority, but spatial or denoised-mask evidence is not strong enough for probable-positive recommendation",
        "review_rank": 32,
        "preview_png": ""
      }
    },
    {
      "type": "Feature",
      "geometry": {
        "type": "Point",
        "coordinates": [
          56.60704630364412,
          27.28702947121782
        ]
      },
      "properties": {
        "tile": "D:\\SIHwork_2026\\data\\new_sar_case_study\\tiles_npz_run5_balanced3500\\S1D_20260805T020639_preprocessed_r1536_c4608_uncertain.npz",
        "tile_name": "S1D_20260805T020639_preprocessed_r1536_c4608_uncertain.npz",
        "scene": "S1D_IW_GRDH_1SDV_20260805T020614_20260805T020639_003984_0073C1_55A6_preprocessed_after_c_cleanup_xmx4",
        "acquisition_date": "2026-08-05",
        "acquisition_time": "02:06:14",
        "left": "458552.3208254428",
        "bottom": "3015728.1820285493",
        "right": "463672.3208254428",
        "top": "3020848.1820285493",
        "center_x": "461112.3208254428",
        "center_y": "3018288.1820285493",
        "crs": "EPSG:32640",
        "label": "uncertain",
        "old_cnn_score": 0.9018614888191223,
        "old_unet_p95": 0.18522939085960388,
        "old_candidate_pixel_count": 2028.0,
        "old_fusion_score": 1.272145138879421,
        "old_rank": 159.0,
        "new_cnn_score": 0.8495591878890991,
        "new_unet_p95": 0.18788477778434753,
        "new_candidate_pixel_count": 610.0,
        "new_fusion_score": 1.023972896217317,
        "new_rank": 46.0,
        "score_delta": -0.24817224266210403,
        "rank_delta": 113.0,
        "unet_p95_delta": 0.0026553869247436523,
        "candidate_pixel_delta": -1418.0,
        "abs_candidate_pixel_delta": 1418.0,
        "category": "both_high",
        "external_context_zone": "outside_qeshm_hengam_priority_box",
        "review_recommendation": "manual review priority because both model versions rank the tile highly",
        "edge_mask_fraction": 0.03088159917990774,
        "no_data_fraction": 0.001251220703125,
        "bright_scatterer_fraction": 0.06752947206560739,
        "combined_dark_pixels": 140,
        "dark_component_count": 12,
        "largest_dark_component_pixels": 49,
        "largest_dark_component_elongation": 1.5714285714285714,
        "dark_component_coherence_fraction": 0.35,
        "old_mask_component_count": 76,
        "new_mask_component_count": 38,
        "old_largest_mask_component_pixels": 4212,
        "new_largest_mask_component_pixels": 642,
        "edge_dominated": false,
        "bright_scatterer_dominated": false,
        "mostly_scattered_speckle": false,
        "coherent_dark_region_after_denoise": false,
        "unet_masks_not_just_speckle": true,
        "spatial_cluster_id": "",
        "nearby_candidate_cluster_size": 0,
        "inside_qeshm_hengam_context": false,
        "near_qeshm_hengam_context": true,
        "distance_to_qeshm_hengam_context_km": 9.660271305178181,
        "spatial_review_label": "uncertain",
        "approval_recommendation": "needs human visual review before any training use",
        "reason": "mixed evidence: some model/context priority, but spatial or denoised-mask evidence is not strong enough for probable-positive recommendation",
        "review_rank": 33,
        "preview_png": ""
      }
    },
    {
      "type": "Feature",
      "geometry": {
        "type": "Point",
        "coordinates": [
          56.96936658651785,
          26.68663373476704
        ]
      },
      "properties": {
        "tile": "D:\\SIHwork_2026\\data\\new_sar_case_study\\tiles_npz_run5_balanced3500\\S1D_20260805T020639_preprocessed_r8192_c8192_uncertain.npz",
        "tile_name": "S1D_20260805T020639_preprocessed_r8192_c8192_uncertain.npz",
        "scene": "S1D_IW_GRDH_1SDV_20260805T020614_20260805T020639_003984_0073C1_55A6_preprocessed_after_c_cleanup_xmx4",
        "acquisition_date": "2026-08-05",
        "acquisition_time": "02:06:14",
        "left": "494392.3208254428",
        "bottom": "2949168.1820285493",
        "right": "499512.3208254428",
        "top": "2954288.1820285493",
        "center_x": "496952.3208254428",
        "center_y": "2951728.1820285493",
        "crs": "EPSG:32640",
        "label": "uncertain",
        "old_cnn_score": 0.9614565968513489,
        "old_unet_p95": 0.18499115109443665,
        "old_candidate_pixel_count": 1918.0,
        "old_fusion_score": 1.3445505286321724,
        "old_rank": 129.0,
        "new_cnn_score": 0.9221324920654297,
        "new_unet_p95": 0.17914173007011414,
        "new_candidate_pixel_count": 468.0,
        "new_fusion_score": 1.0160328941644734,
        "new_rank": 52.0,
        "score_delta": -0.328517634467699,
        "rank_delta": 77.0,
        "unet_p95_delta": -0.00584942102432251,
        "candidate_pixel_delta": -1450.0,
        "abs_candidate_pixel_delta": 1450.0,
        "category": "both_high",
        "external_context_zone": "outside_qeshm_hengam_priority_box",
        "review_recommendation": "manual review priority because both model versions rank the tile highly",
        "edge_mask_fraction": 0.21826002497571806,
        "no_data_fraction": 0.0004119873046875,
        "bright_scatterer_fraction": 0.12349105036769807,
        "combined_dark_pixels": 145,
        "dark_component_count": 17,
        "largest_dark_component_pixels": 39,
        "largest_dark_component_elongation": 1.1428571428571428,
        "dark_component_coherence_fraction": 0.2689655172413793,
        "old_mask_component_count": 62,
        "new_mask_component_count": 36,
        "old_largest_mask_component_pixels": 2858,
        "new_largest_mask_component_pixels": 369,
        "edge_dominated": false,
        "bright_scatterer_dominated": false,
        "mostly_scattered_speckle": false,
        "coherent_dark_region_after_denoise": false,
        "unet_masks_not_just_speckle": true,
        "spatial_cluster_id": "",
        "nearby_candidate_cluster_size": 0,
        "inside_qeshm_hengam_context": false,
        "near_qeshm_hengam_context": true,
        "distance_to_qeshm_hengam_context_km": 1.9206978029525559,
        "spatial_review_label": "uncertain",
        "approval_recommendation": "needs human visual review before any training use",
        "reason": "mixed evidence: some model/context priority, but spatial or denoised-mask evidence is not strong enough for probable-positive recommendation",
        "review_rank": 34,
        "preview_png": ""
      }
    },
    {
      "type": "Feature",
      "geometry": {
        "type": "Point",
        "coordinates": [
          56.61287417137253,
          27.32287146047433
        ]
      },
      "properties": {
        "tile": "D:\\SIHwork_2026\\data\\new_sar_case_study\\tiles_npz_run5_balanced3500\\S1C_IW_GRDH_1SDV_20260804T021408_20260804T021438_r5120_c24576_uncertain.npz",
        "tile_name": "S1C_IW_GRDH_1SDV_20260804T021408_20260804T021438_r5120_c24576_uncertain.npz",
        "scene": "S1C_IW_GRDH_1SDV_20260804T021408_20260804T021438_008839_01188E_BC5E",
        "acquisition_date": "2026-08-04",
        "acquisition_time": "02:14:08",
        "left": "459141.37147003977",
        "bottom": "3019696.4374795803",
        "right": "464261.37147003977",
        "top": "3024816.4374795803",
        "center_x": "461701.37147003977",
        "center_y": "3022256.4374795803",
        "crs": "EPSG:32640",
        "label": "uncertain",
        "old_cnn_score": 0.6862038969993591,
        "old_unet_p95": 0.22341352701187134,
        "old_candidate_pixel_count": 5700.0,
        "old_fusion_score": 1.3258617940477369,
        "old_rank": 139.0,
        "new_cnn_score": 0.6467041969299316,
        "new_unet_p95": 0.19564935564994812,
        "new_candidate_pixel_count": 2829.0,
        "new_fusion_score": 1.0056427056012052,
        "new_rank": 57.0,
        "score_delta": -0.3202190884465317,
        "rank_delta": 82.0,
        "unet_p95_delta": -0.027764171361923218,
        "candidate_pixel_delta": -2871.0,
        "abs_candidate_pixel_delta": 2871.0,
        "category": "both_high",
        "external_context_zone": "outside_qeshm_hengam_priority_box",
        "review_recommendation": "manual review priority because both model versions rank the tile highly",
        "edge_mask_fraction": 0.11917885508441474,
        "no_data_fraction": 0.00064849853515625,
        "bright_scatterer_fraction": 0.0037324768890239137,
        "combined_dark_pixels": 463,
        "dark_component_count": 25,
        "largest_dark_component_pixels": 143,
        "largest_dark_component_elongation": 1.0555555555555556,
        "dark_component_coherence_fraction": 0.30885529157667385,
        "old_mask_component_count": 64,
        "new_mask_component_count": 64,
        "old_largest_mask_component_pixels": 6663,
        "new_largest_mask_component_pixels": 3125,
        "edge_dominated": false,
        "bright_scatterer_dominated": false,
        "mostly_scattered_speckle": false,
        "coherent_dark_region_after_denoise": false,
        "unet_masks_not_just_speckle": true,
        "spatial_cluster_id": "",
        "nearby_candidate_cluster_size": 0,
        "inside_qeshm_hengam_context": false,
        "near_qeshm_hengam_context": true,
        "distance_to_qeshm_hengam_context_km": 13.638732112650896,
        "spatial_review_label": "uncertain",
        "approval_recommendation": "needs human visual review before any training use",
        "reason": "mixed evidence: some model/context priority, but spatial or denoised-mask evidence is not strong enough for probable-positive recommendation",
        "review_rank": 35,
        "preview_png": ""
      }
    },
    {
      "type": "Feature",
      "geometry": {
        "type": "Point",
        "coordinates": [
          55.7879194451728,
          27.04083654985905
        ]
      },
      "properties": {
        "tile": "D:\\SIHwork_2026\\data\\new_sar_case_study\\tiles_npz_run5_balanced3500\\S1C_IW_GRDH_1SDV_20260804T021408_20260804T021438_r8192_c16384_uncertain.npz",
        "tile_name": "S1C_IW_GRDH_1SDV_20260804T021408_20260804T021438_r8192_c16384_uncertain.npz",
        "scene": "S1C_IW_GRDH_1SDV_20260804T021408_20260804T021438_008839_01188E_BC5E",
        "acquisition_date": "2026-08-04",
        "acquisition_time": "02:14:08",
        "left": "377221.37147003977",
        "bottom": "2988976.4374795803",
        "right": "382341.37147003977",
        "top": "2994096.4374795803",
        "center_x": "379781.37147003977",
        "center_y": "2991536.4374795803",
        "crs": "EPSG:32640",
        "label": "uncertain",
        "old_cnn_score": 0.9169718623161316,
        "old_unet_p95": 0.18046575784683228,
        "old_candidate_pixel_count": 1227.0,
        "old_fusion_score": 1.177097139328366,
        "old_rank": 196.0,
        "new_cnn_score": 0.8447448015213013,
        "new_unet_p95": 0.18784582614898682,
        "new_candidate_pixel_count": 564.0,
        "new_fusion_score": 1.0055388190559515,
        "new_rank": 58.0,
        "score_delta": -0.17155832027241447,
        "rank_delta": 138.0,
        "unet_p95_delta": 0.007380068302154541,
        "candidate_pixel_delta": -663.0,
        "abs_candidate_pixel_delta": 663.0,
        "category": "both_high;qeshm_hengam_context_priority",
        "external_context_zone": "qeshm_hengam_context_priority",
        "review_recommendation": "highest manual review priority: both model versions rank high inside Qeshm/Hengam context zone",
        "edge_mask_fraction": 0.2227029254223321,
        "no_data_fraction": 0.001811981201171875,
        "bright_scatterer_fraction": 0.00041203131437989287,
        "combined_dark_pixels": 86,
        "dark_component_count": 5,
        "largest_dark_component_pixels": 61,
        "largest_dark_component_elongation": 2.142857142857143,
        "dark_component_coherence_fraction": 0.7093023255813954,
        "old_mask_component_count": 18,
        "new_mask_component_count": 21,
        "old_largest_mask_component_pixels": 2032,
        "new_largest_mask_component_pixels": 538,
        "edge_dominated": false,
        "bright_scatterer_dominated": false,
        "mostly_scattered_speckle": false,
        "coherent_dark_region_after_denoise": false,
        "unet_masks_not_just_speckle": true,
        "spatial_cluster_id": "",
        "nearby_candidate_cluster_size": 0,
        "inside_qeshm_hengam_context": true,
        "near_qeshm_hengam_context": true,
        "distance_to_qeshm_hengam_context_km": 0.0,
        "spatial_review_label": "uncertain",
        "approval_recommendation": "needs human visual review before any training use",
        "reason": "mixed evidence: some model/context priority, but spatial or denoised-mask evidence is not strong enough for probable-positive recommendation",
        "review_rank": 36,
        "preview_png": "D:\\SIHwork_2026\\data\\new_sar_case_study\\qgis_spatial_manual_review_run5\\review_pages\\strongest_uncertain_previews\\strongest_uncertain_036_S1C_IW_GRDH_1SDV_20260804T021408_20260804T021438_r8192_c16384_uncertain.png"
      }
    },
    {
      "type": "Feature",
      "geometry": {
        "type": "Point",
        "coordinates": [
          56.61319441129796,
          27.230424404583083
        ]
      },
      "properties": {
        "tile": "D:\\SIHwork_2026\\data\\new_sar_case_study\\tiles_npz_run5_balanced3500\\S1C_IW_GRDH_1SDV_20260804T021408_20260804T021438_r6144_c24576_uncertain.npz",
        "tile_name": "S1C_IW_GRDH_1SDV_20260804T021408_20260804T021438_r6144_c24576_uncertain.npz",
        "scene": "S1C_IW_GRDH_1SDV_20260804T021408_20260804T021438_008839_01188E_BC5E",
        "acquisition_date": "2026-08-04",
        "acquisition_time": "02:14:08",
        "left": "459141.37147003977",
        "bottom": "3009456.4374795803",
        "right": "464261.37147003977",
        "top": "3014576.4374795803",
        "center_x": "461701.37147003977",
        "center_y": "3012016.4374795803",
        "crs": "EPSG:32640",
        "label": "uncertain",
        "old_cnn_score": 0.7134896516799927,
        "old_unet_p95": 0.2141375094652176,
        "old_candidate_pixel_count": 4788.0,
        "old_fusion_score": 1.2947109667275425,
        "old_rank": 151.0,
        "new_cnn_score": 0.6736695766448975,
        "new_unet_p95": 0.1938604712486267,
        "new_candidate_pixel_count": 2176.0,
        "new_fusion_score": 1.003736692073679,
        "new_rank": 59.0,
        "score_delta": -0.2909742746538635,
        "rank_delta": 92.0,
        "unet_p95_delta": -0.02027703821659088,
        "candidate_pixel_delta": -2612.0,
        "abs_candidate_pixel_delta": 2612.0,
        "category": "both_high",
        "external_context_zone": "outside_qeshm_hengam_priority_box",
        "review_recommendation": "manual review priority because both model versions rank the tile highly",
        "edge_mask_fraction": 0.20829220138203355,
        "no_data_fraction": 0.000690460205078125,
        "bright_scatterer_fraction": 0.024783083077882267,
        "combined_dark_pixels": 282,
        "dark_component_count": 23,
        "largest_dark_component_pixels": 91,
        "largest_dark_component_elongation": 2.7142857142857144,
        "dark_component_coherence_fraction": 0.32269503546099293,
        "old_mask_component_count": 57,
        "new_mask_component_count": 58,
        "old_largest_mask_component_pixels": 6097,
        "new_largest_mask_component_pixels": 2497,
        "edge_dominated": false,
        "bright_scatterer_dominated": false,
        "mostly_scattered_speckle": false,
        "coherent_dark_region_after_denoise": false,
        "unet_masks_not_just_speckle": true,
        "spatial_cluster_id": "",
        "nearby_candidate_cluster_size": 0,
        "inside_qeshm_hengam_context": false,
        "near_qeshm_hengam_context": true,
        "distance_to_qeshm_hengam_context_km": 3.377108908722267,
        "spatial_review_label": "uncertain",
        "approval_recommendation": "needs human visual review before any training use",
        "reason": "mixed evidence: some model/context priority, but spatial or denoised-mask evidence is not strong enough for probable-positive recommendation",
        "review_rank": 37,
        "preview_png": ""
      }
    },
    {
      "type": "Feature",
      "geometry": {
        "type": "Point",
        "coordinates": [
          56.91026208628734,
          27.270821349483832
        ]
      },
      "properties": {
        "tile": "D:\\SIHwork_2026\\data\\new_sar_case_study\\tiles_npz_run5_balanced3500\\S1C_20260808T141633_preprocessed_r4096_c14336_uncertain.npz",
        "tile_name": "S1C_20260808T141633_preprocessed_r4096_c14336_uncertain.npz",
        "scene": "S1C_IW_GRDH_1SDV_20260808T141614_20260808T141633_008905_011A9E_BE01_preprocessed_extracted_xmx4",
        "acquisition_date": "2026-08-08",
        "acquisition_time": "14:16:14",
        "left": "488558.061760937",
        "bottom": "3013874.963305102",
        "right": "493678.061760937",
        "top": "3018994.963305102",
        "center_x": "491118.061760937",
        "center_y": "3016434.963305102",
        "crs": "EPSG:32640",
        "label": "uncertain",
        "old_cnn_score": 0.8701634407043457,
        "old_unet_p95": 0.18581344187259674,
        "old_candidate_pixel_count": 2233.0,
        "old_fusion_score": 1.246865424255474,
        "old_rank": 171.0,
        "new_cnn_score": 0.7872068881988525,
        "new_unet_p95": 0.183792844414711,
        "new_candidate_pixel_count": 878.0,
        "new_fusion_score": 0.9807748887470994,
        "new_rank": 67.0,
        "score_delta": -0.2660905355083746,
        "rank_delta": 104.0,
        "unet_p95_delta": -0.002020597457885742,
        "candidate_pixel_delta": -1355.0,
        "abs_candidate_pixel_delta": 1355.0,
        "category": "both_high",
        "external_context_zone": "outside_qeshm_hengam_priority_box",
        "review_recommendation": "manual review priority because both model versions rank the tile highly",
        "edge_mask_fraction": 0.010268835814007154,
        "no_data_fraction": 0.000698089599609375,
        "bright_scatterer_fraction": 0.005422868351217261,
        "combined_dark_pixels": 156,
        "dark_component_count": 8,
        "largest_dark_component_pixels": 48,
        "largest_dark_component_elongation": 2.8,
        "dark_component_coherence_fraction": 0.3076923076923077,
        "old_mask_component_count": 40,
        "new_mask_component_count": 28,
        "old_largest_mask_component_pixels": 2695,
        "new_largest_mask_component_pixels": 1179,
        "edge_dominated": false,
        "bright_scatterer_dominated": false,
        "mostly_scattered_speckle": false,
        "coherent_dark_region_after_denoise": false,
        "unet_masks_not_just_speckle": true,
        "spatial_cluster_id": "",
        "nearby_candidate_cluster_size": 0,
        "inside_qeshm_hengam_context": false,
        "near_qeshm_hengam_context": true,
        "distance_to_qeshm_hengam_context_km": 7.8611697927054145,
        "spatial_review_label": "uncertain",
        "approval_recommendation": "needs human visual review before any training use",
        "reason": "mixed evidence: some model/context priority, but spatial or denoised-mask evidence is not strong enough for probable-positive recommendation",
        "review_rank": 38,
        "preview_png": ""
      }
    },
    {
      "type": "Feature",
      "geometry": {
        "type": "Point",
        "coordinates": [
          56.34152717423671,
          27.223077904208488
        ]
      },
      "properties": {
        "tile": "D:\\SIHwork_2026\\data\\new_sar_case_study\\tiles_npz_run5_balanced3500\\S1C_20260808T141633_preprocessed_r4608_c8704_uncertain.npz",
        "tile_name": "S1C_20260808T141633_preprocessed_r4608_c8704_uncertain.npz",
        "scene": "S1C_IW_GRDH_1SDV_20260808T141614_20260808T141633_008905_011A9E_BE01_preprocessed_extracted_xmx4",
        "acquisition_date": "2026-08-08",
        "acquisition_time": "14:16:14",
        "left": "432238.061760937",
        "bottom": "3008754.963305102",
        "right": "437358.061760937",
        "top": "3013874.963305102",
        "center_x": "434798.061760937",
        "center_y": "3011314.963305102",
        "crs": "EPSG:32640",
        "label": "uncertain",
        "old_cnn_score": 0.7471489906311035,
        "old_unet_p95": 0.19328005611896515,
        "old_candidate_pixel_count": 2820.0,
        "old_fusion_score": 1.1473073594604157,
        "old_rank": 211.0,
        "new_cnn_score": 0.6994249820709229,
        "new_unet_p95": 0.19760757684707642,
        "new_candidate_pixel_count": 1185.0,
        "new_fusion_score": 0.978309452256212,
        "new_rank": 70.0,
        "score_delta": -0.1689979072042037,
        "rank_delta": 141.0,
        "unet_p95_delta": 0.004327520728111267,
        "candidate_pixel_delta": -1635.0,
        "abs_candidate_pixel_delta": 1635.0,
        "category": "both_high",
        "external_context_zone": "outside_qeshm_hengam_priority_box",
        "review_recommendation": "manual review priority because both model versions rank the tile highly",
        "edge_mask_fraction": 0.03393897840246829,
        "no_data_fraction": 0.006053924560546875,
        "bright_scatterer_fraction": 0.07464861158724717,
        "combined_dark_pixels": 459,
        "dark_component_count": 19,
        "largest_dark_component_pixels": 143,
        "largest_dark_component_elongation": 1.0,
        "dark_component_coherence_fraction": 0.3115468409586057,
        "old_mask_component_count": 50,
        "new_mask_component_count": 51,
        "old_largest_mask_component_pixels": 5952,
        "new_largest_mask_component_pixels": 1780,
        "edge_dominated": false,
        "bright_scatterer_dominated": false,
        "mostly_scattered_speckle": false,
        "coherent_dark_region_after_denoise": false,
        "unet_masks_not_just_speckle": true,
        "spatial_cluster_id": "",
        "nearby_candidate_cluster_size": 0,
        "inside_qeshm_hengam_context": false,
        "near_qeshm_hengam_context": true,
        "distance_to_qeshm_hengam_context_km": 2.5616473671422035,
        "spatial_review_label": "uncertain",
        "approval_recommendation": "needs human visual review before any training use",
        "reason": "mixed evidence: some model/context priority, but spatial or denoised-mask evidence is not strong enough for probable-positive recommendation",
        "review_rank": 39,
        "preview_png": ""
      }
    },
    {
      "type": "Feature",
      "geometry": {
        "type": "Point",
        "coordinates": [
          56.59972319549928,
          27.316501465459186
        ]
      },
      "properties": {
        "tile": "D:\\SIHwork_2026\\data\\new_sar_case_study\\tiles_npz_run5_balanced3500\\S1C_20260808T141633_preprocessed_r3584_c11264_uncertain.npz",
        "tile_name": "S1C_20260808T141633_preprocessed_r3584_c11264_uncertain.npz",
        "scene": "S1C_IW_GRDH_1SDV_20260808T141614_20260808T141633_008905_011A9E_BE01_preprocessed_extracted_xmx4",
        "acquisition_date": "2026-08-08",
        "acquisition_time": "14:16:14",
        "left": "457838.061760937",
        "bottom": "3018994.963305102",
        "right": "462958.061760937",
        "top": "3024114.963305102",
        "center_x": "460398.061760937",
        "center_y": "3021554.963305102",
        "crs": "EPSG:32640",
        "label": "uncertain",
        "old_cnn_score": 0.7344197034835815,
        "old_unet_p95": 0.20793640613555908,
        "old_candidate_pixel_count": 4175.0,
        "old_fusion_score": 1.2731815594482339,
        "old_rank": 158.0,
        "new_cnn_score": 0.6911618113517761,
        "new_unet_p95": 0.19122545421123505,
        "new_candidate_pixel_count": 1613.0,
        "new_fusion_score": 0.9762530944714126,
        "new_rank": 71.0,
        "score_delta": -0.29692846497682124,
        "rank_delta": 87.0,
        "unet_p95_delta": -0.016710951924324036,
        "candidate_pixel_delta": -2562.0,
        "abs_candidate_pixel_delta": 2562.0,
        "category": "both_high",
        "external_context_zone": "outside_qeshm_hengam_priority_box",
        "review_recommendation": "manual review priority because both model versions rank the tile highly",
        "edge_mask_fraction": 0.13624074291759727,
        "no_data_fraction": 0.000766754150390625,
        "bright_scatterer_fraction": 0.05372046549900082,
        "combined_dark_pixels": 369,
        "dark_component_count": 31,
        "largest_dark_component_pixels": 92,
        "largest_dark_component_elongation": 1.2307692307692308,
        "dark_component_coherence_fraction": 0.24932249322493225,
        "old_mask_component_count": 31,
        "new_mask_component_count": 57,
        "old_largest_mask_component_pixels": 10590,
        "new_largest_mask_component_pixels": 1324,
        "edge_dominated": false,
        "bright_scatterer_dominated": false,
        "mostly_scattered_speckle": false,
        "coherent_dark_region_after_denoise": false,
        "unet_masks_not_just_speckle": true,
        "spatial_cluster_id": "",
        "nearby_candidate_cluster_size": 0,
        "inside_qeshm_hengam_context": false,
        "near_qeshm_hengam_context": true,
        "distance_to_qeshm_hengam_context_km": 12.931662665969775,
        "spatial_review_label": "uncertain",
        "approval_recommendation": "needs human visual review before any training use",
        "reason": "mixed evidence: some model/context priority, but spatial or denoised-mask evidence is not strong enough for probable-positive recommendation",
        "review_rank": 40,
        "preview_png": ""
      }
    },
    {
      "type": "Feature",
      "geometry": {
        "type": "Point",
        "coordinates": [
          56.66490422891871,
          27.230557651442766
        ]
      },
      "properties": {
        "tile": "D:\\SIHwork_2026\\data\\new_sar_case_study\\tiles_npz_run5_balanced3500\\S1C_IW_GRDH_1SDV_20260804T021408_20260804T021438_r6144_c25088_uncertain.npz",
        "tile_name": "S1C_IW_GRDH_1SDV_20260804T021408_20260804T021438_r6144_c25088_uncertain.npz",
        "scene": "S1C_IW_GRDH_1SDV_20260804T021408_20260804T021438_008839_01188E_BC5E",
        "acquisition_date": "2026-08-04",
        "acquisition_time": "02:14:08",
        "left": "464261.37147003977",
        "bottom": "3009456.4374795803",
        "right": "469381.37147003977",
        "top": "3014576.4374795803",
        "center_x": "466821.37147003977",
        "center_y": "3012016.4374795803",
        "crs": "EPSG:32640",
        "label": "uncertain",
        "old_cnn_score": 0.7633398771286011,
        "old_unet_p95": 0.2010127454996109,
        "old_candidate_pixel_count": 3373.0,
        "old_fusion_score": 1.2465326830983208,
        "old_rank": 172.0,
        "new_cnn_score": 0.7146427631378174,
        "new_unet_p95": 0.19228145480155945,
        "new_candidate_pixel_count": 999.0,
        "new_fusion_score": 0.9492122687630001,
        "new_rank": 82.0,
        "score_delta": -0.29732041433532064,
        "rank_delta": 90.0,
        "unet_p95_delta": -0.008731290698051453,
        "candidate_pixel_delta": -2374.0,
        "abs_candidate_pixel_delta": 2374.0,
        "category": "both_high",
        "external_context_zone": "outside_qeshm_hengam_priority_box",
        "review_recommendation": "manual review priority because both model versions rank the tile highly",
        "edge_mask_fraction": 0.06332200384217526,
        "no_data_fraction": 0.001129150390625,
        "bright_scatterer_fraction": 0.039160632481158565,
        "combined_dark_pixels": 310,
        "dark_component_count": 6,
        "largest_dark_component_pixels": 281,
        "largest_dark_component_elongation": 1.173913043478261,
        "dark_component_coherence_fraction": 0.9064516129032258,
        "old_mask_component_count": 68,
        "new_mask_component_count": 69,
        "old_largest_mask_component_pixels": 5071,
        "new_largest_mask_component_pixels": 686,
        "edge_dominated": false,
        "bright_scatterer_dominated": false,
        "mostly_scattered_speckle": false,
        "coherent_dark_region_after_denoise": false,
        "unet_masks_not_just_speckle": true,
        "spatial_cluster_id": "",
        "nearby_candidate_cluster_size": 0,
        "inside_qeshm_hengam_context": false,
        "near_qeshm_hengam_context": true,
        "distance_to_qeshm_hengam_context_km": 3.391899310147064,
        "spatial_review_label": "uncertain",
        "approval_recommendation": "needs human visual review before any training use",
        "reason": "mixed evidence: some model/context priority, but spatial or denoised-mask evidence is not strong enough for probable-positive recommendation",
        "review_rank": 41,
        "preview_png": ""
      }
    },
    {
      "type": "Feature",
      "geometry": {
        "type": "Point",
        "coordinates": [
          56.82003546478981,
          27.23084286035362
        ]
      },
      "properties": {
        "tile": "D:\\SIHwork_2026\\data\\new_sar_case_study\\tiles_npz_run5_balanced3500\\S1C_IW_GRDH_1SDV_20260804T021408_20260804T021438_r6144_c26624_uncertain.npz",
        "tile_name": "S1C_IW_GRDH_1SDV_20260804T021408_20260804T021438_r6144_c26624_uncertain.npz",
        "scene": "S1C_IW_GRDH_1SDV_20260804T021408_20260804T021438_008839_01188E_BC5E",
        "acquisition_date": "2026-08-04",
        "acquisition_time": "02:14:08",
        "left": "479621.37147003977",
        "bottom": "3009456.4374795803",
        "right": "484741.37147003977",
        "top": "3014576.4374795803",
        "center_x": "482181.37147003977",
        "center_y": "3012016.4374795803",
        "crs": "EPSG:32640",
        "label": "uncertain",
        "old_cnn_score": 0.7486056685447693,
        "old_unet_p95": 0.19453777372837067,
        "old_candidate_pixel_count": 2827.0,
        "old_fusion_score": 1.1573854753851849,
        "old_rank": 208.0,
        "new_cnn_score": 0.6915168166160583,
        "new_unet_p95": 0.18985852599143982,
        "new_candidate_pixel_count": 1297.0,
        "new_fusion_score": 0.9411654604978829,
        "new_rank": 86.0,
        "score_delta": -0.21622001488730203,
        "rank_delta": 122.0,
        "unet_p95_delta": -0.004679247736930847,
        "candidate_pixel_delta": -1530.0,
        "abs_candidate_pixel_delta": 1530.0,
        "category": "both_high",
        "external_context_zone": "outside_qeshm_hengam_priority_box",
        "review_recommendation": "manual review priority because both model versions rank the tile highly",
        "edge_mask_fraction": 0.15051249775220285,
        "no_data_fraction": 0.00048828125,
        "bright_scatterer_fraction": 0.024725768746628303,
        "combined_dark_pixels": 86,
        "dark_component_count": 6,
        "largest_dark_component_pixels": 37,
        "largest_dark_component_elongation": 1.1428571428571428,
        "dark_component_coherence_fraction": 0.43023255813953487,
        "old_mask_component_count": 74,
        "new_mask_component_count": 42,
        "old_largest_mask_component_pixels": 4010,
        "new_largest_mask_component_pixels": 1811,
        "edge_dominated": false,
        "bright_scatterer_dominated": false,
        "mostly_scattered_speckle": false,
        "coherent_dark_region_after_denoise": false,
        "unet_masks_not_just_speckle": true,
        "spatial_cluster_id": "",
        "nearby_candidate_cluster_size": 0,
        "inside_qeshm_hengam_context": false,
        "near_qeshm_hengam_context": true,
        "distance_to_qeshm_hengam_context_km": 3.4235574992517392,
        "spatial_review_label": "uncertain",
        "approval_recommendation": "needs human visual review before any training use",
        "reason": "mixed evidence: some model/context priority, but spatial or denoised-mask evidence is not strong enough for probable-positive recommendation",
        "review_rank": 42,
        "preview_png": ""
      }
    },
    {
      "type": "Feature",
      "geometry": {
        "type": "Point",
        "coordinates": [
          56.755377278774354,
          27.131961801071125
        ]
      },
      "properties": {
        "tile": "D:\\SIHwork_2026\\data\\new_sar_case_study\\tiles_npz_run5_balanced3500\\S1C_20260808T141633_preprocessed_r5632_c12800_uncertain.npz",
        "tile_name": "S1C_20260808T141633_preprocessed_r5632_c12800_uncertain.npz",
        "scene": "S1C_IW_GRDH_1SDV_20260808T141614_20260808T141633_008905_011A9E_BE01_preprocessed_extracted_xmx4",
        "acquisition_date": "2026-08-08",
        "acquisition_time": "14:16:14",
        "left": "473198.061760937",
        "bottom": "2998514.963305102",
        "right": "478318.061760937",
        "top": "3003634.963305102",
        "center_x": "475758.061760937",
        "center_y": "3001074.963305102",
        "crs": "EPSG:32640",
        "label": "uncertain",
        "old_cnn_score": 0.7359559535980225,
        "old_unet_p95": 0.1889781653881073,
        "old_candidate_pixel_count": 1539.0,
        "old_fusion_score": 1.0207800102932698,
        "old_rank": 279.0,
        "new_cnn_score": 0.6960123181343079,
        "new_unet_p95": 0.19697318971157074,
        "new_candidate_pixel_count": 867.0,
        "new_fusion_score": 0.9276162386052399,
        "new_rank": 97.0,
        "score_delta": -0.09316377168802992,
        "rank_delta": 182.0,
        "unet_p95_delta": 0.00799502432346344,
        "candidate_pixel_delta": -672.0,
        "abs_candidate_pixel_delta": 672.0,
        "category": "qeshm_hengam_context_priority",
        "external_context_zone": "qeshm_hengam_context_priority",
        "review_recommendation": "context-priority manual review; model output remains candidate support only",
        "edge_mask_fraction": 0.13317793317793317,
        "no_data_fraction": 0.000972747802734375,
        "bright_scatterer_fraction": 0.012121212121212121,
        "combined_dark_pixels": 92,
        "dark_component_count": 13,
        "largest_dark_component_pixels": 16,
        "largest_dark_component_elongation": 16.0,
        "dark_component_coherence_fraction": 0.17391304347826086,
        "old_mask_component_count": 36,
        "new_mask_component_count": 43,
        "old_largest_mask_component_pixels": 3492,
        "new_largest_mask_component_pixels": 1606,
        "edge_dominated": false,
        "bright_scatterer_dominated": false,
        "mostly_scattered_speckle": false,
        "coherent_dark_region_after_denoise": false,
        "unet_masks_not_just_speckle": true,
        "spatial_cluster_id": "",
        "nearby_candidate_cluster_size": 0,
        "inside_qeshm_hengam_context": true,
        "near_qeshm_hengam_context": true,
        "distance_to_qeshm_hengam_context_km": 0.0,
        "spatial_review_label": "uncertain",
        "approval_recommendation": "needs human visual review before any training use",
        "reason": "mixed evidence: some model/context priority, but spatial or denoised-mask evidence is not strong enough for probable-positive recommendation",
        "review_rank": 43,
        "preview_png": "D:\\SIHwork_2026\\data\\new_sar_case_study\\qgis_spatial_manual_review_run5\\review_pages\\strongest_uncertain_previews\\strongest_uncertain_043_S1C_20260808T141633_preprocessed_r5632_c12800_uncertain.png"
      }
    },
    {
      "type": "Feature",
      "geometry": {
        "type": "Point",
        "coordinates": [
          56.607208779092204,
          27.24080589167773
        ]
      },
      "properties": {
        "tile": "D:\\SIHwork_2026\\data\\new_sar_case_study\\tiles_npz_run5_balanced3500\\S1D_20260805T020639_preprocessed_r2048_c4608_uncertain.npz",
        "tile_name": "S1D_20260805T020639_preprocessed_r2048_c4608_uncertain.npz",
        "scene": "S1D_IW_GRDH_1SDV_20260805T020614_20260805T020639_003984_0073C1_55A6_preprocessed_after_c_cleanup_xmx4",
        "acquisition_date": "2026-08-05",
        "acquisition_time": "02:06:14",
        "left": "458552.3208254428",
        "bottom": "3010608.1820285493",
        "right": "463672.3208254428",
        "top": "3015728.1820285493",
        "center_x": "461112.3208254428",
        "center_y": "3013168.1820285493",
        "crs": "EPSG:32640",
        "label": "uncertain",
        "old_cnn_score": 0.6836330890655518,
        "old_unet_p95": 0.2093839794397354,
        "old_candidate_pixel_count": 4050.0,
        "old_fusion_score": 1.1890388543716468,
        "old_rank": 189.0,
        "new_cnn_score": 0.6350178718566895,
        "new_unet_p95": 0.1918342113494873,
        "new_candidate_pixel_count": 1840.0,
        "new_fusion_score": 0.9158366899902096,
        "new_rank": 103.0,
        "score_delta": -0.2732021643814372,
        "rank_delta": 86.0,
        "unet_p95_delta": -0.017549768090248108,
        "candidate_pixel_delta": -2210.0,
        "abs_candidate_pixel_delta": 2210.0,
        "category": "both_high",
        "external_context_zone": "outside_qeshm_hengam_priority_box",
        "review_recommendation": "manual review priority because both model versions rank the tile highly",
        "edge_mask_fraction": 0.23440155377518815,
        "no_data_fraction": 0.001209259033203125,
        "bright_scatterer_fraction": 0.007101238164603059,
        "combined_dark_pixels": 137,
        "dark_component_count": 11,
        "largest_dark_component_pixels": 49,
        "largest_dark_component_elongation": 1.2857142857142858,
        "dark_component_coherence_fraction": 0.35766423357664234,
        "old_mask_component_count": 39,
        "new_mask_component_count": 49,
        "old_largest_mask_component_pixels": 5806,
        "new_largest_mask_component_pixels": 2663,
        "edge_dominated": false,
        "bright_scatterer_dominated": false,
        "mostly_scattered_speckle": false,
        "coherent_dark_region_after_denoise": false,
        "unet_masks_not_just_speckle": true,
        "spatial_cluster_id": "",
        "nearby_candidate_cluster_size": 0,
        "inside_qeshm_hengam_context": false,
        "near_qeshm_hengam_context": true,
        "distance_to_qeshm_hengam_context_km": 4.5294539762281865,
        "spatial_review_label": "uncertain",
        "approval_recommendation": "needs human visual review before any training use",
        "reason": "mixed evidence: some model/context priority, but spatial or denoised-mask evidence is not strong enough for probable-positive recommendation",
        "review_rank": 44,
        "preview_png": ""
      }
    },
    {
      "type": "Feature",
      "geometry": {
        "type": "Point",
        "coordinates": [
          57.065369629271046,
          27.132159659076322
        ]
      },
      "properties": {
        "tile": "D:\\SIHwork_2026\\data\\new_sar_case_study\\tiles_npz_run5_balanced3500\\S1C_20260808T141633_preprocessed_r5632_c15872_uncertain.npz",
        "tile_name": "S1C_20260808T141633_preprocessed_r5632_c15872_uncertain.npz",
        "scene": "S1C_IW_GRDH_1SDV_20260808T141614_20260808T141633_008905_011A9E_BE01_preprocessed_extracted_xmx4",
        "acquisition_date": "2026-08-08",
        "acquisition_time": "14:16:14",
        "left": "503918.061760937",
        "bottom": "2998514.963305102",
        "right": "509038.061760937",
        "top": "3003634.963305102",
        "center_x": "506478.061760937",
        "center_y": "3001074.963305102",
        "crs": "EPSG:32640",
        "label": "uncertain",
        "old_cnn_score": 0.9268712997436523,
        "old_unet_p95": 0.18536953628063202,
        "old_candidate_pixel_count": 784.0,
        "old_fusion_score": 1.1452558027476945,
        "old_rank": 214.0,
        "new_cnn_score": 0.8761370182037354,
        "new_unet_p95": 0.19492486119270325,
        "new_candidate_pixel_count": 186.0,
        "new_fusion_score": 0.8933733677967567,
        "new_rank": 110.0,
        "score_delta": -0.25188243495093776,
        "rank_delta": 104.0,
        "unet_p95_delta": 0.009555324912071228,
        "candidate_pixel_delta": -598.0,
        "abs_candidate_pixel_delta": 598.0,
        "category": "both_high",
        "external_context_zone": "outside_qeshm_hengam_priority_box",
        "review_recommendation": "manual review priority because both model versions rank the tile highly",
        "edge_mask_fraction": 0.006903043614684657,
        "no_data_fraction": 0.0110321044921875,
        "bright_scatterer_fraction": 0.15751490429871354,
        "combined_dark_pixels": 85,
        "dark_component_count": 7,
        "largest_dark_component_pixels": 55,
        "largest_dark_component_elongation": 1.75,
        "dark_component_coherence_fraction": 0.6470588235294118,
        "old_mask_component_count": 15,
        "new_mask_component_count": 17,
        "old_largest_mask_component_pixels": 1551,
        "new_largest_mask_component_pixels": 303,
        "edge_dominated": false,
        "bright_scatterer_dominated": false,
        "mostly_scattered_speckle": false,
        "coherent_dark_region_after_denoise": false,
        "unet_masks_not_just_speckle": true,
        "spatial_cluster_id": "",
        "nearby_candidate_cluster_size": 0,
        "inside_qeshm_hengam_context": false,
        "near_qeshm_hengam_context": true,
        "distance_to_qeshm_hengam_context_km": 11.396814641369168,
        "spatial_review_label": "uncertain",
        "approval_recommendation": "needs human visual review before any training use",
        "reason": "mixed evidence: some model/context priority, but spatial or denoised-mask evidence is not strong enough for probable-positive recommendation",
        "review_rank": 45,
        "preview_png": ""
      }
    },
    {
      "type": "Feature",
      "geometry": {
        "type": "Point",
        "coordinates": [
          56.76822901660126,
          27.27699123719167
        ]
      },
      "properties": {
        "tile": "D:\\SIHwork_2026\\data\\new_sar_case_study\\tiles_npz_run5_balanced3500\\S1C_IW_GRDH_1SDV_20260804T021408_20260804T021438_r5632_c26112_uncertain.npz",
        "tile_name": "S1C_IW_GRDH_1SDV_20260804T021408_20260804T021438_r5632_c26112_uncertain.npz",
        "scene": "S1C_IW_GRDH_1SDV_20260804T021408_20260804T021438_008839_01188E_BC5E",
        "acquisition_date": "2026-08-04",
        "acquisition_time": "02:14:08",
        "left": "474501.37147003977",
        "bottom": "3014576.4374795803",
        "right": "479621.37147003977",
        "top": "3019696.4374795803",
        "center_x": "477061.37147003977",
        "center_y": "3017136.4374795803",
        "crs": "EPSG:32640",
        "label": "uncertain",
        "old_cnn_score": 0.6097749471664429,
        "old_unet_p95": 0.2197890430688858,
        "old_candidate_pixel_count": 5211.0,
        "old_fusion_score": 1.1470553639216678,
        "old_rank": 212.0,
        "new_cnn_score": 0.5737452507019043,
        "new_unet_p95": 0.19594264030456543,
        "new_candidate_pixel_count": 2804.0,
        "new_fusion_score": 0.892529438060337,
        "new_rank": 111.0,
        "score_delta": -0.2545259258613308,
        "rank_delta": 101.0,
        "unet_p95_delta": -0.023846402764320374,
        "candidate_pixel_delta": -2407.0,
        "abs_candidate_pixel_delta": 2407.0,
        "category": "both_high",
        "external_context_zone": "outside_qeshm_hengam_priority_box",
        "review_recommendation": "manual review priority because both model versions rank the tile highly",
        "edge_mask_fraction": 0.13695837678960843,
        "no_data_fraction": 0.00102996826171875,
        "bright_scatterer_fraction": 0.0010429506020669384,
        "combined_dark_pixels": 358,
        "dark_component_count": 20,
        "largest_dark_component_pixels": 88,
        "largest_dark_component_elongation": 1.4545454545454546,
        "dark_component_coherence_fraction": 0.24581005586592178,
        "old_mask_component_count": 40,
        "new_mask_component_count": 50,
        "old_largest_mask_component_pixels": 5639,
        "new_largest_mask_component_pixels": 2177,
        "edge_dominated": false,
        "bright_scatterer_dominated": false,
        "mostly_scattered_speckle": false,
        "coherent_dark_region_after_denoise": false,
        "unet_masks_not_just_speckle": true,
        "spatial_cluster_id": "",
        "nearby_candidate_cluster_size": 0,
        "inside_qeshm_hengam_context": false,
        "near_qeshm_hengam_context": true,
        "distance_to_qeshm_hengam_context_km": 8.546027328275407,
        "spatial_review_label": "uncertain",
        "approval_recommendation": "needs human visual review before any training use",
        "reason": "mixed evidence: some model/context priority, but spatial or denoised-mask evidence is not strong enough for probable-positive recommendation",
        "review_rank": 46,
        "preview_png": ""
      }
    },
    {
      "type": "Feature",
      "geometry": {
        "type": "Point",
        "coordinates": [
          55.839056198229315,
          27.087488097768293
        ]
      },
      "properties": {
        "tile": "D:\\SIHwork_2026\\data\\new_sar_case_study\\tiles_npz_run5_balanced3500\\S1C_IW_GRDH_1SDV_20260804T021408_20260804T021438_r7680_c16896_uncertain.npz",
        "tile_name": "S1C_IW_GRDH_1SDV_20260804T021408_20260804T021438_r7680_c16896_uncertain.npz",
        "scene": "S1C_IW_GRDH_1SDV_20260804T021408_20260804T021438_008839_01188E_BC5E",
        "acquisition_date": "2026-08-04",
        "acquisition_time": "02:14:08",
        "left": "382341.37147003977",
        "bottom": "2994096.4374795803",
        "right": "387461.37147003977",
        "top": "2999216.4374795803",
        "center_x": "384901.37147003977",
        "center_y": "2996656.4374795803",
        "crs": "EPSG:32640",
        "label": "uncertain",
        "old_cnn_score": 0.6870061159133911,
        "old_unet_p95": 0.20253299176692963,
        "old_candidate_pixel_count": 3623.0,
        "old_fusion_score": 1.1403102328459864,
        "old_rank": 216.0,
        "new_cnn_score": 0.6356419920921326,
        "new_unet_p95": 0.19370336830615997,
        "new_candidate_pixel_count": 1390.0,
        "new_fusion_score": 0.8911586407828909,
        "new_rank": 112.0,
        "score_delta": -0.24915159206309556,
        "rank_delta": 104.0,
        "unet_p95_delta": -0.008829623460769653,
        "candidate_pixel_delta": -2233.0,
        "abs_candidate_pixel_delta": 2233.0,
        "category": "both_high;qeshm_hengam_context_priority",
        "external_context_zone": "qeshm_hengam_context_priority",
        "review_recommendation": "highest manual review priority: both model versions rank high inside Qeshm/Hengam context zone",
        "edge_mask_fraction": 0.2873121286263544,
        "no_data_fraction": 0.001529693603515625,
        "bright_scatterer_fraction": 0.034882908074099966,
        "combined_dark_pixels": 103,
        "dark_component_count": 10,
        "largest_dark_component_pixels": 38,
        "largest_dark_component_elongation": 1.3333333333333333,
        "dark_component_coherence_fraction": 0.36893203883495146,
        "old_mask_component_count": 62,
        "new_mask_component_count": 66,
        "old_largest_mask_component_pixels": 3867,
        "new_largest_mask_component_pixels": 1777,
        "edge_dominated": false,
        "bright_scatterer_dominated": false,
        "mostly_scattered_speckle": false,
        "coherent_dark_region_after_denoise": false,
        "unet_masks_not_just_speckle": true,
        "spatial_cluster_id": "",
        "nearby_candidate_cluster_size": 0,
        "inside_qeshm_hengam_context": true,
        "near_qeshm_hengam_context": true,
        "distance_to_qeshm_hengam_context_km": 0.0,
        "spatial_review_label": "uncertain",
        "approval_recommendation": "needs human visual review before any training use",
        "reason": "mixed evidence: some model/context priority, but spatial or denoised-mask evidence is not strong enough for probable-positive recommendation",
        "review_rank": 47,
        "preview_png": "D:\\SIHwork_2026\\data\\new_sar_case_study\\qgis_spatial_manual_review_run5\\review_pages\\strongest_uncertain_previews\\strongest_uncertain_047_S1C_IW_GRDH_1SDV_20260804T021408_20260804T021438_r7680_c16896_uncertain.png"
      }
    },
    {
      "type": "Feature",
      "geometry": {
        "type": "Point",
        "coordinates": [
          56.71673126778013,
          27.184447334632104
        ]
      },
      "properties": {
        "tile": "D:\\SIHwork_2026\\data\\new_sar_case_study\\tiles_npz_run5_balanced3500\\S1C_IW_GRDH_1SDV_20260804T021408_20260804T021438_r6656_c25600_uncertain.npz",
        "tile_name": "S1C_IW_GRDH_1SDV_20260804T021408_20260804T021438_r6656_c25600_uncertain.npz",
        "scene": "S1C_IW_GRDH_1SDV_20260804T021408_20260804T021438_008839_01188E_BC5E",
        "acquisition_date": "2026-08-04",
        "acquisition_time": "02:14:08",
        "left": "469381.37147003977",
        "bottom": "3004336.4374795803",
        "right": "474501.37147003977",
        "top": "3009456.4374795803",
        "center_x": "471941.37147003977",
        "center_y": "3006896.4374795803",
        "crs": "EPSG:32640",
        "label": "uncertain",
        "old_cnn_score": 0.6669578552246094,
        "old_unet_p95": 0.19640439748764038,
        "old_candidate_pixel_count": 2835.0,
        "old_fusion_score": 1.0414176071565597,
        "old_rank": 265.0,
        "new_cnn_score": 0.6372225284576416,
        "new_unet_p95": 0.19192305207252502,
        "new_candidate_pixel_count": 1137.0,
        "new_fusion_score": 0.8606122394120507,
        "new_rank": 133.0,
        "score_delta": -0.18080536774450906,
        "rank_delta": 132.0,
        "unet_p95_delta": -0.0044813454151153564,
        "candidate_pixel_delta": -1698.0,
        "abs_candidate_pixel_delta": 1698.0,
        "category": "qeshm_hengam_context_priority",
        "external_context_zone": "qeshm_hengam_context_priority",
        "review_recommendation": "context-priority manual review; model output remains candidate support only",
        "edge_mask_fraction": 0.1714101501335544,
        "no_data_fraction": 0.000934600830078125,
        "bright_scatterer_fraction": 0.02551349359859998,
        "combined_dark_pixels": 129,
        "dark_component_count": 3,
        "largest_dark_component_pixels": 115,
        "largest_dark_component_elongation": 1.6363636363636365,
        "dark_component_coherence_fraction": 0.8914728682170543,
        "old_mask_component_count": 72,
        "new_mask_component_count": 45,
        "old_largest_mask_component_pixels": 5321,
        "new_largest_mask_component_pixels": 1248,
        "edge_dominated": false,
        "bright_scatterer_dominated": false,
        "mostly_scattered_speckle": false,
        "coherent_dark_region_after_denoise": false,
        "unet_masks_not_just_speckle": true,
        "spatial_cluster_id": "",
        "nearby_candidate_cluster_size": 0,
        "inside_qeshm_hengam_context": true,
        "near_qeshm_hengam_context": true,
        "distance_to_qeshm_hengam_context_km": 0.0,
        "spatial_review_label": "uncertain",
        "approval_recommendation": "needs human visual review before any training use",
        "reason": "mixed evidence: some model/context priority, but spatial or denoised-mask evidence is not strong enough for probable-positive recommendation",
        "review_rank": 48,
        "preview_png": "D:\\SIHwork_2026\\data\\new_sar_case_study\\qgis_spatial_manual_review_run5\\review_pages\\strongest_uncertain_previews\\strongest_uncertain_048_S1C_IW_GRDH_1SDV_20260804T021408_20260804T021438_r6656_c25600_uncertain.png"
      }
    },
    {
      "type": "Feature",
      "geometry": {
        "type": "Point",
        "coordinates": [
          55.570758240215596,
          26.847593332786996
        ]
      },
      "properties": {
        "tile": "D:\\SIHwork_2026\\data\\new_sar_case_study\\tiles_npz_run5_balanced3500\\S1C_20260808T141633_preprocessed_r8704_c1024_uncertain.npz",
        "tile_name": "S1C_20260808T141633_preprocessed_r8704_c1024_uncertain.npz",
        "scene": "S1C_IW_GRDH_1SDV_20260808T141614_20260808T141633_008905_011A9E_BE01_preprocessed_extracted_xmx4",
        "acquisition_date": "2026-08-08",
        "acquisition_time": "14:16:14",
        "left": "355438.061760937",
        "bottom": "2967794.963305102",
        "right": "360558.061760937",
        "top": "2972914.963305102",
        "center_x": "357998.061760937",
        "center_y": "2970354.963305102",
        "crs": "EPSG:32640",
        "label": "uncertain",
        "old_cnn_score": 0.6380512118339539,
        "old_unet_p95": 0.19445425271987915,
        "old_candidate_pixel_count": 2815.0,
        "old_fusion_score": 0.9855111039341086,
        "old_rank": 303.0,
        "new_cnn_score": 0.6163100004196167,
        "new_unet_p95": 0.19269682466983795,
        "new_candidate_pixel_count": 1090.0,
        "new_fusion_score": 0.8307152399219284,
        "new_rank": 148.0,
        "score_delta": -0.15479586401218015,
        "rank_delta": 155.0,
        "unet_p95_delta": -0.0017574280500411987,
        "candidate_pixel_delta": -1725.0,
        "abs_candidate_pixel_delta": 1725.0,
        "category": "qeshm_hengam_context_priority",
        "external_context_zone": "qeshm_hengam_context_priority",
        "review_recommendation": "context-priority manual review; model output remains candidate support only",
        "edge_mask_fraction": 0.26590152444366566,
        "no_data_fraction": 0.000171661376953125,
        "bright_scatterer_fraction": 0.04906255475731558,
        "combined_dark_pixels": 397,
        "dark_component_count": 32,
        "largest_dark_component_pixels": 79,
        "largest_dark_component_elongation": 2.090909090909091,
        "dark_component_coherence_fraction": 0.19899244332493704,
        "old_mask_component_count": 55,
        "new_mask_component_count": 81,
        "old_largest_mask_component_pixels": 5863,
        "new_largest_mask_component_pixels": 1623,
        "edge_dominated": false,
        "bright_scatterer_dominated": false,
        "mostly_scattered_speckle": false,
        "coherent_dark_region_after_denoise": false,
        "unet_masks_not_just_speckle": true,
        "spatial_cluster_id": "",
        "nearby_candidate_cluster_size": 0,
        "inside_qeshm_hengam_context": true,
        "near_qeshm_hengam_context": true,
        "distance_to_qeshm_hengam_context_km": 0.0,
        "spatial_review_label": "uncertain",
        "approval_recommendation": "needs human visual review before any training use",
        "reason": "mixed evidence: some model/context priority, but spatial or denoised-mask evidence is not strong enough for probable-positive recommendation",
        "review_rank": 49,
        "preview_png": "D:\\SIHwork_2026\\data\\new_sar_case_study\\qgis_spatial_manual_review_run5\\review_pages\\strongest_uncertain_previews\\strongest_uncertain_049_S1C_20260808T141633_preprocessed_r8704_c1024_uncertain.png"
      }
    },
    {
      "type": "Feature",
      "geometry": {
        "type": "Point",
        "coordinates": [
          56.71193614132932,
          26.73257285593667
        ]
      },
      "properties": {
        "tile": "D:\\SIHwork_2026\\data\\new_sar_case_study\\tiles_npz_run5_balanced3500\\S1D_20260805T020639_preprocessed_r7680_c5632_uncertain.npz",
        "tile_name": "S1D_20260805T020639_preprocessed_r7680_c5632_uncertain.npz",
        "scene": "S1D_IW_GRDH_1SDV_20260805T020614_20260805T020639_003984_0073C1_55A6_preprocessed_after_c_cleanup_xmx4",
        "acquisition_date": "2026-08-05",
        "acquisition_time": "02:06:14",
        "left": "468792.3208254428",
        "bottom": "2954288.1820285493",
        "right": "473912.3208254428",
        "top": "2959408.1820285493",
        "center_x": "471352.3208254428",
        "center_y": "2956848.1820285493",
        "crs": "EPSG:32640",
        "label": "uncertain",
        "old_cnn_score": 0.7520943880081177,
        "old_unet_p95": 0.20592819154262543,
        "old_candidate_pixel_count": 4251.0,
        "old_fusion_score": 1.2940234046149781,
        "old_rank": 152.0,
        "new_cnn_score": 0.5123514533042908,
        "new_unet_p95": 0.1779135912656784,
        "new_candidate_pixel_count": 816.0,
        "new_fusion_score": 0.6112477508901817,
        "new_rank": 444.0,
        "score_delta": -0.6827756537247964,
        "rank_delta": -292.0,
        "unet_p95_delta": -0.02801460027694702,
        "candidate_pixel_delta": -3435.0,
        "abs_candidate_pixel_delta": 3435.0,
        "category": "qeshm_hengam_context_priority",
        "external_context_zone": "qeshm_hengam_context_priority",
        "review_recommendation": "context-priority manual review; model output remains candidate support only",
        "edge_mask_fraction": 0.1379077338902881,
        "no_data_fraction": 0.000415802001953125,
        "bright_scatterer_fraction": 0.0379015910068186,
        "combined_dark_pixels": 3624,
        "dark_component_count": 132,
        "largest_dark_component_pixels": 572,
        "largest_dark_component_elongation": 1.263157894736842,
        "dark_component_coherence_fraction": 0.15783664459161148,
        "old_mask_component_count": 142,
        "new_mask_component_count": 70,
        "old_largest_mask_component_pixels": 4633,
        "new_largest_mask_component_pixels": 330,
        "edge_dominated": false,
        "bright_scatterer_dominated": false,
        "mostly_scattered_speckle": false,
        "coherent_dark_region_after_denoise": false,
        "unet_masks_not_just_speckle": true,
        "spatial_cluster_id": "",
        "nearby_candidate_cluster_size": 0,
        "inside_qeshm_hengam_context": true,
        "near_qeshm_hengam_context": true,
        "distance_to_qeshm_hengam_context_km": 0.0,
        "spatial_review_label": "uncertain",
        "approval_recommendation": "needs human visual review before any training use",
        "reason": "mixed evidence: some model/context priority, but spatial or denoised-mask evidence is not strong enough for probable-positive recommendation",
        "review_rank": 50,
        "preview_png": "D:\\SIHwork_2026\\data\\new_sar_case_study\\qgis_spatial_manual_review_run5\\review_pages\\strongest_uncertain_previews\\strongest_uncertain_050_S1D_20260805T020639_preprocessed_r7680_c5632_uncertain.png"
      }
    },
    {
      "type": "Feature",
      "geometry": {
        "type": "Point",
        "coordinates": [
          56.303519626433705,
          27.136780556338337
        ]
      },
      "properties": {
        "tile": "D:\\SIHwork_2026\\data\\new_sar_case_study\\tiles_npz_run5_balanced3500\\S1C_IW_GRDH_1SDV_20260804T021408_20260804T021438_r7168_c21504_uncertain.npz",
        "tile_name": "S1C_IW_GRDH_1SDV_20260804T021408_20260804T021438_r7168_c21504_uncertain.npz",
        "scene": "S1C_IW_GRDH_1SDV_20260804T021408_20260804T021438_008839_01188E_BC5E",
        "acquisition_date": "2026-08-04",
        "acquisition_time": "02:14:08",
        "left": "428421.37147003977",
        "bottom": "2999216.4374795803",
        "right": "433541.37147003977",
        "top": "3004336.4374795803",
        "center_x": "430981.37147003977",
        "center_y": "3001776.4374795803",
        "crs": "EPSG:32640",
        "label": "uncertain",
        "old_cnn_score": 0.586448073387146,
        "old_unet_p95": 0.23901823163032532,
        "old_candidate_pixel_count": 10133.0,
        "old_fusion_score": 1.292895646199129,
        "old_rank": 153.0,
        "new_cnn_score": 0.4705429971218109,
        "new_unet_p95": 0.20755894482135773,
        "new_candidate_pixel_count": 4230.0,
        "new_fusion_score": 0.8155250695735269,
        "new_rank": 161.0,
        "score_delta": -0.4773705766256021,
        "rank_delta": -8.0,
        "unet_p95_delta": -0.03145928680896759,
        "candidate_pixel_delta": -5903.0,
        "abs_candidate_pixel_delta": 5903.0,
        "category": "both_high;qeshm_hengam_context_priority",
        "external_context_zone": "qeshm_hengam_context_priority",
        "review_recommendation": "highest manual review priority: both model versions rank high inside Qeshm/Hengam context zone",
        "edge_mask_fraction": 0.2219634759161662,
        "no_data_fraction": 0.000133514404296875,
        "bright_scatterer_fraction": 0.003137639416595171,
        "combined_dark_pixels": 8860,
        "dark_component_count": 227,
        "largest_dark_component_pixels": 1234,
        "largest_dark_component_elongation": 1.125,
        "dark_component_coherence_fraction": 0.13927765237020315,
        "old_mask_component_count": 125,
        "new_mask_component_count": 114,
        "old_largest_mask_component_pixels": 24289,
        "new_largest_mask_component_pixels": 4426,
        "edge_dominated": false,
        "bright_scatterer_dominated": false,
        "mostly_scattered_speckle": false,
        "coherent_dark_region_after_denoise": false,
        "unet_masks_not_just_speckle": true,
        "spatial_cluster_id": "",
        "nearby_candidate_cluster_size": 0,
        "inside_qeshm_hengam_context": true,
        "near_qeshm_hengam_context": true,
        "distance_to_qeshm_hengam_context_km": 0.0,
        "spatial_review_label": "uncertain",
        "approval_recommendation": "needs human visual review before any training use",
        "reason": "mixed evidence: some model/context priority, but spatial or denoised-mask evidence is not strong enough for probable-positive recommendation",
        "review_rank": 51,
        "preview_png": "D:\\SIHwork_2026\\data\\new_sar_case_study\\qgis_spatial_manual_review_run5\\review_pages\\strongest_uncertain_previews\\strongest_uncertain_051_S1C_IW_GRDH_1SDV_20260804T021408_20260804T021438_r7168_c21504_uncertain.png"
      }
    },
    {
      "type": "Feature",
      "geometry": {
        "type": "Point",
        "coordinates": [
          56.86616947405475,
          26.917712124562083
        ]
      },
      "properties": {
        "tile": "D:\\SIHwork_2026\\data\\new_sar_case_study\\tiles_npz_run5_balanced3500\\S1D_20260805T020639_preprocessed_r5632_c7168_uncertain.npz",
        "tile_name": "S1D_20260805T020639_preprocessed_r5632_c7168_uncertain.npz",
        "scene": "S1D_IW_GRDH_1SDV_20260805T020614_20260805T020639_003984_0073C1_55A6_preprocessed_after_c_cleanup_xmx4",
        "acquisition_date": "2026-08-05",
        "acquisition_time": "02:06:14",
        "left": "484152.3208254428",
        "bottom": "2974768.1820285493",
        "right": "489272.3208254428",
        "top": "2979888.1820285493",
        "center_x": "486712.3208254428",
        "center_y": "2977328.1820285493",
        "crs": "EPSG:32640",
        "label": "uncertain",
        "old_cnn_score": 0.8766070604324341,
        "old_unet_p95": 0.17800942063331604,
        "old_candidate_pixel_count": 1033.0,
        "old_fusion_score": 1.0831332470854218,
        "old_rank": 247.0,
        "new_cnn_score": 0.7875479459762573,
        "new_unet_p95": 0.1731935739517212,
        "new_candidate_pixel_count": 388.0,
        "new_fusion_score": 0.8134217469770714,
        "new_rank": 163.0,
        "score_delta": -0.26971150010835043,
        "rank_delta": 84.0,
        "unet_p95_delta": -0.004815846681594849,
        "candidate_pixel_delta": -645.0,
        "abs_candidate_pixel_delta": 645.0,
        "category": "both_high;qeshm_hengam_context_priority",
        "external_context_zone": "qeshm_hengam_context_priority",
        "review_recommendation": "highest manual review priority: both model versions rank high inside Qeshm/Hengam context zone",
        "edge_mask_fraction": 0.3889728096676737,
        "no_data_fraction": 0.00040435791015625,
        "bright_scatterer_fraction": 0.16339375629405842,
        "combined_dark_pixels": 214,
        "dark_component_count": 11,
        "largest_dark_component_pixels": 117,
        "largest_dark_component_elongation": 1.4166666666666667,
        "dark_component_coherence_fraction": 0.5467289719626168,
        "old_mask_component_count": 28,
        "new_mask_component_count": 23,
        "old_largest_mask_component_pixels": 2320,
        "new_largest_mask_component_pixels": 674,
        "edge_dominated": false,
        "bright_scatterer_dominated": false,
        "mostly_scattered_speckle": false,
        "coherent_dark_region_after_denoise": false,
        "unet_masks_not_just_speckle": true,
        "spatial_cluster_id": "",
        "nearby_candidate_cluster_size": 0,
        "inside_qeshm_hengam_context": true,
        "near_qeshm_hengam_context": true,
        "distance_to_qeshm_hengam_context_km": 0.0,
        "spatial_review_label": "uncertain",
        "approval_recommendation": "needs human visual review before any training use",
        "reason": "mixed evidence: some model/context priority, but spatial or denoised-mask evidence is not strong enough for probable-positive recommendation",
        "review_rank": 52,
        "preview_png": "D:\\SIHwork_2026\\data\\new_sar_case_study\\qgis_spatial_manual_review_run5\\review_pages\\strongest_uncertain_previews\\strongest_uncertain_052_S1D_20260805T020639_preprocessed_r5632_c7168_uncertain.png"
      }
    },
    {
      "type": "Feature",
      "geometry": {
        "type": "Point",
        "coordinates": [
          55.776847300187725,
          26.849526162125056
        ]
      },
      "properties": {
        "tile": "D:\\SIHwork_2026\\data\\new_sar_case_study\\tiles_npz_run5_balanced3500\\S1C_20260808T141633_preprocessed_r8704_c3072_uncertain.npz",
        "tile_name": "S1C_20260808T141633_preprocessed_r8704_c3072_uncertain.npz",
        "scene": "S1C_IW_GRDH_1SDV_20260808T141614_20260808T141633_008905_011A9E_BE01_preprocessed_extracted_xmx4",
        "acquisition_date": "2026-08-08",
        "acquisition_time": "14:16:14",
        "left": "375918.061760937",
        "bottom": "2967794.963305102",
        "right": "381038.061760937",
        "top": "2972914.963305102",
        "center_x": "378478.061760937",
        "center_y": "2970354.963305102",
        "crs": "EPSG:32640",
        "label": "uncertain",
        "old_cnn_score": 0.6387783885002136,
        "old_unet_p95": 0.18911971151828766,
        "old_candidate_pixel_count": 1918.0,
        "old_fusion_score": 0.913237003910725,
        "old_rank": 372.0,
        "new_cnn_score": 0.6133415699005127,
        "new_unet_p95": 0.196303129196167,
        "new_candidate_pixel_count": 801.0,
        "new_fusion_score": 0.8051336904105214,
        "new_rank": 167.0,
        "score_delta": -0.10810331350020363,
        "rank_delta": 205.0,
        "unet_p95_delta": 0.0071834176778793335,
        "candidate_pixel_delta": -1117.0,
        "abs_candidate_pixel_delta": 1117.0,
        "category": "qeshm_hengam_context_priority",
        "external_context_zone": "qeshm_hengam_context_priority",
        "review_recommendation": "context-priority manual review; model output remains candidate support only",
        "edge_mask_fraction": 0.06331964498609087,
        "no_data_fraction": 0.001323699951171875,
        "bright_scatterer_fraction": 0.05338455424559544,
        "combined_dark_pixels": 226,
        "dark_component_count": 8,
        "largest_dark_component_pixels": 147,
        "largest_dark_component_elongation": 1.0526315789473684,
        "dark_component_coherence_fraction": 0.6504424778761062,
        "old_mask_component_count": 71,
        "new_mask_component_count": 56,
        "old_largest_mask_component_pixels": 1711,
        "new_largest_mask_component_pixels": 645,
        "edge_dominated": false,
        "bright_scatterer_dominated": false,
        "mostly_scattered_speckle": false,
        "coherent_dark_region_after_denoise": false,
        "unet_masks_not_just_speckle": true,
        "spatial_cluster_id": "",
        "nearby_candidate_cluster_size": 0,
        "inside_qeshm_hengam_context": true,
        "near_qeshm_hengam_context": true,
        "distance_to_qeshm_hengam_context_km": 0.0,
        "spatial_review_label": "uncertain",
        "approval_recommendation": "needs human visual review before any training use",
        "reason": "mixed evidence: some model/context priority, but spatial or denoised-mask evidence is not strong enough for probable-positive recommendation",
        "review_rank": 53,
        "preview_png": "D:\\SIHwork_2026\\data\\new_sar_case_study\\qgis_spatial_manual_review_run5\\review_pages\\strongest_uncertain_previews\\strongest_uncertain_053_S1C_20260808T141633_preprocessed_r8704_c3072_uncertain.png"
      }
    },
    {
      "type": "Feature",
      "geometry": {
        "type": "Point",
        "coordinates": [
          56.031716131333326,
          27.17505796177279
        ]
      },
      "properties": {
        "tile": "D:\\SIHwork_2026\\data\\new_sar_case_study\\tiles_npz_run5_balanced3500\\S1C_20260808T141633_preprocessed_r5120_c5632_uncertain.npz",
        "tile_name": "S1C_20260808T141633_preprocessed_r5120_c5632_uncertain.npz",
        "scene": "S1C_IW_GRDH_1SDV_20260808T141614_20260808T141633_008905_011A9E_BE01_preprocessed_extracted_xmx4",
        "acquisition_date": "2026-08-08",
        "acquisition_time": "14:16:14",
        "left": "401518.061760937",
        "bottom": "3003634.963305102",
        "right": "406638.061760937",
        "top": "3008754.963305102",
        "center_x": "404078.061760937",
        "center_y": "3006194.963305102",
        "crs": "EPSG:32640",
        "label": "uncertain",
        "old_cnn_score": 0.6120314598083496,
        "old_unet_p95": 0.19040538370609283,
        "old_candidate_pixel_count": 2328.0,
        "old_fusion_score": 0.9035113996418584,
        "old_rank": 385.0,
        "new_cnn_score": 0.5819576978683472,
        "new_unet_p95": 0.19761472940444946,
        "new_candidate_pixel_count": 1052.0,
        "new_fusion_score": 0.8003545812466005,
        "new_rank": 169.0,
        "score_delta": -0.10315681839525792,
        "rank_delta": 216.0,
        "unet_p95_delta": 0.007209345698356628,
        "candidate_pixel_delta": -1276.0,
        "abs_candidate_pixel_delta": 1276.0,
        "category": "qeshm_hengam_context_priority",
        "external_context_zone": "qeshm_hengam_context_priority",
        "review_recommendation": "context-priority manual review; model output remains candidate support only",
        "edge_mask_fraction": 0.12626366824840107,
        "no_data_fraction": 0.005977630615234375,
        "bright_scatterer_fraction": 0.06942438621827934,
        "combined_dark_pixels": 201,
        "dark_component_count": 12,
        "largest_dark_component_pixels": 123,
        "largest_dark_component_elongation": 1.0,
        "dark_component_coherence_fraction": 0.6119402985074627,
        "old_mask_component_count": 25,
        "new_mask_component_count": 34,
        "old_largest_mask_component_pixels": 6864,
        "new_largest_mask_component_pixels": 3523,
        "edge_dominated": false,
        "bright_scatterer_dominated": false,
        "mostly_scattered_speckle": false,
        "coherent_dark_region_after_denoise": false,
        "unet_masks_not_just_speckle": true,
        "spatial_cluster_id": "",
        "nearby_candidate_cluster_size": 0,
        "inside_qeshm_hengam_context": true,
        "near_qeshm_hengam_context": true,
        "distance_to_qeshm_hengam_context_km": 0.0,
        "spatial_review_label": "uncertain",
        "approval_recommendation": "needs human visual review before any training use",
        "reason": "mixed evidence: some model/context priority, but spatial or denoised-mask evidence is not strong enough for probable-positive recommendation",
        "review_rank": 54,
        "preview_png": "D:\\SIHwork_2026\\data\\new_sar_case_study\\qgis_spatial_manual_review_run5\\review_pages\\strongest_uncertain_previews\\strongest_uncertain_054_S1C_20260808T141633_preprocessed_r5120_c5632_uncertain.png"
      }
    },
    {
      "type": "Feature",
      "geometry": {
        "type": "Point",
        "coordinates": [
          56.81467761840473,
          26.87142696819553
        ]
      },
      "properties": {
        "tile": "D:\\SIHwork_2026\\data\\new_sar_case_study\\tiles_npz_run5_balanced3500\\S1D_20260805T020639_preprocessed_r6144_c6656_uncertain.npz",
        "tile_name": "S1D_20260805T020639_preprocessed_r6144_c6656_uncertain.npz",
        "scene": "S1D_IW_GRDH_1SDV_20260805T020614_20260805T020639_003984_0073C1_55A6_preprocessed_after_c_cleanup_xmx4",
        "acquisition_date": "2026-08-05",
        "acquisition_time": "02:06:14",
        "left": "479032.3208254428",
        "bottom": "2969648.1820285493",
        "right": "484152.3208254428",
        "top": "2974768.1820285493",
        "center_x": "481592.3208254428",
        "center_y": "2972208.1820285493",
        "crs": "EPSG:32640",
        "label": "uncertain",
        "old_cnn_score": 0.9237990379333496,
        "old_unet_p95": 0.18084314465522766,
        "old_candidate_pixel_count": 1560.0,
        "old_fusion_score": 1.2284258884461854,
        "old_rank": 174.0,
        "new_cnn_score": 0.8327575325965881,
        "new_unet_p95": 0.17990808188915253,
        "new_candidate_pixel_count": 179.0,
        "new_fusion_score": 0.7780078106505934,
        "new_rank": 199.0,
        "score_delta": -0.45041807779559195,
        "rank_delta": -25.0,
        "unet_p95_delta": -0.0009350627660751343,
        "candidate_pixel_delta": -1381.0,
        "abs_candidate_pixel_delta": 1381.0,
        "category": "both_high;qeshm_hengam_context_priority",
        "external_context_zone": "qeshm_hengam_context_priority",
        "review_recommendation": "highest manual review priority: both model versions rank high inside Qeshm/Hengam context zone",
        "edge_mask_fraction": 0.20265278710543988,
        "no_data_fraction": 0.00060272216796875,
        "bright_scatterer_fraction": 0.056413700470114174,
        "combined_dark_pixels": 178,
        "dark_component_count": 18,
        "largest_dark_component_pixels": 31,
        "largest_dark_component_elongation": 2.75,
        "dark_component_coherence_fraction": 0.17415730337078653,
        "old_mask_component_count": 58,
        "new_mask_component_count": 21,
        "old_largest_mask_component_pixels": 1442,
        "new_largest_mask_component_pixels": 120,
        "edge_dominated": false,
        "bright_scatterer_dominated": false,
        "mostly_scattered_speckle": false,
        "coherent_dark_region_after_denoise": false,
        "unet_masks_not_just_speckle": true,
        "spatial_cluster_id": "",
        "nearby_candidate_cluster_size": 0,
        "inside_qeshm_hengam_context": true,
        "near_qeshm_hengam_context": true,
        "distance_to_qeshm_hengam_context_km": 0.0,
        "spatial_review_label": "uncertain",
        "approval_recommendation": "needs human visual review before any training use",
        "reason": "mixed evidence: some model/context priority, but spatial or denoised-mask evidence is not strong enough for probable-positive recommendation",
        "review_rank": 55,
        "preview_png": "D:\\SIHwork_2026\\data\\new_sar_case_study\\qgis_spatial_manual_review_run5\\review_pages\\strongest_uncertain_previews\\strongest_uncertain_055_S1D_20260805T020639_preprocessed_r6144_c6656_uncertain.png"
      }
    },
    {
      "type": "Feature",
      "geometry": {
        "type": "Point",
        "coordinates": [
          55.863976904018166,
          26.74819392067545
        ]
      },
      "properties": {
        "tile": "D:\\SIHwork_2026\\data\\new_sar_case_study\\tiles_npz_run5_balanced3500\\S1D_20260810T021454_preprocessed_r7168_c17920_uncertain.npz",
        "tile_name": "S1D_20260810T021454_preprocessed_r7168_c17920_uncertain.npz",
        "scene": "S1D_IW_GRDH_1SDV_20260810T021429_20260810T021454_004057_00763F_AFC5_preprocessed_extracted_xmx4",
        "acquisition_date": "2026-08-10",
        "acquisition_time": "02:14:29",
        "left": "384474.85972424183",
        "bottom": "2956489.977188905",
        "right": "389594.85972424183",
        "top": "2961609.977188905",
        "center_x": "387034.85972424183",
        "center_y": "2959049.977188905",
        "crs": "EPSG:32640",
        "label": "uncertain",
        "old_cnn_score": 0.6709324717521667,
        "old_unet_p95": 0.18822027742862701,
        "old_candidate_pixel_count": 1544.0,
        "old_fusion_score": 0.9272688890460635,
        "old_rank": 355.0,
        "new_cnn_score": 0.6125180125236511,
        "new_unet_p95": 0.19655001163482666,
        "new_candidate_pixel_count": 724.0,
        "new_fusion_score": 0.7929119881068694,
        "new_rank": 174.0,
        "score_delta": -0.13435690093919417,
        "rank_delta": 181.0,
        "unet_p95_delta": 0.008329734206199646,
        "candidate_pixel_delta": -820.0,
        "abs_candidate_pixel_delta": 820.0,
        "category": "qeshm_hengam_context_priority",
        "external_context_zone": "qeshm_hengam_context_priority",
        "review_recommendation": "context-priority manual review; model output remains candidate support only",
        "edge_mask_fraction": 0.0074532191563590235,
        "no_data_fraction": 0.00174713134765625,
        "bright_scatterer_fraction": 0.000792895654931811,
        "combined_dark_pixels": 169,
        "dark_component_count": 10,
        "largest_dark_component_pixels": 136,
        "largest_dark_component_elongation": 2.2857142857142856,
        "dark_component_coherence_fraction": 0.8047337278106509,
        "old_mask_component_count": 8,
        "new_mask_component_count": 25,
        "old_largest_mask_component_pixels": 5541,
        "new_largest_mask_component_pixels": 2053,
        "edge_dominated": false,
        "bright_scatterer_dominated": false,
        "mostly_scattered_speckle": false,
        "coherent_dark_region_after_denoise": false,
        "unet_masks_not_just_speckle": true,
        "spatial_cluster_id": "",
        "nearby_candidate_cluster_size": 0,
        "inside_qeshm_hengam_context": true,
        "near_qeshm_hengam_context": true,
        "distance_to_qeshm_hengam_context_km": 0.0,
        "spatial_review_label": "uncertain",
        "approval_recommendation": "needs human visual review before any training use",
        "reason": "mixed evidence: some model/context priority, but spatial or denoised-mask evidence is not strong enough for probable-positive recommendation",
        "review_rank": 56,
        "preview_png": "D:\\SIHwork_2026\\data\\new_sar_case_study\\qgis_spatial_manual_review_run5\\review_pages\\strongest_uncertain_previews\\strongest_uncertain_056_S1D_20260810T021454_preprocessed_r7168_c17920_uncertain.png"
      }
    },
    {
      "type": "Feature",
      "geometry": {
        "type": "Point",
        "coordinates": [
          55.56959439938253,
          26.940018632717965
        ]
      },
      "properties": {
        "tile": "D:\\SIHwork_2026\\data\\new_sar_case_study\\tiles_npz_run5_balanced3500\\S1C_20260808T141633_preprocessed_r7680_c1024_uncertain.npz",
        "tile_name": "S1C_20260808T141633_preprocessed_r7680_c1024_uncertain.npz",
        "scene": "S1C_IW_GRDH_1SDV_20260808T141614_20260808T141633_008905_011A9E_BE01_preprocessed_extracted_xmx4",
        "acquisition_date": "2026-08-08",
        "acquisition_time": "14:16:14",
        "left": "355438.061760937",
        "bottom": "2978034.963305102",
        "right": "360558.061760937",
        "top": "2983154.963305102",
        "center_x": "357998.061760937",
        "center_y": "2980594.963305102",
        "crs": "EPSG:32640",
        "label": "uncertain",
        "old_cnn_score": 0.73163902759552,
        "old_unet_p95": 0.1889476180076599,
        "old_candidate_pixel_count": 1642.0,
        "old_fusion_score": 1.0235782926301797,
        "old_rank": 275.0,
        "new_cnn_score": 0.6303390860557556,
        "new_unet_p95": 0.19692540168762207,
        "new_candidate_pixel_count": 567.0,
        "new_fusion_score": 0.7872461219850581,
        "new_rank": 182.0,
        "score_delta": -0.2363321706451217,
        "rank_delta": 93.0,
        "unet_p95_delta": 0.007977783679962158,
        "candidate_pixel_delta": -1075.0,
        "abs_candidate_pixel_delta": 1075.0,
        "category": "qeshm_hengam_context_priority",
        "external_context_zone": "qeshm_hengam_context_priority",
        "review_recommendation": "context-priority manual review; model output remains candidate support only",
        "edge_mask_fraction": 0.030425659472422064,
        "no_data_fraction": 0.001758575439453125,
        "bright_scatterer_fraction": 0.08183453237410072,
        "combined_dark_pixels": 178,
        "dark_component_count": 6,
        "largest_dark_component_pixels": 83,
        "largest_dark_component_elongation": 83.0,
        "dark_component_coherence_fraction": 0.46629213483146065,
        "old_mask_component_count": 32,
        "new_mask_component_count": 34,
        "old_largest_mask_component_pixels": 2803,
        "new_largest_mask_component_pixels": 887,
        "edge_dominated": false,
        "bright_scatterer_dominated": false,
        "mostly_scattered_speckle": false,
        "coherent_dark_region_after_denoise": false,
        "unet_masks_not_just_speckle": true,
        "spatial_cluster_id": "",
        "nearby_candidate_cluster_size": 0,
        "inside_qeshm_hengam_context": true,
        "near_qeshm_hengam_context": true,
        "distance_to_qeshm_hengam_context_km": 0.0,
        "spatial_review_label": "uncertain",
        "approval_recommendation": "needs human visual review before any training use",
        "reason": "mixed evidence: some model/context priority, but spatial or denoised-mask evidence is not strong enough for probable-positive recommendation",
        "review_rank": 57,
        "preview_png": "D:\\SIHwork_2026\\data\\new_sar_case_study\\qgis_spatial_manual_review_run5\\review_pages\\strongest_uncertain_previews\\strongest_uncertain_057_S1C_20260808T141633_preprocessed_r7680_c1024_uncertain.png"
      }
    },
    {
      "type": "Feature",
      "geometry": {
        "type": "Point",
        "coordinates": [
          55.6060243927123,
          26.79211208889373
        ]
      },
      "properties": {
        "tile": "D:\\SIHwork_2026\\data\\new_sar_case_study\\tiles_npz_run5_balanced3500\\S1D_20260810T021454_preprocessed_r6656_c15360_uncertain.npz",
        "tile_name": "S1D_20260810T021454_preprocessed_r6656_c15360_uncertain.npz",
        "scene": "S1D_IW_GRDH_1SDV_20260810T021429_20260810T021454_004057_00763F_AFC5_preprocessed_extracted_xmx4",
        "acquisition_date": "2026-08-10",
        "acquisition_time": "02:14:29",
        "left": "358874.85972424183",
        "bottom": "2961609.977188905",
        "right": "363994.85972424183",
        "top": "2966729.977188905",
        "center_x": "361434.85972424183",
        "center_y": "2964169.977188905",
        "crs": "EPSG:32640",
        "label": "uncertain",
        "old_cnn_score": 0.6175612807273865,
        "old_unet_p95": 0.18511319160461426,
        "old_candidate_pixel_count": 1527.0,
        "old_fusion_score": 0.8381524150825587,
        "old_rank": 458.0,
        "new_cnn_score": 0.5901690721511841,
        "new_unet_p95": 0.19527128338813782,
        "new_candidate_pixel_count": 917.0,
        "new_fusion_score": 0.7862109860061327,
        "new_rank": 183.0,
        "score_delta": -0.05194142907642596,
        "rank_delta": 275.0,
        "unet_p95_delta": 0.01015809178352356,
        "candidate_pixel_delta": -610.0,
        "abs_candidate_pixel_delta": 610.0,
        "category": "qeshm_hengam_context_priority",
        "external_context_zone": "qeshm_hengam_context_priority",
        "review_recommendation": "context-priority manual review; model output remains candidate support only",
        "edge_mask_fraction": 0.2152365677626303,
        "no_data_fraction": 0.00051116943359375,
        "bright_scatterer_fraction": 0.05677626303127506,
        "combined_dark_pixels": 221,
        "dark_component_count": 15,
        "largest_dark_component_pixels": 96,
        "largest_dark_component_elongation": 1.0,
        "dark_component_coherence_fraction": 0.4343891402714932,
        "old_mask_component_count": 22,
        "new_mask_component_count": 48,
        "old_largest_mask_component_pixels": 1822,
        "new_largest_mask_component_pixels": 585,
        "edge_dominated": false,
        "bright_scatterer_dominated": false,
        "mostly_scattered_speckle": false,
        "coherent_dark_region_after_denoise": false,
        "unet_masks_not_just_speckle": true,
        "spatial_cluster_id": "",
        "nearby_candidate_cluster_size": 0,
        "inside_qeshm_hengam_context": true,
        "near_qeshm_hengam_context": true,
        "distance_to_qeshm_hengam_context_km": 0.0,
        "spatial_review_label": "uncertain",
        "approval_recommendation": "needs human visual review before any training use",
        "reason": "mixed evidence: some model/context priority, but spatial or denoised-mask evidence is not strong enough for probable-positive recommendation",
        "review_rank": 58,
        "preview_png": "D:\\SIHwork_2026\\data\\new_sar_case_study\\qgis_spatial_manual_review_run5\\review_pages\\strongest_uncertain_previews\\strongest_uncertain_058_S1D_20260810T021454_preprocessed_r6656_c15360_uncertain.png"
      }
    },
    {
      "type": "Feature",
      "geometry": {
        "type": "Point",
        "coordinates": [
          56.659762809316135,
          26.96359190088018
        ]
      },
      "properties": {
        "tile": "D:\\SIHwork_2026\\data\\new_sar_case_study\\tiles_npz_run5_balanced3500\\S1D_20260805T020639_preprocessed_r5120_c5120_uncertain.npz",
        "tile_name": "S1D_20260805T020639_preprocessed_r5120_c5120_uncertain.npz",
        "scene": "S1D_IW_GRDH_1SDV_20260805T020614_20260805T020639_003984_0073C1_55A6_preprocessed_after_c_cleanup_xmx4",
        "acquisition_date": "2026-08-05",
        "acquisition_time": "02:06:14",
        "left": "463672.3208254428",
        "bottom": "2979888.1820285493",
        "right": "468792.3208254428",
        "top": "2985008.1820285493",
        "center_x": "466232.3208254428",
        "center_y": "2982448.1820285493",
        "crs": "EPSG:32640",
        "label": "uncertain",
        "old_cnn_score": 0.8983384370803833,
        "old_unet_p95": 0.1797305941581726,
        "old_candidate_pixel_count": 1475.0,
        "old_fusion_score": 1.178180294566581,
        "old_rank": 195.0,
        "new_cnn_score": 0.8002662062644958,
        "new_unet_p95": 0.17663243412971497,
        "new_candidate_pixel_count": 258.0,
        "new_fusion_score": 0.7854741389882627,
        "new_rank": 186.0,
        "score_delta": -0.39270615557831823,
        "rank_delta": 9.0,
        "unet_p95_delta": -0.0030981600284576416,
        "candidate_pixel_delta": -1217.0,
        "abs_candidate_pixel_delta": 1217.0,
        "category": "both_high;qeshm_hengam_context_priority",
        "external_context_zone": "qeshm_hengam_context_priority",
        "review_recommendation": "highest manual review priority: both model versions rank high inside Qeshm/Hengam context zone",
        "edge_mask_fraction": 0.06849073256840248,
        "no_data_fraction": 0.00052642822265625,
        "bright_scatterer_fraction": 0.03759929390997352,
        "combined_dark_pixels": 236,
        "dark_component_count": 16,
        "largest_dark_component_pixels": 77,
        "largest_dark_component_elongation": 1.0,
        "dark_component_coherence_fraction": 0.326271186440678,
        "old_mask_component_count": 43,
        "new_mask_component_count": 19,
        "old_largest_mask_component_pixels": 1846,
        "new_largest_mask_component_pixels": 479,
        "edge_dominated": false,
        "bright_scatterer_dominated": false,
        "mostly_scattered_speckle": false,
        "coherent_dark_region_after_denoise": false,
        "unet_masks_not_just_speckle": true,
        "spatial_cluster_id": "",
        "nearby_candidate_cluster_size": 0,
        "inside_qeshm_hengam_context": true,
        "near_qeshm_hengam_context": true,
        "distance_to_qeshm_hengam_context_km": 0.0,
        "spatial_review_label": "uncertain",
        "approval_recommendation": "needs human visual review before any training use",
        "reason": "mixed evidence: some model/context priority, but spatial or denoised-mask evidence is not strong enough for probable-positive recommendation",
        "review_rank": 59,
        "preview_png": "D:\\SIHwork_2026\\data\\new_sar_case_study\\qgis_spatial_manual_review_run5\\review_pages\\strongest_uncertain_previews\\strongest_uncertain_059_S1D_20260805T020639_preprocessed_r5120_c5120_uncertain.png"
      }
    },
    {
      "type": "Feature",
      "geometry": {
        "type": "Point",
        "coordinates": [
          55.8644358095854,
          26.701974835560904
        ]
      },
      "properties": {
        "tile": "D:\\SIHwork_2026\\data\\new_sar_case_study\\tiles_npz_run5_balanced3500\\S1D_20260810T021454_preprocessed_r7680_c17920_uncertain.npz",
        "tile_name": "S1D_20260810T021454_preprocessed_r7680_c17920_uncertain.npz",
        "scene": "S1D_IW_GRDH_1SDV_20260810T021429_20260810T021454_004057_00763F_AFC5_preprocessed_extracted_xmx4",
        "acquisition_date": "2026-08-10",
        "acquisition_time": "02:14:29",
        "left": "384474.85972424183",
        "bottom": "2951369.977188905",
        "right": "389594.85972424183",
        "top": "2956489.977188905",
        "center_x": "387034.85972424183",
        "center_y": "2953929.977188905",
        "crs": "EPSG:32640",
        "label": "uncertain",
        "old_cnn_score": 0.9874215126037598,
        "old_unet_p95": 0.17965272068977356,
        "old_candidate_pixel_count": 848.0,
        "old_fusion_score": 1.1963486296142112,
        "old_rank": 187.0,
        "new_cnn_score": 0.966460108757019,
        "new_unet_p95": 0.1732320338487625,
        "new_candidate_pixel_count": 7.0,
        "new_fusion_score": 0.3481439504439806,
        "new_rank": 1455.0,
        "score_delta": -0.8482046791702306,
        "rank_delta": -1268.0,
        "unet_p95_delta": -0.006420686841011047,
        "candidate_pixel_delta": -841.0,
        "abs_candidate_pixel_delta": 841.0,
        "category": "old_high_new_low;qeshm_hengam_context_priority",
        "external_context_zone": "qeshm_hengam_context_priority",
        "review_recommendation": "review as possible regression or old-model false alarm; compare overlays carefully",
        "edge_mask_fraction": 0.1716779825412221,
        "no_data_fraction": 0.00052642822265625,
        "bright_scatterer_fraction": 0.02101519560297446,
        "combined_dark_pixels": 199,
        "dark_component_count": 26,
        "largest_dark_component_pixels": 58,
        "largest_dark_component_elongation": 1.0,
        "dark_component_coherence_fraction": 0.2914572864321608,
        "old_mask_component_count": 50,
        "new_mask_component_count": 2,
        "old_largest_mask_component_pixels": 630,
        "new_largest_mask_component_pixels": 6,
        "edge_dominated": false,
        "bright_scatterer_dominated": false,
        "mostly_scattered_speckle": false,
        "coherent_dark_region_after_denoise": false,
        "unet_masks_not_just_speckle": true,
        "spatial_cluster_id": "",
        "nearby_candidate_cluster_size": 0,
        "inside_qeshm_hengam_context": true,
        "near_qeshm_hengam_context": true,
        "distance_to_qeshm_hengam_context_km": 0.0,
        "spatial_review_label": "uncertain",
        "approval_recommendation": "needs human visual review before any training use",
        "reason": "mixed evidence: some model/context priority, but spatial or denoised-mask evidence is not strong enough for probable-positive recommendation",
        "review_rank": 60,
        "preview_png": "D:\\SIHwork_2026\\data\\new_sar_case_study\\qgis_spatial_manual_review_run5\\review_pages\\strongest_uncertain_previews\\strongest_uncertain_060_S1D_20260810T021454_preprocessed_r7680_c17920_uncertain.png"
      }
    },
    {
      "type": "Feature",
      "geometry": {
        "type": "Point",
        "coordinates": [
          56.60753256550581,
          27.14835781462481
        ]
      },
      "properties": {
        "tile": "D:\\SIHwork_2026\\data\\new_sar_case_study\\tiles_npz_run5_balanced3500\\S1D_20260805T020639_preprocessed_r3072_c4608_uncertain.npz",
        "tile_name": "S1D_20260805T020639_preprocessed_r3072_c4608_uncertain.npz",
        "scene": "S1D_IW_GRDH_1SDV_20260805T020614_20260805T020639_003984_0073C1_55A6_preprocessed_after_c_cleanup_xmx4",
        "acquisition_date": "2026-08-05",
        "acquisition_time": "02:06:14",
        "left": "458552.3208254428",
        "bottom": "3000368.1820285493",
        "right": "463672.3208254428",
        "top": "3005488.1820285493",
        "center_x": "461112.3208254428",
        "center_y": "3002928.1820285493",
        "crs": "EPSG:32640",
        "label": "uncertain",
        "old_cnn_score": 0.5757809281349182,
        "old_unet_p95": 0.1902928352355957,
        "old_candidate_pixel_count": 1363.0,
        "old_fusion_score": 0.7908738754694633,
        "old_rank": 535.0,
        "new_cnn_score": 0.5600002408027649,
        "new_unet_p95": 0.19810904562473297,
        "new_candidate_pixel_count": 1153.0,
        "new_fusion_score": 0.7822446188073835,
        "new_rank": 193.0,
        "score_delta": -0.00862925666207981,
        "rank_delta": 342.0,
        "unet_p95_delta": 0.007816210389137268,
        "candidate_pixel_delta": -210.0,
        "abs_candidate_pixel_delta": 210.0,
        "category": "qeshm_hengam_context_priority",
        "external_context_zone": "qeshm_hengam_context_priority",
        "review_recommendation": "context-priority manual review; model output remains candidate support only",
        "edge_mask_fraction": 0.0492739435470713,
        "no_data_fraction": 0.000896453857421875,
        "bright_scatterer_fraction": 0.0,
        "combined_dark_pixels": 134,
        "dark_component_count": 11,
        "largest_dark_component_pixels": 41,
        "largest_dark_component_elongation": 41.0,
        "dark_component_coherence_fraction": 0.30597014925373134,
        "old_mask_component_count": 22,
        "new_mask_component_count": 34,
        "old_largest_mask_component_pixels": 2243,
        "new_largest_mask_component_pixels": 1241,
        "edge_dominated": false,
        "bright_scatterer_dominated": false,
        "mostly_scattered_speckle": false,
        "coherent_dark_region_after_denoise": false,
        "unet_masks_not_just_speckle": true,
        "spatial_cluster_id": "",
        "nearby_candidate_cluster_size": 0,
        "inside_qeshm_hengam_context": true,
        "near_qeshm_hengam_context": true,
        "distance_to_qeshm_hengam_context_km": 0.0,
        "spatial_review_label": "uncertain",
        "approval_recommendation": "needs human visual review before any training use",
        "reason": "mixed evidence: some model/context priority, but spatial or denoised-mask evidence is not strong enough for probable-positive recommendation",
        "review_rank": 61,
        "preview_png": "D:\\SIHwork_2026\\data\\new_sar_case_study\\qgis_spatial_manual_review_run5\\review_pages\\strongest_uncertain_previews\\strongest_uncertain_061_S1D_20260805T020639_preprocessed_r3072_c4608_uncertain.png"
      }
    },
    {
      "type": "Feature",
      "geometry": {
        "type": "Point",
        "coordinates": [
          56.50500208361253,
          26.96313358228366
        ]
      },
      "properties": {
        "tile": "D:\\SIHwork_2026\\data\\new_sar_case_study\\tiles_npz_run5_balanced3500\\S1D_20260805T020639_preprocessed_r5120_c3584_uncertain.npz",
        "tile_name": "S1D_20260805T020639_preprocessed_r5120_c3584_uncertain.npz",
        "scene": "S1D_IW_GRDH_1SDV_20260805T020614_20260805T020639_003984_0073C1_55A6_preprocessed_after_c_cleanup_xmx4",
        "acquisition_date": "2026-08-05",
        "acquisition_time": "02:06:14",
        "left": "448312.3208254428",
        "bottom": "2979888.1820285493",
        "right": "453432.3208254428",
        "top": "2985008.1820285493",
        "center_x": "450872.3208254428",
        "center_y": "2982448.1820285493",
        "crs": "EPSG:32640",
        "label": "uncertain",
        "old_cnn_score": 0.9021363854408264,
        "old_unet_p95": 0.1763482391834259,
        "old_candidate_pixel_count": 937.0,
        "old_fusion_score": 1.0887732954373308,
        "old_rank": 241.0,
        "new_cnn_score": 0.7815226912498474,
        "new_unet_p95": 0.17341309785842896,
        "new_candidate_pixel_count": 317.0,
        "new_fusion_score": 0.7809093368515054,
        "new_rank": 195.0,
        "score_delta": -0.3078639585858254,
        "rank_delta": 46.0,
        "unet_p95_delta": -0.0029351413249969482,
        "candidate_pixel_delta": -620.0,
        "abs_candidate_pixel_delta": 620.0,
        "category": "both_high;qeshm_hengam_context_priority",
        "external_context_zone": "qeshm_hengam_context_priority",
        "review_recommendation": "highest manual review priority: both model versions rank high inside Qeshm/Hengam context zone",
        "edge_mask_fraction": 0.23923056082362504,
        "no_data_fraction": 0.000518798828125,
        "bright_scatterer_fraction": 0.05499864535356272,
        "combined_dark_pixels": 232,
        "dark_component_count": 14,
        "largest_dark_component_pixels": 55,
        "largest_dark_component_elongation": 1.125,
        "dark_component_coherence_fraction": 0.23706896551724138,
        "old_mask_component_count": 29,
        "new_mask_component_count": 9,
        "old_largest_mask_component_pixels": 1772,
        "new_largest_mask_component_pixels": 632,
        "edge_dominated": false,
        "bright_scatterer_dominated": false,
        "mostly_scattered_speckle": false,
        "coherent_dark_region_after_denoise": false,
        "unet_masks_not_just_speckle": true,
        "spatial_cluster_id": "",
        "nearby_candidate_cluster_size": 0,
        "inside_qeshm_hengam_context": true,
        "near_qeshm_hengam_context": true,
        "distance_to_qeshm_hengam_context_km": 0.0,
        "spatial_review_label": "uncertain",
        "approval_recommendation": "needs human visual review before any training use",
        "reason": "mixed evidence: some model/context priority, but spatial or denoised-mask evidence is not strong enough for probable-positive recommendation",
        "review_rank": 62,
        "preview_png": "D:\\SIHwork_2026\\data\\new_sar_case_study\\qgis_spatial_manual_review_run5\\review_pages\\strongest_uncertain_previews\\strongest_uncertain_062_S1D_20260805T020639_preprocessed_r5120_c3584_uncertain.png"
      }
    },
    {
      "type": "Feature",
      "geometry": {
        "type": "Point",
        "coordinates": [
          55.8100809742327,
          26.97885864473153
        ]
      },
      "properties": {
        "tile": "D:\\SIHwork_2026\\data\\new_sar_case_study\\tiles_npz_run5_balanced3500\\S1D_20260810T021454_preprocessed_r4608_c17408_uncertain.npz",
        "tile_name": "S1D_20260810T021454_preprocessed_r4608_c17408_uncertain.npz",
        "scene": "S1D_IW_GRDH_1SDV_20260810T021429_20260810T021454_004057_00763F_AFC5_preprocessed_extracted_xmx4",
        "acquisition_date": "2026-08-10",
        "acquisition_time": "02:14:29",
        "left": "379354.85972424183",
        "bottom": "2982089.977188905",
        "right": "384474.85972424183",
        "top": "2987209.977188905",
        "center_x": "381914.85972424183",
        "center_y": "2984649.977188905",
        "crs": "EPSG:32640",
        "label": "uncertain",
        "old_cnn_score": 0.6093535423278809,
        "old_unet_p95": 0.18732953071594238,
        "old_candidate_pixel_count": 1725.0,
        "old_fusion_score": 0.8508234401152752,
        "old_rank": 445.0,
        "new_cnn_score": 0.5814728140830994,
        "new_unet_p95": 0.19631654024124146,
        "new_candidate_pixel_count": 926.0,
        "new_fusion_score": 0.7798861582927915,
        "new_rank": 196.0,
        "score_delta": -0.07093728182248371,
        "rank_delta": 249.0,
        "unet_p95_delta": 0.008987009525299072,
        "candidate_pixel_delta": -799.0,
        "abs_candidate_pixel_delta": 799.0,
        "category": "qeshm_hengam_context_priority",
        "external_context_zone": "qeshm_hengam_context_priority",
        "review_recommendation": "context-priority manual review; model output remains candidate support only",
        "edge_mask_fraction": 0.013197532635202984,
        "no_data_fraction": 0.00064849853515625,
        "bright_scatterer_fraction": 0.022234973461483287,
        "combined_dark_pixels": 203,
        "dark_component_count": 27,
        "largest_dark_component_pixels": 31,
        "largest_dark_component_elongation": 1.3333333333333333,
        "dark_component_coherence_fraction": 0.15270935960591134,
        "old_mask_component_count": 51,
        "new_mask_component_count": 62,
        "old_largest_mask_component_pixels": 5330,
        "new_largest_mask_component_pixels": 1391,
        "edge_dominated": false,
        "bright_scatterer_dominated": false,
        "mostly_scattered_speckle": false,
        "coherent_dark_region_after_denoise": false,
        "unet_masks_not_just_speckle": true,
        "spatial_cluster_id": "",
        "nearby_candidate_cluster_size": 0,
        "inside_qeshm_hengam_context": true,
        "near_qeshm_hengam_context": true,
        "distance_to_qeshm_hengam_context_km": 0.0,
        "spatial_review_label": "uncertain",
        "approval_recommendation": "needs human visual review before any training use",
        "reason": "mixed evidence: some model/context priority, but spatial or denoised-mask evidence is not strong enough for probable-positive recommendation",
        "review_rank": 63,
        "preview_png": "D:\\SIHwork_2026\\data\\new_sar_case_study\\qgis_spatial_manual_review_run5\\review_pages\\strongest_uncertain_previews\\strongest_uncertain_063_S1D_20260810T021454_preprocessed_r4608_c17408_uncertain.png"
      }
    },
    {
      "type": "Feature",
      "geometry": {
        "type": "Point",
        "coordinates": [
          56.91783710242883,
          26.779069527377292
        ]
      },
      "properties": {
        "tile": "D:\\SIHwork_2026\\data\\new_sar_case_study\\tiles_npz_run5_balanced3500\\S1D_20260805T020639_preprocessed_r7168_c7680_uncertain.npz",
        "tile_name": "S1D_20260805T020639_preprocessed_r7168_c7680_uncertain.npz",
        "scene": "S1D_IW_GRDH_1SDV_20260805T020614_20260805T020639_003984_0073C1_55A6_preprocessed_after_c_cleanup_xmx4",
        "acquisition_date": "2026-08-05",
        "acquisition_time": "02:06:14",
        "left": "489272.3208254428",
        "bottom": "2959408.1820285493",
        "right": "494392.3208254428",
        "top": "2964528.1820285493",
        "center_x": "491832.3208254428",
        "center_y": "2961968.1820285493",
        "crs": "EPSG:32640",
        "label": "uncertain",
        "old_cnn_score": 0.7314232587814331,
        "old_unet_p95": 0.19673392176628113,
        "old_candidate_pixel_count": 2986.0,
        "old_fusion_score": 1.1514574921377234,
        "old_rank": 210.0,
        "new_cnn_score": 0.6298317313194275,
        "new_unet_p95": 0.17881633341312408,
        "new_candidate_pixel_count": 1007.0,
        "new_fusion_score": 0.7788778267831745,
        "new_rank": 197.0,
        "score_delta": -0.3725796653545489,
        "rank_delta": 13.0,
        "unet_p95_delta": -0.017917588353157043,
        "candidate_pixel_delta": -1979.0,
        "abs_candidate_pixel_delta": 1979.0,
        "category": "both_high;qeshm_hengam_context_priority",
        "external_context_zone": "qeshm_hengam_context_priority",
        "review_recommendation": "highest manual review priority: both model versions rank high inside Qeshm/Hengam context zone",
        "edge_mask_fraction": 0.27386934673366836,
        "no_data_fraction": 0.000659942626953125,
        "bright_scatterer_fraction": 0.14304857621440537,
        "combined_dark_pixels": 307,
        "dark_component_count": 29,
        "largest_dark_component_pixels": 38,
        "largest_dark_component_elongation": 1.5,
        "dark_component_coherence_fraction": 0.1237785016286645,
        "old_mask_component_count": 60,
        "new_mask_component_count": 45,
        "old_largest_mask_component_pixels": 6776,
        "new_largest_mask_component_pixels": 659,
        "edge_dominated": false,
        "bright_scatterer_dominated": false,
        "mostly_scattered_speckle": false,
        "coherent_dark_region_after_denoise": false,
        "unet_masks_not_just_speckle": true,
        "spatial_cluster_id": "",
        "nearby_candidate_cluster_size": 0,
        "inside_qeshm_hengam_context": true,
        "near_qeshm_hengam_context": true,
        "distance_to_qeshm_hengam_context_km": 0.0,
        "spatial_review_label": "uncertain",
        "approval_recommendation": "needs human visual review before any training use",
        "reason": "mixed evidence: some model/context priority, but spatial or denoised-mask evidence is not strong enough for probable-positive recommendation",
        "review_rank": 64,
        "preview_png": "D:\\SIHwork_2026\\data\\new_sar_case_study\\qgis_spatial_manual_review_run5\\review_pages\\strongest_uncertain_previews\\strongest_uncertain_064_S1D_20260805T020639_preprocessed_r7168_c7680_uncertain.png"
      }
    },
    {
      "type": "Feature",
      "geometry": {
        "type": "Point",
        "coordinates": [
          57.020821314087456,
          26.640406906355455
        ]
      },
      "properties": {
        "tile": "D:\\SIHwork_2026\\data\\new_sar_case_study\\tiles_npz_run5_balanced3500\\S1D_20260805T020639_preprocessed_r8704_c8704_uncertain.npz",
        "tile_name": "S1D_20260805T020639_preprocessed_r8704_c8704_uncertain.npz",
        "scene": "S1D_IW_GRDH_1SDV_20260805T020614_20260805T020639_003984_0073C1_55A6_preprocessed_after_c_cleanup_xmx4",
        "acquisition_date": "2026-08-05",
        "acquisition_time": "02:06:14",
        "left": "499512.3208254428",
        "bottom": "2944048.1820285493",
        "right": "504632.3208254428",
        "top": "2949168.1820285493",
        "center_x": "502072.3208254428",
        "center_y": "2946608.1820285493",
        "crs": "EPSG:32640",
        "label": "uncertain",
        "old_cnn_score": 0.8826841115951538,
        "old_unet_p95": 0.17970335483551025,
        "old_candidate_pixel_count": 1376.0,
        "old_fusion_score": 1.146461193420369,
        "old_rank": 213.0,
        "new_cnn_score": 0.7815267443656921,
        "new_unet_p95": 0.17644858360290527,
        "new_candidate_pixel_count": 247.0,
        "new_fusion_score": 0.7602978935238178,
        "new_rank": 226.0,
        "score_delta": -0.3861632998965512,
        "rank_delta": -13.0,
        "unet_p95_delta": -0.0032547712326049805,
        "candidate_pixel_delta": -1129.0,
        "abs_candidate_pixel_delta": 1129.0,
        "category": "both_high",
        "external_context_zone": "outside_qeshm_hengam_priority_box",
        "review_recommendation": "manual review priority because both model versions rank the tile highly",
        "edge_mask_fraction": 0.003924646781789639,
        "no_data_fraction": 0.00060272216796875,
        "bright_scatterer_fraction": 0.0694662480376766,
        "combined_dark_pixels": 187,
        "dark_component_count": 12,
        "largest_dark_component_pixels": 64,
        "largest_dark_component_elongation": 1.0769230769230769,
        "dark_component_coherence_fraction": 0.3422459893048128,
        "old_mask_component_count": 72,
        "new_mask_component_count": 19,
        "old_largest_mask_component_pixels": 2762,
        "new_largest_mask_component_pixels": 243,
        "edge_dominated": false,
        "bright_scatterer_dominated": false,
        "mostly_scattered_speckle": false,
        "coherent_dark_region_after_denoise": false,
        "unet_masks_not_just_speckle": true,
        "spatial_cluster_id": "",
        "nearby_candidate_cluster_size": 0,
        "inside_qeshm_hengam_context": false,
        "near_qeshm_hengam_context": true,
        "distance_to_qeshm_hengam_context_km": 7.026610658202127,
        "spatial_review_label": "uncertain",
        "approval_recommendation": "needs human visual review before any training use",
        "reason": "mixed evidence: some model/context priority, but spatial or denoised-mask evidence is not strong enough for probable-positive recommendation",
        "review_rank": 65,
        "preview_png": ""
      }
    },
    {
      "type": "Feature",
      "geometry": {
        "type": "Point",
        "coordinates": [
          56.91773691002713,
          26.917751588919778
        ]
      },
      "properties": {
        "tile": "D:\\SIHwork_2026\\data\\new_sar_case_study\\tiles_npz_run5_balanced3500\\S1D_20260805T020639_preprocessed_r5632_c7680_uncertain.npz",
        "tile_name": "S1D_20260805T020639_preprocessed_r5632_c7680_uncertain.npz",
        "scene": "S1D_IW_GRDH_1SDV_20260805T020614_20260805T020639_003984_0073C1_55A6_preprocessed_after_c_cleanup_xmx4",
        "acquisition_date": "2026-08-05",
        "acquisition_time": "02:06:14",
        "left": "489272.3208254428",
        "bottom": "2974768.1820285493",
        "right": "494392.3208254428",
        "top": "2979888.1820285493",
        "center_x": "491832.3208254428",
        "center_y": "2977328.1820285493",
        "crs": "EPSG:32640",
        "label": "uncertain",
        "old_cnn_score": 0.5858433246612549,
        "old_unet_p95": 0.18925300240516663,
        "old_candidate_pixel_count": 1892.0,
        "old_fusion_score": 0.8366356261688935,
        "old_rank": 463.0,
        "new_cnn_score": 0.5768643021583557,
        "new_unet_p95": 0.1973315179347992,
        "new_candidate_pixel_count": 829.0,
        "new_fusion_score": 0.7651234688856124,
        "new_rank": 215.0,
        "score_delta": -0.07151215728328109,
        "rank_delta": 248.0,
        "unet_p95_delta": 0.008078515529632568,
        "candidate_pixel_delta": -1063.0,
        "abs_candidate_pixel_delta": 1063.0,
        "category": "qeshm_hengam_context_priority",
        "external_context_zone": "qeshm_hengam_context_priority",
        "review_recommendation": "context-priority manual review; model output remains candidate support only",
        "edge_mask_fraction": 0.11335303945508289,
        "no_data_fraction": 0.000522613525390625,
        "bright_scatterer_fraction": 0.08379385683074154,
        "combined_dark_pixels": 328,
        "dark_component_count": 19,
        "largest_dark_component_pixels": 66,
        "largest_dark_component_elongation": 66.0,
        "dark_component_coherence_fraction": 0.20121951219512196,
        "old_mask_component_count": 44,
        "new_mask_component_count": 62,
        "old_largest_mask_component_pixels": 5297,
        "new_largest_mask_component_pixels": 505,
        "edge_dominated": false,
        "bright_scatterer_dominated": false,
        "mostly_scattered_speckle": false,
        "coherent_dark_region_after_denoise": false,
        "unet_masks_not_just_speckle": true,
        "spatial_cluster_id": "",
        "nearby_candidate_cluster_size": 0,
        "inside_qeshm_hengam_context": true,
        "near_qeshm_hengam_context": true,
        "distance_to_qeshm_hengam_context_km": 0.0,
        "spatial_review_label": "uncertain",
        "approval_recommendation": "needs human visual review before any training use",
        "reason": "mixed evidence: some model/context priority, but spatial or denoised-mask evidence is not strong enough for probable-positive recommendation",
        "review_rank": 66,
        "preview_png": "D:\\SIHwork_2026\\data\\new_sar_case_study\\qgis_spatial_manual_review_run5\\review_pages\\strongest_uncertain_previews\\strongest_uncertain_066_S1D_20260805T020639_preprocessed_r5632_c7680_uncertain.png"
      }
    },
    {
      "type": "Feature",
      "geometry": {
        "type": "Point",
        "coordinates": [
          56.81437473060447,
          27.05633257715632
        ]
      },
      "properties": {
        "tile": "D:\\SIHwork_2026\\data\\new_sar_case_study\\tiles_npz_run5_balanced3500\\S1D_20260805T020639_preprocessed_r4096_c6656_uncertain.npz",
        "tile_name": "S1D_20260805T020639_preprocessed_r4096_c6656_uncertain.npz",
        "scene": "S1D_IW_GRDH_1SDV_20260805T020614_20260805T020639_003984_0073C1_55A6_preprocessed_after_c_cleanup_xmx4",
        "acquisition_date": "2026-08-05",
        "acquisition_time": "02:06:14",
        "left": "479032.3208254428",
        "bottom": "2990128.1820285493",
        "right": "484152.3208254428",
        "top": "2995248.1820285493",
        "center_x": "481592.3208254428",
        "center_y": "2992688.1820285493",
        "crs": "EPSG:32640",
        "label": "uncertain",
        "old_cnn_score": 0.659976601600647,
        "old_unet_p95": 0.18830792605876923,
        "old_candidate_pixel_count": 936.0,
        "old_fusion_score": 0.8504006388119585,
        "old_rank": 447.0,
        "new_cnn_score": 0.6347929835319519,
        "new_unet_p95": 0.19742894172668457,
        "new_candidate_pixel_count": 445.0,
        "new_fusion_score": 0.7645316655634122,
        "new_rank": 217.0,
        "score_delta": -0.08586897324854625,
        "rank_delta": 230.0,
        "unet_p95_delta": 0.009121015667915344,
        "candidate_pixel_delta": -491.0,
        "abs_candidate_pixel_delta": 491.0,
        "category": "qeshm_hengam_context_priority",
        "external_context_zone": "qeshm_hengam_context_priority",
        "review_recommendation": "context-priority manual review; model output remains candidate support only",
        "edge_mask_fraction": 0.2083654092891968,
        "no_data_fraction": 0.001117706298828125,
        "bright_scatterer_fraction": 0.14806261226584552,
        "combined_dark_pixels": 144,
        "dark_component_count": 17,
        "largest_dark_component_pixels": 38,
        "largest_dark_component_elongation": 38.0,
        "dark_component_coherence_fraction": 0.2638888888888889,
        "old_mask_component_count": 20,
        "new_mask_component_count": 44,
        "old_largest_mask_component_pixels": 1001,
        "new_largest_mask_component_pixels": 402,
        "edge_dominated": false,
        "bright_scatterer_dominated": false,
        "mostly_scattered_speckle": false,
        "coherent_dark_region_after_denoise": false,
        "unet_masks_not_just_speckle": true,
        "spatial_cluster_id": "",
        "nearby_candidate_cluster_size": 0,
        "inside_qeshm_hengam_context": true,
        "near_qeshm_hengam_context": true,
        "distance_to_qeshm_hengam_context_km": 0.0,
        "spatial_review_label": "uncertain",
        "approval_recommendation": "needs human visual review before any training use",
        "reason": "mixed evidence: some model/context priority, but spatial or denoised-mask evidence is not strong enough for probable-positive recommendation",
        "review_rank": 67,
        "preview_png": "D:\\SIHwork_2026\\data\\new_sar_case_study\\qgis_spatial_manual_review_run5\\review_pages\\strongest_uncertain_previews\\strongest_uncertain_067_S1D_20260805T020639_preprocessed_r4096_c6656_uncertain.png"
      }
    },
    {
      "type": "Feature",
      "geometry": {
        "type": "Point",
        "coordinates": [
          56.86606015324042,
          27.010165161611344
        ]
      },
      "properties": {
        "tile": "D:\\SIHwork_2026\\data\\new_sar_case_study\\tiles_npz_run5_balanced3500\\S1D_20260805T020639_preprocessed_r4608_c7168_uncertain.npz",
        "tile_name": "S1D_20260805T020639_preprocessed_r4608_c7168_uncertain.npz",
        "scene": "S1D_IW_GRDH_1SDV_20260805T020614_20260805T020639_003984_0073C1_55A6_preprocessed_after_c_cleanup_xmx4",
        "acquisition_date": "2026-08-05",
        "acquisition_time": "02:06:14",
        "left": "484152.3208254428",
        "bottom": "2985008.1820285493",
        "right": "489272.3208254428",
        "top": "2990128.1820285493",
        "center_x": "486712.3208254428",
        "center_y": "2987568.1820285493",
        "crs": "EPSG:32640",
        "label": "uncertain",
        "old_cnn_score": 0.6328282952308655,
        "old_unet_p95": 0.1902894675731659,
        "old_candidate_pixel_count": 536.0,
        "old_fusion_score": 0.7569634067062941,
        "old_rank": 586.0,
        "new_cnn_score": 0.6048774719238281,
        "new_unet_p95": 0.19820579886436462,
        "new_candidate_pixel_count": 581.0,
        "new_fusion_score": 0.7632775587583377,
        "new_rank": 220.0,
        "score_delta": 0.0063141520520435535,
        "rank_delta": 366.0,
        "unet_p95_delta": 0.00791633129119873,
        "candidate_pixel_delta": 45.0,
        "abs_candidate_pixel_delta": 45.0,
        "category": "qeshm_hengam_context_priority",
        "external_context_zone": "qeshm_hengam_context_priority",
        "review_recommendation": "context-priority manual review; model output remains candidate support only",
        "edge_mask_fraction": 0.18251088534107401,
        "no_data_fraction": 0.000946044921875,
        "bright_scatterer_fraction": 0.0021770682148040637,
        "combined_dark_pixels": 387,
        "dark_component_count": 19,
        "largest_dark_component_pixels": 117,
        "largest_dark_component_elongation": 117.0,
        "dark_component_coherence_fraction": 0.3023255813953488,
        "old_mask_component_count": 16,
        "new_mask_component_count": 12,
        "old_largest_mask_component_pixels": 1884,
        "new_largest_mask_component_pixels": 505,
        "edge_dominated": false,
        "bright_scatterer_dominated": false,
        "mostly_scattered_speckle": false,
        "coherent_dark_region_after_denoise": false,
        "unet_masks_not_just_speckle": true,
        "spatial_cluster_id": "",
        "nearby_candidate_cluster_size": 0,
        "inside_qeshm_hengam_context": true,
        "near_qeshm_hengam_context": true,
        "distance_to_qeshm_hengam_context_km": 0.0,
        "spatial_review_label": "uncertain",
        "approval_recommendation": "needs human visual review before any training use",
        "reason": "mixed evidence: some model/context priority, but spatial or denoised-mask evidence is not strong enough for probable-positive recommendation",
        "review_rank": 68,
        "preview_png": "D:\\SIHwork_2026\\data\\new_sar_case_study\\qgis_spatial_manual_review_run5\\review_pages\\strongest_uncertain_previews\\strongest_uncertain_068_S1D_20260805T020639_preprocessed_r4608_c7168_uncertain.png"
      }
    },
    {
      "type": "Feature",
      "geometry": {
        "type": "Point",
        "coordinates": [
          55.87852917926624,
          26.989034156517143
        ]
      },
      "properties": {
        "tile": "D:\\SIHwork_2026\\data\\new_sar_case_study\\tiles_npz_run5_balanced3500\\S1C_20260808T141633_preprocessed_r7168_c4096_uncertain.npz",
        "tile_name": "S1C_20260808T141633_preprocessed_r7168_c4096_uncertain.npz",
        "scene": "S1C_IW_GRDH_1SDV_20260808T141614_20260808T141633_008905_011A9E_BE01_preprocessed_extracted_xmx4",
        "acquisition_date": "2026-08-08",
        "acquisition_time": "14:16:14",
        "left": "386158.061760937",
        "bottom": "2983154.963305102",
        "right": "391278.061760937",
        "top": "2988274.963305102",
        "center_x": "388718.061760937",
        "center_y": "2985714.963305102",
        "crs": "EPSG:32640",
        "label": "uncertain",
        "old_cnn_score": 0.9775180220603943,
        "old_unet_p95": 0.17845183610916138,
        "old_candidate_pixel_count": 597.0,
        "old_fusion_score": 1.1152972413960858,
        "old_rank": 234.0,
        "new_cnn_score": 0.9386432766914368,
        "new_unet_p95": 0.17286986112594604,
        "new_candidate_pixel_count": 53.0,
        "new_fusion_score": 0.6472650484375724,
        "new_rank": 369.0,
        "score_delta": -0.4680321929585134,
        "rank_delta": -135.0,
        "unet_p95_delta": -0.005581974983215332,
        "candidate_pixel_delta": -544.0,
        "abs_candidate_pixel_delta": 544.0,
        "category": "qeshm_hengam_context_priority",
        "external_context_zone": "qeshm_hengam_context_priority",
        "review_recommendation": "context-priority manual review; model output remains candidate support only",
        "edge_mask_fraction": 0.0617906683480454,
        "no_data_fraction": 0.00038909912109375,
        "bright_scatterer_fraction": 0.017654476670870115,
        "combined_dark_pixels": 123,
        "dark_component_count": 17,
        "largest_dark_component_pixels": 21,
        "largest_dark_component_elongation": 1.2,
        "dark_component_coherence_fraction": 0.17073170731707318,
        "old_mask_component_count": 20,
        "new_mask_component_count": 6,
        "old_largest_mask_component_pixels": 1376,
        "new_largest_mask_component_pixels": 75,
        "edge_dominated": false,
        "bright_scatterer_dominated": false,
        "mostly_scattered_speckle": false,
        "coherent_dark_region_after_denoise": false,
        "unet_masks_not_just_speckle": true,
        "spatial_cluster_id": "",
        "nearby_candidate_cluster_size": 0,
        "inside_qeshm_hengam_context": true,
        "near_qeshm_hengam_context": true,
        "distance_to_qeshm_hengam_context_km": 0.0,
        "spatial_review_label": "uncertain",
        "approval_recommendation": "needs human visual review before any training use",
        "reason": "mixed evidence: some model/context priority, but spatial or denoised-mask evidence is not strong enough for probable-positive recommendation",
        "review_rank": 69,
        "preview_png": "D:\\SIHwork_2026\\data\\new_sar_case_study\\qgis_spatial_manual_review_run5\\review_pages\\strongest_uncertain_previews\\strongest_uncertain_069_S1C_20260808T141633_preprocessed_r7168_c4096_uncertain.png"
      }
    },
    {
      "type": "Feature",
      "geometry": {
        "type": "Point",
        "coordinates": [
          56.09649846800143,
          27.18182293528686
        ]
      },
      "properties": {
        "tile": "D:\\SIHwork_2026\\data\\new_sar_case_study\\tiles_npz_run5_balanced3500\\S1C_IW_GRDH_1SDV_20260804T021408_20260804T021438_r6656_c19456_uncertain.npz",
        "tile_name": "S1C_IW_GRDH_1SDV_20260804T021408_20260804T021438_r6656_c19456_uncertain.npz",
        "scene": "S1C_IW_GRDH_1SDV_20260804T021408_20260804T021438_008839_01188E_BC5E",
        "acquisition_date": "2026-08-04",
        "acquisition_time": "02:14:08",
        "left": "407941.37147003977",
        "bottom": "3004336.4374795803",
        "right": "413061.37147003977",
        "top": "3009456.4374795803",
        "center_x": "410501.37147003977",
        "center_y": "3006896.4374795803",
        "crs": "EPSG:32640",
        "label": "uncertain",
        "old_cnn_score": 0.6705771088600159,
        "old_unet_p95": 0.18883951008319855,
        "old_candidate_pixel_count": 1325.0,
        "old_fusion_score": 0.9104702893543353,
        "old_rank": 376.0,
        "new_cnn_score": 0.6273475885391235,
        "new_unet_p95": 0.19690224528312683,
        "new_candidate_pixel_count": 457.0,
        "new_fusion_score": 0.7568285542473322,
        "new_rank": 234.0,
        "score_delta": -0.15364173510700307,
        "rank_delta": 142.0,
        "unet_p95_delta": 0.008062735199928284,
        "candidate_pixel_delta": -868.0,
        "abs_candidate_pixel_delta": 868.0,
        "category": "qeshm_hengam_context_priority",
        "external_context_zone": "qeshm_hengam_context_priority",
        "review_recommendation": "context-priority manual review; model output remains candidate support only",
        "edge_mask_fraction": 0.12008128579346018,
        "no_data_fraction": 0.00926971435546875,
        "bright_scatterer_fraction": 0.08424164049510438,
        "combined_dark_pixels": 90,
        "dark_component_count": 11,
        "largest_dark_component_pixels": 36,
        "largest_dark_component_elongation": 1.0,
        "dark_component_coherence_fraction": 0.4,
        "old_mask_component_count": 25,
        "new_mask_component_count": 33,
        "old_largest_mask_component_pixels": 1918,
        "new_largest_mask_component_pixels": 888,
        "edge_dominated": false,
        "bright_scatterer_dominated": false,
        "mostly_scattered_speckle": false,
        "coherent_dark_region_after_denoise": false,
        "unet_masks_not_just_speckle": true,
        "spatial_cluster_id": "",
        "nearby_candidate_cluster_size": 0,
        "inside_qeshm_hengam_context": true,
        "near_qeshm_hengam_context": true,
        "distance_to_qeshm_hengam_context_km": 0.0,
        "spatial_review_label": "uncertain",
        "approval_recommendation": "needs human visual review before any training use",
        "reason": "mixed evidence: some model/context priority, but spatial or denoised-mask evidence is not strong enough for probable-positive recommendation",
        "review_rank": 70,
        "preview_png": "D:\\SIHwork_2026\\data\\new_sar_case_study\\qgis_spatial_manual_review_run5\\review_pages\\strongest_uncertain_previews\\strongest_uncertain_070_S1C_IW_GRDH_1SDV_20260804T021408_20260804T021438_r6656_c19456_uncertain.png"
      }
    },
    {
      "type": "Feature",
      "geometry": {
        "type": "Point",
        "coordinates": [
          56.762549383661906,
          27.148705655813018
        ]
      },
      "properties": {
        "tile": "D:\\SIHwork_2026\\data\\new_sar_case_study\\tiles_npz_run5_balanced3500\\S1D_20260805T020639_preprocessed_r3072_c6144_uncertain.npz",
        "tile_name": "S1D_20260805T020639_preprocessed_r3072_c6144_uncertain.npz",
        "scene": "S1D_IW_GRDH_1SDV_20260805T020614_20260805T020639_003984_0073C1_55A6_preprocessed_after_c_cleanup_xmx4",
        "acquisition_date": "2026-08-05",
        "acquisition_time": "02:06:14",
        "left": "473912.3208254428",
        "bottom": "3000368.1820285493",
        "right": "479032.3208254428",
        "top": "3005488.1820285493",
        "center_x": "476472.3208254428",
        "center_y": "3002928.1820285493",
        "crs": "EPSG:32640",
        "label": "uncertain",
        "old_cnn_score": 0.6249074339866638,
        "old_unet_p95": 0.18808996677398682,
        "old_candidate_pixel_count": 1524.0,
        "old_fusion_score": 0.8615301183167374,
        "old_rank": 435.0,
        "new_cnn_score": 0.6028606295585632,
        "new_unet_p95": 0.19501753151416779,
        "new_candidate_pixel_count": 596.0,
        "new_fusion_score": 0.7514874156912399,
        "new_rank": 236.0,
        "score_delta": -0.11004270262549753,
        "rank_delta": 199.0,
        "unet_p95_delta": 0.006927564740180969,
        "candidate_pixel_delta": -928.0,
        "abs_candidate_pixel_delta": 928.0,
        "category": "qeshm_hengam_context_priority",
        "external_context_zone": "qeshm_hengam_context_priority",
        "review_recommendation": "context-priority manual review; model output remains candidate support only",
        "edge_mask_fraction": 0.013422818791946308,
        "no_data_fraction": 0.00406646728515625,
        "bright_scatterer_fraction": 0.0044742729306487695,
        "combined_dark_pixels": 101,
        "dark_component_count": 8,
        "largest_dark_component_pixels": 38,
        "largest_dark_component_elongation": 38.0,
        "dark_component_coherence_fraction": 0.37623762376237624,
        "old_mask_component_count": 20,
        "new_mask_component_count": 28,
        "old_largest_mask_component_pixels": 4164,
        "new_largest_mask_component_pixels": 1742,
        "edge_dominated": false,
        "bright_scatterer_dominated": false,
        "mostly_scattered_speckle": false,
        "coherent_dark_region_after_denoise": false,
        "unet_masks_not_just_speckle": true,
        "spatial_cluster_id": "",
        "nearby_candidate_cluster_size": 0,
        "inside_qeshm_hengam_context": true,
        "near_qeshm_hengam_context": true,
        "distance_to_qeshm_hengam_context_km": 0.0,
        "spatial_review_label": "uncertain",
        "approval_recommendation": "needs human visual review before any training use",
        "reason": "mixed evidence: some model/context priority, but spatial or denoised-mask evidence is not strong enough for probable-positive recommendation",
        "review_rank": 71,
        "preview_png": ""
      }
    },
    {
      "type": "Feature",
      "geometry": {
        "type": "Point",
        "coordinates": [
          55.93055651682048,
          26.943216770233377
        ]
      },
      "properties": {
        "tile": "D:\\SIHwork_2026\\data\\new_sar_case_study\\tiles_npz_run5_balanced3500\\S1C_20260808T141633_preprocessed_r7680_c4608_uncertain.npz",
        "tile_name": "S1C_20260808T141633_preprocessed_r7680_c4608_uncertain.npz",
        "scene": "S1C_IW_GRDH_1SDV_20260808T141614_20260808T141633_008905_011A9E_BE01_preprocessed_extracted_xmx4",
        "acquisition_date": "2026-08-08",
        "acquisition_time": "14:16:14",
        "left": "391278.061760937",
        "bottom": "2978034.963305102",
        "right": "396398.061760937",
        "top": "2983154.963305102",
        "center_x": "393838.061760937",
        "center_y": "2980594.963305102",
        "crs": "EPSG:32640",
        "label": "uncertain",
        "old_cnn_score": 0.8196543455123901,
        "old_unet_p95": 0.18272921442985535,
        "old_candidate_pixel_count": 1339.0,
        "old_fusion_score": 1.0784421598019565,
        "old_rank": 250.0,
        "new_cnn_score": 0.6525831818580627,
        "new_unet_p95": 0.17458635568618774,
        "new_candidate_pixel_count": 58.0,
        "new_fusion_score": 0.4645624833357836,
        "new_rank": 942.0,
        "score_delta": -0.6138796764661729,
        "rank_delta": -692.0,
        "unet_p95_delta": -0.008142858743667603,
        "candidate_pixel_delta": -1281.0,
        "abs_candidate_pixel_delta": 1281.0,
        "category": "old_high_new_low;qeshm_hengam_context_priority",
        "external_context_zone": "qeshm_hengam_context_priority",
        "review_recommendation": "review as possible regression or old-model false alarm; compare overlays carefully",
        "edge_mask_fraction": 0.22735884804850323,
        "no_data_fraction": 0.000244140625,
        "bright_scatterer_fraction": 0.006441834028040924,
        "combined_dark_pixels": 182,
        "dark_component_count": 22,
        "largest_dark_component_pixels": 32,
        "largest_dark_component_elongation": 1.0,
        "dark_component_coherence_fraction": 0.17582417582417584,
        "old_mask_component_count": 48,
        "new_mask_component_count": 11,
        "old_largest_mask_component_pixels": 1171,
        "new_largest_mask_component_pixels": 55,
        "edge_dominated": false,
        "bright_scatterer_dominated": false,
        "mostly_scattered_speckle": false,
        "coherent_dark_region_after_denoise": false,
        "unet_masks_not_just_speckle": true,
        "spatial_cluster_id": "",
        "nearby_candidate_cluster_size": 0,
        "inside_qeshm_hengam_context": true,
        "near_qeshm_hengam_context": true,
        "distance_to_qeshm_hengam_context_km": 0.0,
        "spatial_review_label": "uncertain",
        "approval_recommendation": "needs human visual review before any training use",
        "reason": "mixed evidence: some model/context priority, but spatial or denoised-mask evidence is not strong enough for probable-positive recommendation",
        "review_rank": 72,
        "preview_png": ""
      }
    },
    {
      "type": "Feature",
      "geometry": {
        "type": "Point",
        "coordinates": [
          56.25185614970609,
          27.13651476167909
        ]
      },
      "properties": {
        "tile": "D:\\SIHwork_2026\\data\\new_sar_case_study\\tiles_npz_run5_balanced3500\\S1C_IW_GRDH_1SDV_20260804T021408_20260804T021438_r7168_c20992_uncertain.npz",
        "tile_name": "S1C_IW_GRDH_1SDV_20260804T021408_20260804T021438_r7168_c20992_uncertain.npz",
        "scene": "S1C_IW_GRDH_1SDV_20260804T021408_20260804T021438_008839_01188E_BC5E",
        "acquisition_date": "2026-08-04",
        "acquisition_time": "02:14:08",
        "left": "423301.37147003977",
        "bottom": "2999216.4374795803",
        "right": "428421.37147003977",
        "top": "3004336.4374795803",
        "center_x": "425861.37147003977",
        "center_y": "3001776.4374795803",
        "crs": "EPSG:32640",
        "label": "uncertain",
        "old_cnn_score": 0.5708702206611633,
        "old_unet_p95": 0.1875968873500824,
        "old_candidate_pixel_count": 975.0,
        "old_fusion_score": 0.7371739385775755,
        "old_rank": 621.0,
        "new_cnn_score": 0.5629783868789673,
        "new_unet_p95": 0.19671809673309326,
        "new_candidate_pixel_count": 761.0,
        "new_fusion_score": 0.7349180531442961,
        "new_rank": 254.0,
        "score_delta": -0.00225588543327937,
        "rank_delta": 367.0,
        "unet_p95_delta": 0.009121209383010864,
        "candidate_pixel_delta": -214.0,
        "abs_candidate_pixel_delta": 214.0,
        "category": "qeshm_hengam_context_priority",
        "external_context_zone": "qeshm_hengam_context_priority",
        "review_recommendation": "context-priority manual review; model output remains candidate support only",
        "edge_mask_fraction": 0.33687943262411346,
        "no_data_fraction": 4.9591064453125e-05,
        "bright_scatterer_fraction": 0.12647754137115838,
        "combined_dark_pixels": 274,
        "dark_component_count": 15,
        "largest_dark_component_pixels": 190,
        "largest_dark_component_elongation": 1.0,
        "dark_component_coherence_fraction": 0.6934306569343066,
        "old_mask_component_count": 12,
        "new_mask_component_count": 36,
        "old_largest_mask_component_pixels": 2619,
        "new_largest_mask_component_pixels": 2022,
        "edge_dominated": false,
        "bright_scatterer_dominated": false,
        "mostly_scattered_speckle": false,
        "coherent_dark_region_after_denoise": false,
        "unet_masks_not_just_speckle": true,
        "spatial_cluster_id": "",
        "nearby_candidate_cluster_size": 0,
        "inside_qeshm_hengam_context": true,
        "near_qeshm_hengam_context": true,
        "distance_to_qeshm_hengam_context_km": 0.0,
        "spatial_review_label": "uncertain",
        "approval_recommendation": "needs human visual review before any training use",
        "reason": "mixed evidence: some model/context priority, but spatial or denoised-mask evidence is not strong enough for probable-positive recommendation",
        "review_rank": 73,
        "preview_png": ""
      }
    },
    {
      "type": "Feature",
      "geometry": {
        "type": "Point",
        "coordinates": [
          56.716847878142175,
          27.138222554042226
        ]
      },
      "properties": {
        "tile": "D:\\SIHwork_2026\\data\\new_sar_case_study\\tiles_npz_run5_balanced3500\\S1C_IW_GRDH_1SDV_20260804T021408_20260804T021438_r7168_c25600_uncertain.npz",
        "tile_name": "S1C_IW_GRDH_1SDV_20260804T021408_20260804T021438_r7168_c25600_uncertain.npz",
        "scene": "S1C_IW_GRDH_1SDV_20260804T021408_20260804T021438_008839_01188E_BC5E",
        "acquisition_date": "2026-08-04",
        "acquisition_time": "02:14:08",
        "left": "469381.37147003977",
        "bottom": "2999216.4374795803",
        "right": "474501.37147003977",
        "top": "3004336.4374795803",
        "center_x": "471941.37147003977",
        "center_y": "3001776.4374795803",
        "crs": "EPSG:32640",
        "label": "uncertain",
        "old_cnn_score": 0.6525638699531555,
        "old_unet_p95": 0.18691787123680115,
        "old_candidate_pixel_count": 772.0,
        "old_fusion_score": 0.8111734358161352,
        "old_rank": 499.0,
        "new_cnn_score": 0.5978577136993408,
        "new_unet_p95": 0.19624446332454681,
        "new_candidate_pixel_count": 506.0,
        "new_fusion_score": 0.7307679398461747,
        "new_rank": 258.0,
        "score_delta": -0.0804054959699605,
        "rank_delta": 241.0,
        "unet_p95_delta": 0.009326592087745667,
        "candidate_pixel_delta": -266.0,
        "abs_candidate_pixel_delta": 266.0,
        "category": "qeshm_hengam_context_priority",
        "external_context_zone": "qeshm_hengam_context_priority",
        "review_recommendation": "context-priority manual review; model output remains candidate support only",
        "edge_mask_fraction": 0.12210051546391752,
        "no_data_fraction": 0.0012054443359375,
        "bright_scatterer_fraction": 0.0,
        "combined_dark_pixels": 462,
        "dark_component_count": 19,
        "largest_dark_component_pixels": 152,
        "largest_dark_component_elongation": 1.0526315789473684,
        "dark_component_coherence_fraction": 0.329004329004329,
        "old_mask_component_count": 26,
        "new_mask_component_count": 41,
        "old_largest_mask_component_pixels": 1184,
        "new_largest_mask_component_pixels": 576,
        "edge_dominated": false,
        "bright_scatterer_dominated": false,
        "mostly_scattered_speckle": false,
        "coherent_dark_region_after_denoise": false,
        "unet_masks_not_just_speckle": true,
        "spatial_cluster_id": "",
        "nearby_candidate_cluster_size": 0,
        "inside_qeshm_hengam_context": true,
        "near_qeshm_hengam_context": true,
        "distance_to_qeshm_hengam_context_km": 0.0,
        "spatial_review_label": "uncertain",
        "approval_recommendation": "needs human visual review before any training use",
        "reason": "mixed evidence: some model/context priority, but spatial or denoised-mask evidence is not strong enough for probable-positive recommendation",
        "review_rank": 74,
        "preview_png": ""
      }
    },
    {
      "type": "Feature",
      "geometry": {
        "type": "Point",
        "coordinates": [
          56.556588574158276,
          26.963305225449428
        ]
      },
      "properties": {
        "tile": "D:\\SIHwork_2026\\data\\new_sar_case_study\\tiles_npz_run5_balanced3500\\S1D_20260805T020639_preprocessed_r5120_c4096_uncertain.npz",
        "tile_name": "S1D_20260805T020639_preprocessed_r5120_c4096_uncertain.npz",
        "scene": "S1D_IW_GRDH_1SDV_20260805T020614_20260805T020639_003984_0073C1_55A6_preprocessed_after_c_cleanup_xmx4",
        "acquisition_date": "2026-08-05",
        "acquisition_time": "02:06:14",
        "left": "453432.3208254428",
        "bottom": "2979888.1820285493",
        "right": "458552.3208254428",
        "top": "2985008.1820285493",
        "center_x": "455992.3208254428",
        "center_y": "2982448.1820285493",
        "crs": "EPSG:32640",
        "label": "uncertain",
        "old_cnn_score": 0.9257287979125977,
        "old_unet_p95": 0.17590920627117157,
        "old_candidate_pixel_count": 573.0,
        "old_fusion_score": 1.0344889666887729,
        "old_rank": 267.0,
        "new_cnn_score": 0.8122513890266418,
        "new_unet_p95": 0.175898477435112,
        "new_candidate_pixel_count": 117.0,
        "new_fusion_score": 0.681605758005194,
        "new_rank": 308.0,
        "score_delta": -0.3528832086835789,
        "rank_delta": -41.0,
        "unet_p95_delta": -1.0728836059570312e-05,
        "candidate_pixel_delta": -456.0,
        "abs_candidate_pixel_delta": 456.0,
        "category": "qeshm_hengam_context_priority",
        "external_context_zone": "qeshm_hengam_context_priority",
        "review_recommendation": "context-priority manual review; model output remains candidate support only",
        "edge_mask_fraction": 0.1623972933784437,
        "no_data_fraction": 0.000644683837890625,
        "bright_scatterer_fraction": 0.04011599806669889,
        "combined_dark_pixels": 142,
        "dark_component_count": 12,
        "largest_dark_component_pixels": 29,
        "largest_dark_component_elongation": 1.625,
        "dark_component_coherence_fraction": 0.20422535211267606,
        "old_mask_component_count": 29,
        "new_mask_component_count": 18,
        "old_largest_mask_component_pixels": 401,
        "new_largest_mask_component_pixels": 100,
        "edge_dominated": false,
        "bright_scatterer_dominated": false,
        "mostly_scattered_speckle": false,
        "coherent_dark_region_after_denoise": false,
        "unet_masks_not_just_speckle": true,
        "spatial_cluster_id": "",
        "nearby_candidate_cluster_size": 0,
        "inside_qeshm_hengam_context": true,
        "near_qeshm_hengam_context": true,
        "distance_to_qeshm_hengam_context_km": 0.0,
        "spatial_review_label": "uncertain",
        "approval_recommendation": "needs human visual review before any training use",
        "reason": "mixed evidence: some model/context priority, but spatial or denoised-mask evidence is not strong enough for probable-positive recommendation",
        "review_rank": 75,
        "preview_png": ""
      }
    },
    {
      "type": "Feature",
      "geometry": {
        "type": "Point",
        "coordinates": [
          56.711819566861955,
          26.778800276212287
        ]
      },
      "properties": {
        "tile": "D:\\SIHwork_2026\\data\\new_sar_case_study\\tiles_npz_run5_balanced3500\\S1D_20260805T020639_preprocessed_r7168_c5632_uncertain.npz",
        "tile_name": "S1D_20260805T020639_preprocessed_r7168_c5632_uncertain.npz",
        "scene": "S1D_IW_GRDH_1SDV_20260805T020614_20260805T020639_003984_0073C1_55A6_preprocessed_after_c_cleanup_xmx4",
        "acquisition_date": "2026-08-05",
        "acquisition_time": "02:06:14",
        "left": "468792.3208254428",
        "bottom": "2959408.1820285493",
        "right": "473912.3208254428",
        "top": "2964528.1820285493",
        "center_x": "471352.3208254428",
        "center_y": "2961968.1820285493",
        "crs": "EPSG:32640",
        "label": "uncertain",
        "old_cnn_score": 0.801620602607727,
        "old_unet_p95": 0.17920754849910736,
        "old_candidate_pixel_count": 1307.0,
        "old_fusion_score": 1.0309153437987322,
        "old_rank": 269.0,
        "new_cnn_score": 0.60581374168396,
        "new_unet_p95": 0.17440661787986755,
        "new_candidate_pixel_count": 319.0,
        "new_fusion_score": 0.609468831488707,
        "new_rank": 459.0,
        "score_delta": -0.42144651231002517,
        "rank_delta": -190.0,
        "unet_p95_delta": -0.004800930619239807,
        "candidate_pixel_delta": -988.0,
        "abs_candidate_pixel_delta": 988.0,
        "category": "qeshm_hengam_context_priority",
        "external_context_zone": "qeshm_hengam_context_priority",
        "review_recommendation": "context-priority manual review; model output remains candidate support only",
        "edge_mask_fraction": 0.4090717299578059,
        "no_data_fraction": 0.000316619873046875,
        "bright_scatterer_fraction": 0.06561181434599156,
        "combined_dark_pixels": 453,
        "dark_component_count": 29,
        "largest_dark_component_pixels": 90,
        "largest_dark_component_elongation": 1.25,
        "dark_component_coherence_fraction": 0.1986754966887417,
        "old_mask_component_count": 70,
        "new_mask_component_count": 30,
        "old_largest_mask_component_pixels": 1594,
        "new_largest_mask_component_pixels": 284,
        "edge_dominated": false,
        "bright_scatterer_dominated": false,
        "mostly_scattered_speckle": false,
        "coherent_dark_region_after_denoise": false,
        "unet_masks_not_just_speckle": true,
        "spatial_cluster_id": "",
        "nearby_candidate_cluster_size": 0,
        "inside_qeshm_hengam_context": true,
        "near_qeshm_hengam_context": true,
        "distance_to_qeshm_hengam_context_km": 0.0,
        "spatial_review_label": "uncertain",
        "approval_recommendation": "needs human visual review before any training use",
        "reason": "mixed evidence: some model/context priority, but spatial or denoised-mask evidence is not strong enough for probable-positive recommendation",
        "review_rank": 76,
        "preview_png": ""
      }
    },
    {
      "type": "Feature",
      "geometry": {
        "type": "Point",
        "coordinates": [
          56.81475288636073,
          26.825199808547193
        ]
      },
      "properties": {
        "tile": "D:\\SIHwork_2026\\data\\new_sar_case_study\\tiles_npz_run5_balanced3500\\S1D_20260805T020639_preprocessed_r6656_c6656_uncertain.npz",
        "tile_name": "S1D_20260805T020639_preprocessed_r6656_c6656_uncertain.npz",
        "scene": "S1D_IW_GRDH_1SDV_20260805T020614_20260805T020639_003984_0073C1_55A6_preprocessed_after_c_cleanup_xmx4",
        "acquisition_date": "2026-08-05",
        "acquisition_time": "02:06:14",
        "left": "479032.3208254428",
        "bottom": "2964528.1820285493",
        "right": "484152.3208254428",
        "top": "2969648.1820285493",
        "center_x": "481592.3208254428",
        "center_y": "2967088.1820285493",
        "crs": "EPSG:32640",
        "label": "uncertain",
        "old_cnn_score": 0.8483233451843262,
        "old_unet_p95": 0.17614716291427612,
        "old_candidate_pixel_count": 983.0,
        "old_fusion_score": 1.0298139382543097,
        "old_rank": 271.0,
        "new_cnn_score": 0.694406270980835,
        "new_unet_p95": 0.17885199189186096,
        "new_candidate_pixel_count": 265.0,
        "new_fusion_score": 0.6934475990612099,
        "new_rank": 293.0,
        "score_delta": -0.3363663391930998,
        "rank_delta": -22.0,
        "unet_p95_delta": 0.002704828977584839,
        "candidate_pixel_delta": -718.0,
        "abs_candidate_pixel_delta": 718.0,
        "category": "qeshm_hengam_context_priority",
        "external_context_zone": "qeshm_hengam_context_priority",
        "review_recommendation": "context-priority manual review; model output remains candidate support only",
        "edge_mask_fraction": 0.2189081225033289,
        "no_data_fraction": 0.000499725341796875,
        "bright_scatterer_fraction": 0.07057256990679095,
        "combined_dark_pixels": 266,
        "dark_component_count": 19,
        "largest_dark_component_pixels": 33,
        "largest_dark_component_elongation": 1.5,
        "dark_component_coherence_fraction": 0.12406015037593984,
        "old_mask_component_count": 36,
        "new_mask_component_count": 18,
        "old_largest_mask_component_pixels": 1647,
        "new_largest_mask_component_pixels": 351,
        "edge_dominated": false,
        "bright_scatterer_dominated": false,
        "mostly_scattered_speckle": false,
        "coherent_dark_region_after_denoise": false,
        "unet_masks_not_just_speckle": true,
        "spatial_cluster_id": "",
        "nearby_candidate_cluster_size": 0,
        "inside_qeshm_hengam_context": true,
        "near_qeshm_hengam_context": true,
        "distance_to_qeshm_hengam_context_km": 0.0,
        "spatial_review_label": "uncertain",
        "approval_recommendation": "needs human visual review before any training use",
        "reason": "mixed evidence: some model/context priority, but spatial or denoised-mask evidence is not strong enough for probable-positive recommendation",
        "review_rank": 77,
        "preview_png": ""
      }
    },
    {
      "type": "Feature",
      "geometry": {
        "type": "Point",
        "coordinates": [
          56.66531789254214,
          27.091883985291027
        ]
      },
      "properties": {
        "tile": "D:\\SIHwork_2026\\data\\new_sar_case_study\\tiles_npz_run5_balanced3500\\S1C_IW_GRDH_1SDV_20260804T021408_20260804T021438_r7680_c25088_uncertain.npz",
        "tile_name": "S1C_IW_GRDH_1SDV_20260804T021408_20260804T021438_r7680_c25088_uncertain.npz",
        "scene": "S1C_IW_GRDH_1SDV_20260804T021408_20260804T021438_008839_01188E_BC5E",
        "acquisition_date": "2026-08-04",
        "acquisition_time": "02:14:08",
        "left": "464261.37147003977",
        "bottom": "2994096.4374795803",
        "right": "469381.37147003977",
        "top": "2999216.4374795803",
        "center_x": "466821.37147003977",
        "center_y": "2996656.4374795803",
        "crs": "EPSG:32640",
        "label": "uncertain",
        "old_cnn_score": 0.4901998043060303,
        "old_unet_p95": 0.2294076681137085,
        "old_candidate_pixel_count": 9186.0,
        "old_fusion_score": 1.0262185522344394,
        "old_rank": 273.0,
        "new_cnn_score": 0.25853201746940613,
        "new_unet_p95": 0.20592401921749115,
        "new_candidate_pixel_count": 4102.0,
        "new_fusion_score": 0.4429117422158696,
        "new_rank": 1027.0,
        "score_delta": -0.5833068100185698,
        "rank_delta": -754.0,
        "unet_p95_delta": -0.023483648896217346,
        "candidate_pixel_delta": -5084.0,
        "abs_candidate_pixel_delta": 5084.0,
        "category": "qeshm_hengam_context_priority",
        "external_context_zone": "qeshm_hengam_context_priority",
        "review_recommendation": "context-priority manual review; model output remains candidate support only",
        "edge_mask_fraction": 0.2599390873987056,
        "no_data_fraction": 0.00018310546875,
        "bright_scatterer_fraction": 0.004405286343612335,
        "combined_dark_pixels": 14826,
        "dark_component_count": 221,
        "largest_dark_component_pixels": 1883,
        "largest_dark_component_elongation": 1.6607142857142858,
        "dark_component_coherence_fraction": 0.12700661000944288,
        "old_mask_component_count": 159,
        "new_mask_component_count": 165,
        "old_largest_mask_component_pixels": 33040,
        "new_largest_mask_component_pixels": 2032,
        "edge_dominated": false,
        "bright_scatterer_dominated": false,
        "mostly_scattered_speckle": false,
        "coherent_dark_region_after_denoise": false,
        "unet_masks_not_just_speckle": true,
        "spatial_cluster_id": "",
        "nearby_candidate_cluster_size": 0,
        "inside_qeshm_hengam_context": true,
        "near_qeshm_hengam_context": true,
        "distance_to_qeshm_hengam_context_km": 0.0,
        "spatial_review_label": "uncertain",
        "approval_recommendation": "needs human visual review before any training use",
        "reason": "mixed evidence: some model/context priority, but spatial or denoised-mask evidence is not strong enough for probable-positive recommendation",
        "review_rank": 78,
        "preview_png": ""
      }
    },
    {
      "type": "Feature",
      "geometry": {
        "type": "Point",
        "coordinates": [
          56.91770335159332,
          26.963978337622315
        ]
      },
      "properties": {
        "tile": "D:\\SIHwork_2026\\data\\new_sar_case_study\\tiles_npz_run5_balanced3500\\S1D_20260805T020639_preprocessed_r5120_c7680_uncertain.npz",
        "tile_name": "S1D_20260805T020639_preprocessed_r5120_c7680_uncertain.npz",
        "scene": "S1D_IW_GRDH_1SDV_20260805T020614_20260805T020639_003984_0073C1_55A6_preprocessed_after_c_cleanup_xmx4",
        "acquisition_date": "2026-08-05",
        "acquisition_time": "02:06:14",
        "left": "489272.3208254428",
        "bottom": "2979888.1820285493",
        "right": "494392.3208254428",
        "top": "2985008.1820285493",
        "center_x": "491832.3208254428",
        "center_y": "2982448.1820285493",
        "crs": "EPSG:32640",
        "label": "uncertain",
        "old_cnn_score": 0.6186489462852478,
        "old_unet_p95": 0.18923959136009216,
        "old_candidate_pixel_count": 434.0,
        "old_fusion_score": 0.7112582191304824,
        "old_rank": 657.0,
        "new_cnn_score": 0.598797082901001,
        "new_unet_p95": 0.1977033168077469,
        "new_candidate_pixel_count": 416.0,
        "new_fusion_score": 0.7142219011917045,
        "new_rank": 275.0,
        "score_delta": 0.002963682061222106,
        "rank_delta": 382.0,
        "unet_p95_delta": 0.008463725447654724,
        "candidate_pixel_delta": -18.0,
        "abs_candidate_pixel_delta": 18.0,
        "category": "qeshm_hengam_context_priority",
        "external_context_zone": "qeshm_hengam_context_priority",
        "review_recommendation": "context-priority manual review; model output remains candidate support only",
        "edge_mask_fraction": 0.5021707670043415,
        "no_data_fraction": 0.000640869140625,
        "bright_scatterer_fraction": 0.0,
        "combined_dark_pixels": 169,
        "dark_component_count": 19,
        "largest_dark_component_pixels": 36,
        "largest_dark_component_elongation": 36.0,
        "dark_component_coherence_fraction": 0.21301775147928995,
        "old_mask_component_count": 13,
        "new_mask_component_count": 19,
        "old_largest_mask_component_pixels": 914,
        "new_largest_mask_component_pixels": 421,
        "edge_dominated": false,
        "bright_scatterer_dominated": false,
        "mostly_scattered_speckle": false,
        "coherent_dark_region_after_denoise": false,
        "unet_masks_not_just_speckle": true,
        "spatial_cluster_id": "",
        "nearby_candidate_cluster_size": 0,
        "inside_qeshm_hengam_context": true,
        "near_qeshm_hengam_context": true,
        "distance_to_qeshm_hengam_context_km": 0.0,
        "spatial_review_label": "uncertain",
        "approval_recommendation": "needs human visual review before any training use",
        "reason": "mixed evidence: some model/context priority, but spatial or denoised-mask evidence is not strong enough for probable-positive recommendation",
        "review_rank": 79,
        "preview_png": ""
      }
    },
    {
      "type": "Feature",
      "geometry": {
        "type": "Point",
        "coordinates": [
          55.656429767741166,
          26.88503906685673
        ]
      },
      "properties": {
        "tile": "D:\\SIHwork_2026\\data\\new_sar_case_study\\tiles_npz_run5_balanced3500\\S1D_20260810T021454_preprocessed_r5632_c15872_uncertain.npz",
        "tile_name": "S1D_20260810T021454_preprocessed_r5632_c15872_uncertain.npz",
        "scene": "S1D_IW_GRDH_1SDV_20260810T021429_20260810T021454_004057_00763F_AFC5_preprocessed_extracted_xmx4",
        "acquisition_date": "2026-08-10",
        "acquisition_time": "02:14:29",
        "left": "363994.85972424183",
        "bottom": "2971849.977188905",
        "right": "369114.85972424183",
        "top": "2976969.977188905",
        "center_x": "366554.85972424183",
        "center_y": "2974409.977188905",
        "crs": "EPSG:32640",
        "label": "uncertain",
        "old_cnn_score": 0.6184390187263489,
        "old_unet_p95": 0.18884290754795074,
        "old_candidate_pixel_count": 1209.0,
        "old_fusion_score": 0.8290038336736021,
        "old_rank": 473.0,
        "new_cnn_score": 0.585056722164154,
        "new_unet_p95": 0.19671815633773804,
        "new_candidate_pixel_count": 474.0,
        "new_fusion_score": 0.7093437882191617,
        "new_rank": 279.0,
        "score_delta": -0.11966004545444042,
        "rank_delta": 194.0,
        "unet_p95_delta": 0.007875248789787292,
        "candidate_pixel_delta": -735.0,
        "abs_candidate_pixel_delta": 735.0,
        "category": "qeshm_hengam_context_priority",
        "external_context_zone": "qeshm_hengam_context_priority",
        "review_recommendation": "context-priority manual review; model output remains candidate support only",
        "edge_mask_fraction": 0.2183931907826448,
        "no_data_fraction": 0.001056671142578125,
        "bright_scatterer_fraction": 0.0,
        "combined_dark_pixels": 80,
        "dark_component_count": 10,
        "largest_dark_component_pixels": 16,
        "largest_dark_component_elongation": 16.0,
        "dark_component_coherence_fraction": 0.2,
        "old_mask_component_count": 27,
        "new_mask_component_count": 35,
        "old_largest_mask_component_pixels": 2238,
        "new_largest_mask_component_pixels": 634,
        "edge_dominated": false,
        "bright_scatterer_dominated": false,
        "mostly_scattered_speckle": false,
        "coherent_dark_region_after_denoise": false,
        "unet_masks_not_just_speckle": true,
        "spatial_cluster_id": "",
        "nearby_candidate_cluster_size": 0,
        "inside_qeshm_hengam_context": true,
        "near_qeshm_hengam_context": true,
        "distance_to_qeshm_hengam_context_km": 0.0,
        "spatial_review_label": "uncertain",
        "approval_recommendation": "needs human visual review before any training use",
        "reason": "mixed evidence: some model/context priority, but spatial or denoised-mask evidence is not strong enough for probable-positive recommendation",
        "review_rank": 80,
        "preview_png": ""
      }
    },
    {
      "type": "Feature",
      "geometry": {
        "type": "Point",
        "coordinates": [
          56.60021914473724,
          27.177830515595154
        ]
      },
      "properties": {
        "tile": "D:\\SIHwork_2026\\data\\new_sar_case_study\\tiles_npz_run5_balanced3500\\S1C_20260808T141633_preprocessed_r5120_c11264_uncertain.npz",
        "tile_name": "S1C_20260808T141633_preprocessed_r5120_c11264_uncertain.npz",
        "scene": "S1C_IW_GRDH_1SDV_20260808T141614_20260808T141633_008905_011A9E_BE01_preprocessed_extracted_xmx4",
        "acquisition_date": "2026-08-08",
        "acquisition_time": "14:16:14",
        "left": "457838.061760937",
        "bottom": "3003634.963305102",
        "right": "462958.061760937",
        "top": "3008754.963305102",
        "center_x": "460398.061760937",
        "center_y": "3006194.963305102",
        "crs": "EPSG:32640",
        "label": "uncertain",
        "old_cnn_score": 0.6047463417053223,
        "old_unet_p95": 0.1884533166885376,
        "old_candidate_pixel_count": 1103.0,
        "old_fusion_score": 0.7985282082077301,
        "old_rank": 523.0,
        "new_cnn_score": 0.5810407400131226,
        "new_unet_p95": 0.19644778966903687,
        "new_candidate_pixel_count": 485.0,
        "new_fusion_score": 0.7061196431506919,
        "new_rank": 281.0,
        "score_delta": -0.0924085650570382,
        "rank_delta": 242.0,
        "unet_p95_delta": 0.007994472980499268,
        "candidate_pixel_delta": -618.0,
        "abs_candidate_pixel_delta": 618.0,
        "category": "qeshm_hengam_context_priority",
        "external_context_zone": "qeshm_hengam_context_priority",
        "review_recommendation": "context-priority manual review; model output remains candidate support only",
        "edge_mask_fraction": 0.025235849056603775,
        "no_data_fraction": 0.002910614013671875,
        "bright_scatterer_fraction": 0.016037735849056604,
        "combined_dark_pixels": 95,
        "dark_component_count": 10,
        "largest_dark_component_pixels": 23,
        "largest_dark_component_elongation": 23.0,
        "dark_component_coherence_fraction": 0.24210526315789474,
        "old_mask_component_count": 30,
        "new_mask_component_count": 31,
        "old_largest_mask_component_pixels": 1516,
        "new_largest_mask_component_pixels": 458,
        "edge_dominated": false,
        "bright_scatterer_dominated": false,
        "mostly_scattered_speckle": false,
        "coherent_dark_region_after_denoise": false,
        "unet_masks_not_just_speckle": true,
        "spatial_cluster_id": "",
        "nearby_candidate_cluster_size": 0,
        "inside_qeshm_hengam_context": true,
        "near_qeshm_hengam_context": true,
        "distance_to_qeshm_hengam_context_km": 0.0,
        "spatial_review_label": "uncertain",
        "approval_recommendation": "needs human visual review before any training use",
        "reason": "mixed evidence: some model/context priority, but spatial or denoised-mask evidence is not strong enough for probable-positive recommendation",
        "review_rank": 81,
        "preview_png": ""
      }
    },
    {
      "type": "Feature",
      "geometry": {
        "type": "Point",
        "coordinates": [
          56.66031576019167,
          26.778686158110087
        ]
      },
      "properties": {
        "tile": "D:\\SIHwork_2026\\data\\new_sar_case_study\\tiles_npz_run5_balanced3500\\S1D_20260805T020639_preprocessed_r7168_c5120_uncertain.npz",
        "tile_name": "S1D_20260805T020639_preprocessed_r7168_c5120_uncertain.npz",
        "scene": "S1D_IW_GRDH_1SDV_20260805T020614_20260805T020639_003984_0073C1_55A6_preprocessed_after_c_cleanup_xmx4",
        "acquisition_date": "2026-08-05",
        "acquisition_time": "02:06:14",
        "left": "463672.3208254428",
        "bottom": "2959408.1820285493",
        "right": "468792.3208254428",
        "top": "2964528.1820285493",
        "center_x": "466232.3208254428",
        "center_y": "2961968.1820285493",
        "crs": "EPSG:32640",
        "label": "uncertain",
        "old_cnn_score": 0.7196264266967773,
        "old_unet_p95": 0.18576878309249878,
        "old_candidate_pixel_count": 1926.0,
        "old_fusion_score": 1.0111492499184769,
        "old_rank": 286.0,
        "new_cnn_score": 0.5392082333564758,
        "new_unet_p95": 0.1755380928516388,
        "new_candidate_pixel_count": 412.0,
        "new_fusion_score": 0.5701288614364156,
        "new_rank": 589.0,
        "score_delta": -0.44102038848206127,
        "rank_delta": -303.0,
        "unet_p95_delta": -0.010230690240859985,
        "candidate_pixel_delta": -1514.0,
        "abs_candidate_pixel_delta": 1514.0,
        "category": "qeshm_hengam_context_priority",
        "external_context_zone": "qeshm_hengam_context_priority",
        "review_recommendation": "context-priority manual review; model output remains candidate support only",
        "edge_mask_fraction": 0.22318634423897582,
        "no_data_fraction": 0.000400543212890625,
        "bright_scatterer_fraction": 0.08862019914651494,
        "combined_dark_pixels": 589,
        "dark_component_count": 35,
        "largest_dark_component_pixels": 93,
        "largest_dark_component_elongation": 2.111111111111111,
        "dark_component_coherence_fraction": 0.15789473684210525,
        "old_mask_component_count": 83,
        "new_mask_component_count": 27,
        "old_largest_mask_component_pixels": 2400,
        "new_largest_mask_component_pixels": 431,
        "edge_dominated": false,
        "bright_scatterer_dominated": false,
        "mostly_scattered_speckle": false,
        "coherent_dark_region_after_denoise": false,
        "unet_masks_not_just_speckle": true,
        "spatial_cluster_id": "",
        "nearby_candidate_cluster_size": 0,
        "inside_qeshm_hengam_context": true,
        "near_qeshm_hengam_context": true,
        "distance_to_qeshm_hengam_context_km": 0.0,
        "spatial_review_label": "uncertain",
        "approval_recommendation": "needs human visual review before any training use",
        "reason": "mixed evidence: some model/context priority, but spatial or denoised-mask evidence is not strong enough for probable-positive recommendation",
        "review_rank": 82,
        "preview_png": ""
      }
    },
    {
      "type": "Feature",
      "geometry": {
        "type": "Point",
        "coordinates": [
          56.25154807211227,
          27.182736161691476
        ]
      },
      "properties": {
        "tile": "D:\\SIHwork_2026\\data\\new_sar_case_study\\tiles_npz_run5_balanced3500\\S1C_IW_GRDH_1SDV_20260804T021408_20260804T021438_r6656_c20992_uncertain.npz",
        "tile_name": "S1C_IW_GRDH_1SDV_20260804T021408_20260804T021438_r6656_c20992_uncertain.npz",
        "scene": "S1C_IW_GRDH_1SDV_20260804T021408_20260804T021438_008839_01188E_BC5E",
        "acquisition_date": "2026-08-04",
        "acquisition_time": "02:14:08",
        "left": "423301.37147003977",
        "bottom": "3004336.4374795803",
        "right": "428421.37147003977",
        "top": "3009456.4374795803",
        "center_x": "425861.37147003977",
        "center_y": "3006896.4374795803",
        "crs": "EPSG:32640",
        "label": "uncertain",
        "old_cnn_score": 0.6142706871032715,
        "old_unet_p95": 0.19068673253059387,
        "old_candidate_pixel_count": 1741.0,
        "old_fusion_score": 0.8741408989181796,
        "old_rank": 418.0,
        "new_cnn_score": 0.5286010503768921,
        "new_unet_p95": 0.19822479784488678,
        "new_candidate_pixel_count": 739.0,
        "new_fusion_score": 0.6922569386421867,
        "new_rank": 295.0,
        "score_delta": -0.18188396027599285,
        "rank_delta": 123.0,
        "unet_p95_delta": 0.007538065314292908,
        "candidate_pixel_delta": -1002.0,
        "abs_candidate_pixel_delta": 1002.0,
        "category": "qeshm_hengam_context_priority",
        "external_context_zone": "qeshm_hengam_context_priority",
        "review_recommendation": "context-priority manual review; model output remains candidate support only",
        "edge_mask_fraction": 0.008705580134151562,
        "no_data_fraction": 0.003719329833984375,
        "bright_scatterer_fraction": 0.0535179106607678,
        "combined_dark_pixels": 96,
        "dark_component_count": 11,
        "largest_dark_component_pixels": 36,
        "largest_dark_component_elongation": 1.6666666666666667,
        "dark_component_coherence_fraction": 0.375,
        "old_mask_component_count": 31,
        "new_mask_component_count": 39,
        "old_largest_mask_component_pixels": 3171,
        "new_largest_mask_component_pixels": 952,
        "edge_dominated": false,
        "bright_scatterer_dominated": false,
        "mostly_scattered_speckle": false,
        "coherent_dark_region_after_denoise": false,
        "unet_masks_not_just_speckle": true,
        "spatial_cluster_id": "",
        "nearby_candidate_cluster_size": 0,
        "inside_qeshm_hengam_context": true,
        "near_qeshm_hengam_context": true,
        "distance_to_qeshm_hengam_context_km": 0.0,
        "spatial_review_label": "uncertain",
        "approval_recommendation": "needs human visual review before any training use",
        "reason": "mixed evidence: some model/context priority, but spatial or denoised-mask evidence is not strong enough for probable-positive recommendation",
        "review_rank": 83,
        "preview_png": ""
      }
    },
    {
      "type": "Feature",
      "geometry": {
        "type": "Point",
        "coordinates": [
          56.66504244725568,
          27.18433340138145
        ]
      },
      "properties": {
        "tile": "D:\\SIHwork_2026\\data\\new_sar_case_study\\tiles_npz_run5_balanced3500\\S1C_IW_GRDH_1SDV_20260804T021408_20260804T021438_r6656_c25088_uncertain.npz",
        "tile_name": "S1C_IW_GRDH_1SDV_20260804T021408_20260804T021438_r6656_c25088_uncertain.npz",
        "scene": "S1C_IW_GRDH_1SDV_20260804T021408_20260804T021438_008839_01188E_BC5E",
        "acquisition_date": "2026-08-04",
        "acquisition_time": "02:14:08",
        "left": "464261.37147003977",
        "bottom": "3004336.4374795803",
        "right": "469381.37147003977",
        "top": "3009456.4374795803",
        "center_x": "466821.37147003977",
        "center_y": "3006896.4374795803",
        "crs": "EPSG:32640",
        "label": "uncertain",
        "old_cnn_score": 0.6472068428993225,
        "old_unet_p95": 0.18214526772499084,
        "old_candidate_pixel_count": 821.0,
        "old_fusion_score": 0.7912179708743843,
        "old_rank": 534.0,
        "new_cnn_score": 0.5684329271316528,
        "new_unet_p95": 0.19064925611019135,
        "new_candidate_pixel_count": 533.0,
        "new_fusion_score": 0.6806147539433902,
        "new_rank": 309.0,
        "score_delta": -0.11060321693099406,
        "rank_delta": 225.0,
        "unet_p95_delta": 0.0085039883852005,
        "candidate_pixel_delta": -288.0,
        "abs_candidate_pixel_delta": 288.0,
        "category": "qeshm_hengam_context_priority",
        "external_context_zone": "qeshm_hengam_context_priority",
        "review_recommendation": "context-priority manual review; model output remains candidate support only",
        "edge_mask_fraction": 0.23803827751196172,
        "no_data_fraction": 0.00171661376953125,
        "bright_scatterer_fraction": 0.0,
        "combined_dark_pixels": 377,
        "dark_component_count": 10,
        "largest_dark_component_pixels": 116,
        "largest_dark_component_elongation": 3.5,
        "dark_component_coherence_fraction": 0.3076923076923077,
        "old_mask_component_count": 7,
        "new_mask_component_count": 13,
        "old_largest_mask_component_pixels": 2264,
        "new_largest_mask_component_pixels": 1365,
        "edge_dominated": false,
        "bright_scatterer_dominated": false,
        "mostly_scattered_speckle": false,
        "coherent_dark_region_after_denoise": false,
        "unet_masks_not_just_speckle": true,
        "spatial_cluster_id": "",
        "nearby_candidate_cluster_size": 0,
        "inside_qeshm_hengam_context": true,
        "near_qeshm_hengam_context": true,
        "distance_to_qeshm_hengam_context_km": 0.0,
        "spatial_review_label": "uncertain",
        "approval_recommendation": "needs human visual review before any training use",
        "reason": "mixed evidence: some model/context priority, but spatial or denoised-mask evidence is not strong enough for probable-positive recommendation",
        "review_rank": 84,
        "preview_png": ""
      }
    },
    {
      "type": "Feature",
      "geometry": {
        "type": "Point",
        "coordinates": [
          56.556225659362646,
          27.055755135116108
        ]
      },
      "properties": {
        "tile": "D:\\SIHwork_2026\\data\\new_sar_case_study\\tiles_npz_run5_balanced3500\\S1D_20260805T020639_preprocessed_r4096_c4096_uncertain.npz",
        "tile_name": "S1D_20260805T020639_preprocessed_r4096_c4096_uncertain.npz",
        "scene": "S1D_IW_GRDH_1SDV_20260805T020614_20260805T020639_003984_0073C1_55A6_preprocessed_after_c_cleanup_xmx4",
        "acquisition_date": "2026-08-05",
        "acquisition_time": "02:06:14",
        "left": "453432.3208254428",
        "bottom": "2990128.1820285493",
        "right": "458552.3208254428",
        "top": "2995248.1820285493",
        "center_x": "455992.3208254428",
        "center_y": "2992688.1820285493",
        "crs": "EPSG:32640",
        "label": "uncertain",
        "old_cnn_score": 0.7251003980636597,
        "old_unet_p95": 0.1831354945898056,
        "old_candidate_pixel_count": 1557.0,
        "old_fusion_score": 0.9761722099599908,
        "old_rank": 312.0,
        "new_cnn_score": 0.4864010214805603,
        "new_unet_p95": 0.17564278841018677,
        "new_candidate_pixel_count": 352.0,
        "new_fusion_score": 0.5011889781720734,
        "new_rank": 783.0,
        "score_delta": -0.47498323178791735,
        "rank_delta": -471.0,
        "unet_p95_delta": -0.0074927061796188354,
        "candidate_pixel_delta": -1205.0,
        "abs_candidate_pixel_delta": 1205.0,
        "category": "qeshm_hengam_context_priority",
        "external_context_zone": "qeshm_hengam_context_priority",
        "review_recommendation": "context-priority manual review; model output remains candidate support only",
        "edge_mask_fraction": 0.5491087668242998,
        "no_data_fraction": 0.000728607177734375,
        "bright_scatterer_fraction": 0.04474354310658421,
        "combined_dark_pixels": 206,
        "dark_component_count": 29,
        "largest_dark_component_pixels": 30,
        "largest_dark_component_elongation": 1.2222222222222223,
        "dark_component_coherence_fraction": 0.14563106796116504,
        "old_mask_component_count": 105,
        "new_mask_component_count": 30,
        "old_largest_mask_component_pixels": 1618,
        "new_largest_mask_component_pixels": 219,
        "edge_dominated": false,
        "bright_scatterer_dominated": false,
        "mostly_scattered_speckle": false,
        "coherent_dark_region_after_denoise": false,
        "unet_masks_not_just_speckle": true,
        "spatial_cluster_id": "",
        "nearby_candidate_cluster_size": 0,
        "inside_qeshm_hengam_context": true,
        "near_qeshm_hengam_context": true,
        "distance_to_qeshm_hengam_context_km": 0.0,
        "spatial_review_label": "uncertain",
        "approval_recommendation": "needs human visual review before any training use",
        "reason": "mixed evidence: some model/context priority, but spatial or denoised-mask evidence is not strong enough for probable-positive recommendation",
        "review_rank": 85,
        "preview_png": ""
      }
    },
    {
      "type": "Feature",
      "geometry": {
        "type": "Point",
        "coordinates": [
          56.56184628966878,
          27.137824390939862
        ]
      },
      "properties": {
        "tile": "D:\\SIHwork_2026\\data\\new_sar_case_study\\tiles_npz_run5_balanced3500\\S1C_IW_GRDH_1SDV_20260804T021408_20260804T021438_r7168_c24064_uncertain.npz",
        "tile_name": "S1C_IW_GRDH_1SDV_20260804T021408_20260804T021438_r7168_c24064_uncertain.npz",
        "scene": "S1C_IW_GRDH_1SDV_20260804T021408_20260804T021438_008839_01188E_BC5E",
        "acquisition_date": "2026-08-04",
        "acquisition_time": "02:14:08",
        "left": "454021.37147003977",
        "bottom": "2999216.4374795803",
        "right": "459141.37147003977",
        "top": "3004336.4374795803",
        "center_x": "456581.37147003977",
        "center_y": "3001776.4374795803",
        "crs": "EPSG:32640",
        "label": "uncertain",
        "old_cnn_score": 0.5605790019035339,
        "old_unet_p95": 0.18774574995040894,
        "old_candidate_pixel_count": 1104.0,
        "old_fusion_score": 0.7375242125188943,
        "old_rank": 620.0,
        "new_cnn_score": 0.5568515062332153,
        "new_unet_p95": 0.1959790140390396,
        "new_candidate_pixel_count": 504.0,
        "new_fusion_score": 0.6792935878598207,
        "new_rank": 313.0,
        "score_delta": -0.05823062465907358,
        "rank_delta": 307.0,
        "unet_p95_delta": 0.008233264088630676,
        "candidate_pixel_delta": -600.0,
        "abs_candidate_pixel_delta": 600.0,
        "category": "qeshm_hengam_context_priority",
        "external_context_zone": "qeshm_hengam_context_priority",
        "review_recommendation": "context-priority manual review; model output remains candidate support only",
        "edge_mask_fraction": 0.2631578947368421,
        "no_data_fraction": 0.000827789306640625,
        "bright_scatterer_fraction": 0.032355478861087146,
        "combined_dark_pixels": 399,
        "dark_component_count": 23,
        "largest_dark_component_pixels": 132,
        "largest_dark_component_elongation": 1.105263157894737,
        "dark_component_coherence_fraction": 0.3308270676691729,
        "old_mask_component_count": 30,
        "new_mask_component_count": 37,
        "old_largest_mask_component_pixels": 1657,
        "new_largest_mask_component_pixels": 1130,
        "edge_dominated": false,
        "bright_scatterer_dominated": false,
        "mostly_scattered_speckle": false,
        "coherent_dark_region_after_denoise": false,
        "unet_masks_not_just_speckle": true,
        "spatial_cluster_id": "",
        "nearby_candidate_cluster_size": 0,
        "inside_qeshm_hengam_context": true,
        "near_qeshm_hengam_context": true,
        "distance_to_qeshm_hengam_context_km": 0.0,
        "spatial_review_label": "uncertain",
        "approval_recommendation": "needs human visual review before any training use",
        "reason": "mixed evidence: some model/context priority, but spatial or denoised-mask evidence is not strong enough for probable-positive recommendation",
        "review_rank": 86,
        "preview_png": ""
      }
    },
    {
      "type": "Feature",
      "geometry": {
        "type": "Point",
        "coordinates": [
          55.776349832961316,
          26.895742822834745
        ]
      },
      "properties": {
        "tile": "D:\\SIHwork_2026\\data\\new_sar_case_study\\tiles_npz_run5_balanced3500\\S1C_20260808T141633_preprocessed_r8192_c3072_uncertain.npz",
        "tile_name": "S1C_20260808T141633_preprocessed_r8192_c3072_uncertain.npz",
        "scene": "S1C_IW_GRDH_1SDV_20260808T141614_20260808T141633_008905_011A9E_BE01_preprocessed_extracted_xmx4",
        "acquisition_date": "2026-08-08",
        "acquisition_time": "14:16:14",
        "left": "375918.061760937",
        "bottom": "2972914.963305102",
        "right": "381038.061760937",
        "top": "2978034.963305102",
        "center_x": "378478.061760937",
        "center_y": "2975474.963305102",
        "crs": "EPSG:32640",
        "label": "uncertain",
        "old_cnn_score": 0.6513499021530151,
        "old_unet_p95": 0.18804511427879333,
        "old_candidate_pixel_count": 670.0,
        "old_fusion_score": 0.7972146557742603,
        "old_rank": 528.0,
        "new_cnn_score": 0.6008711457252502,
        "new_unet_p95": 0.1967773288488388,
        "new_candidate_pixel_count": 303.0,
        "new_fusion_score": 0.6759688867949945,
        "new_rank": 318.0,
        "score_delta": -0.12124576897926587,
        "rank_delta": 210.0,
        "unet_p95_delta": 0.008732214570045471,
        "candidate_pixel_delta": -367.0,
        "abs_candidate_pixel_delta": 367.0,
        "category": "qeshm_hengam_context_priority",
        "external_context_zone": "qeshm_hengam_context_priority",
        "review_recommendation": "context-priority manual review; model output remains candidate support only",
        "edge_mask_fraction": 0.07348560079443893,
        "no_data_fraction": 0.000789642333984375,
        "bright_scatterer_fraction": 0.11717974180734857,
        "combined_dark_pixels": 124,
        "dark_component_count": 23,
        "largest_dark_component_pixels": 25,
        "largest_dark_component_elongation": 25.0,
        "dark_component_coherence_fraction": 0.20161290322580644,
        "old_mask_component_count": 13,
        "new_mask_component_count": 38,
        "old_largest_mask_component_pixels": 1858,
        "new_largest_mask_component_pixels": 316,
        "edge_dominated": false,
        "bright_scatterer_dominated": false,
        "mostly_scattered_speckle": false,
        "coherent_dark_region_after_denoise": false,
        "unet_masks_not_just_speckle": true,
        "spatial_cluster_id": "",
        "nearby_candidate_cluster_size": 0,
        "inside_qeshm_hengam_context": true,
        "near_qeshm_hengam_context": true,
        "distance_to_qeshm_hengam_context_km": 0.0,
        "spatial_review_label": "uncertain",
        "approval_recommendation": "needs human visual review before any training use",
        "reason": "mixed evidence: some model/context priority, but spatial or denoised-mask evidence is not strong enough for probable-positive recommendation",
        "review_rank": 87,
        "preview_png": ""
      }
    },
    {
      "type": "Feature",
      "geometry": {
        "type": "Point",
        "coordinates": [
          56.50418987022728,
          27.14803081505654
        ]
      },
      "properties": {
        "tile": "D:\\SIHwork_2026\\data\\new_sar_case_study\\tiles_npz_run5_balanced3500\\S1D_20260805T020639_preprocessed_r3072_c3584_uncertain.npz",
        "tile_name": "S1D_20260805T020639_preprocessed_r3072_c3584_uncertain.npz",
        "scene": "S1D_IW_GRDH_1SDV_20260805T020614_20260805T020639_003984_0073C1_55A6_preprocessed_after_c_cleanup_xmx4",
        "acquisition_date": "2026-08-05",
        "acquisition_time": "02:06:14",
        "left": "448312.3208254428",
        "bottom": "3000368.1820285493",
        "right": "453432.3208254428",
        "top": "3005488.1820285493",
        "center_x": "450872.3208254428",
        "center_y": "3002928.1820285493",
        "crs": "EPSG:32640",
        "label": "uncertain",
        "old_cnn_score": 0.5627661347389221,
        "old_unet_p95": 0.1890305131673813,
        "old_candidate_pixel_count": 639.0,
        "old_fusion_score": 0.6873707987875647,
        "old_rank": 694.0,
        "new_cnn_score": 0.5590433478355408,
        "new_unet_p95": 0.19740885496139526,
        "new_candidate_pixel_count": 449.0,
        "new_fusion_score": 0.6742172179619333,
        "new_rank": 322.0,
        "score_delta": -0.013153580825631339,
        "rank_delta": 372.0,
        "unet_p95_delta": 0.008378341794013977,
        "candidate_pixel_delta": -190.0,
        "abs_candidate_pixel_delta": 190.0,
        "category": "qeshm_hengam_context_priority",
        "external_context_zone": "qeshm_hengam_context_priority",
        "review_recommendation": "context-priority manual review; model output remains candidate support only",
        "edge_mask_fraction": 0.23391812865497075,
        "no_data_fraction": 0.0006561279296875,
        "bright_scatterer_fraction": 0.09137426900584796,
        "combined_dark_pixels": 116,
        "dark_component_count": 13,
        "largest_dark_component_pixels": 25,
        "largest_dark_component_elongation": 25.0,
        "dark_component_coherence_fraction": 0.21551724137931033,
        "old_mask_component_count": 18,
        "new_mask_component_count": 28,
        "old_largest_mask_component_pixels": 1512,
        "new_largest_mask_component_pixels": 619,
        "edge_dominated": false,
        "bright_scatterer_dominated": false,
        "mostly_scattered_speckle": false,
        "coherent_dark_region_after_denoise": false,
        "unet_masks_not_just_speckle": true,
        "spatial_cluster_id": "",
        "nearby_candidate_cluster_size": 0,
        "inside_qeshm_hengam_context": true,
        "near_qeshm_hengam_context": true,
        "distance_to_qeshm_hengam_context_km": 0.0,
        "spatial_review_label": "uncertain",
        "approval_recommendation": "needs human visual review before any training use",
        "reason": "mixed evidence: some model/context priority, but spatial or denoised-mask evidence is not strong enough for probable-positive recommendation",
        "review_rank": 88,
        "preview_png": ""
      }
    },
    {
      "type": "Feature",
      "geometry": {
        "type": "Point",
        "coordinates": [
          55.930992192677465,
          26.89699792102342
        ]
      },
      "properties": {
        "tile": "D:\\SIHwork_2026\\data\\new_sar_case_study\\tiles_npz_run5_balanced3500\\S1C_20260808T141633_preprocessed_r8192_c4608_uncertain.npz",
        "tile_name": "S1C_20260808T141633_preprocessed_r8192_c4608_uncertain.npz",
        "scene": "S1C_IW_GRDH_1SDV_20260808T141614_20260808T141633_008905_011A9E_BE01_preprocessed_extracted_xmx4",
        "acquisition_date": "2026-08-08",
        "acquisition_time": "14:16:14",
        "left": "391278.061760937",
        "bottom": "2972914.963305102",
        "right": "396398.061760937",
        "top": "2978034.963305102",
        "center_x": "393838.061760937",
        "center_y": "2975474.963305102",
        "crs": "EPSG:32640",
        "label": "uncertain",
        "old_cnn_score": 0.6539616584777832,
        "old_unet_p95": 0.18857495486736298,
        "old_candidate_pixel_count": 445.0,
        "old_fusion_score": 0.7522961538330067,
        "old_rank": 598.0,
        "new_cnn_score": 0.627691388130188,
        "new_unet_p95": 0.19717565178871155,
        "new_candidate_pixel_count": 224.0,
        "new_fusion_score": 0.6703261499764469,
        "new_rank": 325.0,
        "score_delta": -0.08197000385655984,
        "rank_delta": 273.0,
        "unet_p95_delta": 0.008600696921348572,
        "candidate_pixel_delta": -221.0,
        "abs_candidate_pixel_delta": 221.0,
        "category": "qeshm_hengam_context_priority",
        "external_context_zone": "qeshm_hengam_context_priority",
        "review_recommendation": "context-priority manual review; model output remains candidate support only",
        "edge_mask_fraction": 0.517293997965412,
        "no_data_fraction": 0.00052642822265625,
        "bright_scatterer_fraction": 0.17344862665310273,
        "combined_dark_pixels": 160,
        "dark_component_count": 11,
        "largest_dark_component_pixels": 44,
        "largest_dark_component_elongation": 44.0,
        "dark_component_coherence_fraction": 0.275,
        "old_mask_component_count": 10,
        "new_mask_component_count": 17,
        "old_largest_mask_component_pixels": 1061,
        "new_largest_mask_component_pixels": 249,
        "edge_dominated": false,
        "bright_scatterer_dominated": false,
        "mostly_scattered_speckle": false,
        "coherent_dark_region_after_denoise": false,
        "unet_masks_not_just_speckle": true,
        "spatial_cluster_id": "",
        "nearby_candidate_cluster_size": 0,
        "inside_qeshm_hengam_context": true,
        "near_qeshm_hengam_context": true,
        "distance_to_qeshm_hengam_context_km": 0.0,
        "spatial_review_label": "uncertain",
        "approval_recommendation": "needs human visual review before any training use",
        "reason": "mixed evidence: some model/context priority, but spatial or denoised-mask evidence is not strong enough for probable-positive recommendation",
        "review_rank": 89,
        "preview_png": ""
      }
    },
    {
      "type": "Feature",
      "geometry": {
        "type": "Point",
        "coordinates": [
          55.606588555493104,
          26.745897902536623
        ]
      },
      "properties": {
        "tile": "D:\\SIHwork_2026\\data\\new_sar_case_study\\tiles_npz_run5_balanced3500\\S1D_20260810T021454_preprocessed_r7168_c15360_uncertain.npz",
        "tile_name": "S1D_20260810T021454_preprocessed_r7168_c15360_uncertain.npz",
        "scene": "S1D_IW_GRDH_1SDV_20260810T021429_20260810T021454_004057_00763F_AFC5_preprocessed_extracted_xmx4",
        "acquisition_date": "2026-08-10",
        "acquisition_time": "02:14:29",
        "left": "358874.85972424183",
        "bottom": "2956489.977188905",
        "right": "363994.85972424183",
        "top": "2961609.977188905",
        "center_x": "361434.85972424183",
        "center_y": "2959049.977188905",
        "crs": "EPSG:32640",
        "label": "uncertain",
        "old_cnn_score": 0.5960599780082703,
        "old_unet_p95": 0.18834353983402252,
        "old_candidate_pixel_count": 511.0,
        "old_fusion_score": 0.7003395639875694,
        "old_rank": 675.0,
        "new_cnn_score": 0.5714706778526306,
        "new_unet_p95": 0.19671453535556793,
        "new_candidate_pixel_count": 380.0,
        "new_fusion_score": 0.6680692340495753,
        "new_rank": 327.0,
        "score_delta": -0.03227032993799406,
        "rank_delta": 348.0,
        "unet_p95_delta": 0.00837099552154541,
        "candidate_pixel_delta": -131.0,
        "abs_candidate_pixel_delta": 131.0,
        "category": "qeshm_hengam_context_priority",
        "external_context_zone": "qeshm_hengam_context_priority",
        "review_recommendation": "context-priority manual review; model output remains candidate support only",
        "edge_mask_fraction": 0.14416666666666667,
        "no_data_fraction": 0.001068115234375,
        "bright_scatterer_fraction": 0.07958333333333334,
        "combined_dark_pixels": 200,
        "dark_component_count": 17,
        "largest_dark_component_pixels": 35,
        "largest_dark_component_elongation": 35.0,
        "dark_component_coherence_fraction": 0.175,
        "old_mask_component_count": 12,
        "new_mask_component_count": 40,
        "old_largest_mask_component_pixels": 2005,
        "new_largest_mask_component_pixels": 518,
        "edge_dominated": false,
        "bright_scatterer_dominated": false,
        "mostly_scattered_speckle": false,
        "coherent_dark_region_after_denoise": false,
        "unet_masks_not_just_speckle": true,
        "spatial_cluster_id": "",
        "nearby_candidate_cluster_size": 0,
        "inside_qeshm_hengam_context": true,
        "near_qeshm_hengam_context": true,
        "distance_to_qeshm_hengam_context_km": 0.0,
        "spatial_review_label": "uncertain",
        "approval_recommendation": "needs human visual review before any training use",
        "reason": "mixed evidence: some model/context priority, but spatial or denoised-mask evidence is not strong enough for probable-positive recommendation",
        "review_rank": 90,
        "preview_png": ""
      }
    },
    {
      "type": "Feature",
      "geometry": {
        "type": "Point",
        "coordinates": [
          56.71170271126269,
          26.82502739432181
        ]
      },
      "properties": {
        "tile": "D:\\SIHwork_2026\\data\\new_sar_case_study\\tiles_npz_run5_balanced3500\\S1D_20260805T020639_preprocessed_r6656_c5632_uncertain.npz",
        "tile_name": "S1D_20260805T020639_preprocessed_r6656_c5632_uncertain.npz",
        "scene": "S1D_IW_GRDH_1SDV_20260805T020614_20260805T020639_003984_0073C1_55A6_preprocessed_after_c_cleanup_xmx4",
        "acquisition_date": "2026-08-05",
        "acquisition_time": "02:06:14",
        "left": "468792.3208254428",
        "bottom": "2964528.1820285493",
        "right": "473912.3208254428",
        "top": "2969648.1820285493",
        "center_x": "471352.3208254428",
        "center_y": "2967088.1820285493",
        "crs": "EPSG:32640",
        "label": "uncertain",
        "old_cnn_score": 0.7641081213951111,
        "old_unet_p95": 0.1789604127407074,
        "old_candidate_pixel_count": 1009.0,
        "old_fusion_score": 0.9459623784776126,
        "old_rank": 333.0,
        "new_cnn_score": 0.5879705548286438,
        "new_unet_p95": 0.1738002449274063,
        "new_candidate_pixel_count": 217.0,
        "new_fusion_score": 0.5502384621317742,
        "new_rank": 639.0,
        "score_delta": -0.39572391634583837,
        "rank_delta": -306.0,
        "unet_p95_delta": -0.005160167813301086,
        "candidate_pixel_delta": -792.0,
        "abs_candidate_pixel_delta": 792.0,
        "category": "qeshm_hengam_context_priority",
        "external_context_zone": "qeshm_hengam_context_priority",
        "review_recommendation": "context-priority manual review; model output remains candidate support only",
        "edge_mask_fraction": 0.0,
        "no_data_fraction": 0.000522613525390625,
        "bright_scatterer_fraction": 0.02486728136350936,
        "combined_dark_pixels": 527,
        "dark_component_count": 27,
        "largest_dark_component_pixels": 110,
        "largest_dark_component_elongation": 1.5384615384615385,
        "dark_component_coherence_fraction": 0.20872865275142316,
        "old_mask_component_count": 56,
        "new_mask_component_count": 18,
        "old_largest_mask_component_pixels": 1711,
        "new_largest_mask_component_pixels": 315,
        "edge_dominated": false,
        "bright_scatterer_dominated": false,
        "mostly_scattered_speckle": false,
        "coherent_dark_region_after_denoise": false,
        "unet_masks_not_just_speckle": true,
        "spatial_cluster_id": "",
        "nearby_candidate_cluster_size": 0,
        "inside_qeshm_hengam_context": true,
        "near_qeshm_hengam_context": true,
        "distance_to_qeshm_hengam_context_km": 0.0,
        "spatial_review_label": "uncertain",
        "approval_recommendation": "needs human visual review before any training use",
        "reason": "mixed evidence: some model/context priority, but spatial or denoised-mask evidence is not strong enough for probable-positive recommendation",
        "review_rank": 91,
        "preview_png": ""
      }
    },
    {
      "type": "Feature",
      "geometry": {
        "type": "Point",
        "coordinates": [
          56.86600529562489,
          27.05639122494353
        ]
      },
      "properties": {
        "tile": "D:\\SIHwork_2026\\data\\new_sar_case_study\\tiles_npz_run5_balanced3500\\S1D_20260805T020639_preprocessed_r4096_c7168_uncertain.npz",
        "tile_name": "S1D_20260805T020639_preprocessed_r4096_c7168_uncertain.npz",
        "scene": "S1D_IW_GRDH_1SDV_20260805T020614_20260805T020639_003984_0073C1_55A6_preprocessed_after_c_cleanup_xmx4",
        "acquisition_date": "2026-08-05",
        "acquisition_time": "02:06:14",
        "left": "484152.3208254428",
        "bottom": "2990128.1820285493",
        "right": "489272.3208254428",
        "top": "2995248.1820285493",
        "center_x": "486712.3208254428",
        "center_y": "2992688.1820285493",
        "crs": "EPSG:32640",
        "label": "uncertain",
        "old_cnn_score": 0.5781940221786499,
        "old_unet_p95": 0.1872069388628006,
        "old_candidate_pixel_count": 734.0,
        "old_fusion_score": 0.7143827401259903,
        "old_rank": 653.0,
        "new_cnn_score": 0.5482178926467896,
        "new_unet_p95": 0.19550511240959167,
        "new_candidate_pixel_count": 483.0,
        "new_fusion_score": 0.6625921555444552,
        "new_rank": 342.0,
        "score_delta": -0.05179058458153518,
        "rank_delta": 311.0,
        "unet_p95_delta": 0.008298173546791077,
        "candidate_pixel_delta": -251.0,
        "abs_candidate_pixel_delta": 251.0,
        "category": "qeshm_hengam_context_priority",
        "external_context_zone": "qeshm_hengam_context_priority",
        "review_recommendation": "context-priority manual review; model output remains candidate support only",
        "edge_mask_fraction": 0.04234417344173442,
        "no_data_fraction": 0.00640869140625,
        "bright_scatterer_fraction": 0.0,
        "combined_dark_pixels": 122,
        "dark_component_count": 6,
        "largest_dark_component_pixels": 70,
        "largest_dark_component_elongation": 70.0,
        "dark_component_coherence_fraction": 0.5737704918032787,
        "old_mask_component_count": 18,
        "new_mask_component_count": 23,
        "old_largest_mask_component_pixels": 2152,
        "new_largest_mask_component_pixels": 849,
        "edge_dominated": false,
        "bright_scatterer_dominated": false,
        "mostly_scattered_speckle": false,
        "coherent_dark_region_after_denoise": false,
        "unet_masks_not_just_speckle": true,
        "spatial_cluster_id": "",
        "nearby_candidate_cluster_size": 0,
        "inside_qeshm_hengam_context": true,
        "near_qeshm_hengam_context": true,
        "distance_to_qeshm_hengam_context_km": 0.0,
        "spatial_review_label": "uncertain",
        "approval_recommendation": "needs human visual review before any training use",
        "reason": "mixed evidence: some model/context priority, but spatial or denoised-mask evidence is not strong enough for probable-positive recommendation",
        "review_rank": 92,
        "preview_png": ""
      }
    },
    {
      "type": "Feature",
      "geometry": {
        "type": "Point",
        "coordinates": [
          56.65920451914296,
          27.14849278327862
        ]
      },
      "properties": {
        "tile": "D:\\SIHwork_2026\\data\\new_sar_case_study\\tiles_npz_run5_balanced3500\\S1D_20260805T020639_preprocessed_r3072_c5120_uncertain.npz",
        "tile_name": "S1D_20260805T020639_preprocessed_r3072_c5120_uncertain.npz",
        "scene": "S1D_IW_GRDH_1SDV_20260805T020614_20260805T020639_003984_0073C1_55A6_preprocessed_after_c_cleanup_xmx4",
        "acquisition_date": "2026-08-05",
        "acquisition_time": "02:06:14",
        "left": "463672.3208254428",
        "bottom": "3000368.1820285493",
        "right": "468792.3208254428",
        "top": "3005488.1820285493",
        "center_x": "466232.3208254428",
        "center_y": "3002928.1820285493",
        "crs": "EPSG:32640",
        "label": "uncertain",
        "old_cnn_score": 0.6038134694099426,
        "old_unet_p95": 0.18917210400104523,
        "old_candidate_pixel_count": 564.0,
        "old_fusion_score": 0.7238217927071144,
        "old_rank": 637.0,
        "new_cnn_score": 0.5873050093650818,
        "new_unet_p95": 0.19765008985996246,
        "new_candidate_pixel_count": 292.0,
        "new_fusion_score": 0.6593594797448551,
        "new_rank": 346.0,
        "score_delta": -0.06446231296225935,
        "rank_delta": 291.0,
        "unet_p95_delta": 0.008477985858917236,
        "candidate_pixel_delta": -272.0,
        "abs_candidate_pixel_delta": 272.0,
        "category": "qeshm_hengam_context_priority",
        "external_context_zone": "qeshm_hengam_context_priority",
        "review_recommendation": "context-priority manual review; model output remains candidate support only",
        "edge_mask_fraction": 0.4642226148409894,
        "no_data_fraction": 0.001415252685546875,
        "bright_scatterer_fraction": 0.003975265017667844,
        "combined_dark_pixels": 208,
        "dark_component_count": 8,
        "largest_dark_component_pixels": 94,
        "largest_dark_component_elongation": 3.0,
        "dark_component_coherence_fraction": 0.4519230769230769,
        "old_mask_component_count": 12,
        "new_mask_component_count": 10,
        "old_largest_mask_component_pixels": 1243,
        "new_largest_mask_component_pixels": 432,
        "edge_dominated": false,
        "bright_scatterer_dominated": false,
        "mostly_scattered_speckle": false,
        "coherent_dark_region_after_denoise": false,
        "unet_masks_not_just_speckle": true,
        "spatial_cluster_id": "",
        "nearby_candidate_cluster_size": 0,
        "inside_qeshm_hengam_context": true,
        "near_qeshm_hengam_context": true,
        "distance_to_qeshm_hengam_context_km": 0.0,
        "spatial_review_label": "uncertain",
        "approval_recommendation": "needs human visual review before any training use",
        "reason": "mixed evidence: some model/context priority, but spatial or denoised-mask evidence is not strong enough for probable-positive recommendation",
        "review_rank": 93,
        "preview_png": ""
      }
    },
    {
      "type": "Feature",
      "geometry": {
        "type": "Point",
        "coordinates": [
          56.60801534420695,
          27.009683409401365
        ]
      },
      "properties": {
        "tile": "D:\\SIHwork_2026\\data\\new_sar_case_study\\tiles_npz_run5_balanced3500\\S1D_20260805T020639_preprocessed_r4608_c4608_uncertain.npz",
        "tile_name": "S1D_20260805T020639_preprocessed_r4608_c4608_uncertain.npz",
        "scene": "S1D_IW_GRDH_1SDV_20260805T020614_20260805T020639_003984_0073C1_55A6_preprocessed_after_c_cleanup_xmx4",
        "acquisition_date": "2026-08-05",
        "acquisition_time": "02:06:14",
        "left": "458552.3208254428",
        "bottom": "2985008.1820285493",
        "right": "463672.3208254428",
        "top": "2990128.1820285493",
        "center_x": "461112.3208254428",
        "center_y": "2987568.1820285493",
        "crs": "EPSG:32640",
        "label": "uncertain",
        "old_cnn_score": 0.7554252743721008,
        "old_unet_p95": 0.1766965687274933,
        "old_candidate_pixel_count": 1008.0,
        "old_fusion_score": 0.9232504105228233,
        "old_rank": 359.0,
        "new_cnn_score": 0.4977799654006958,
        "new_unet_p95": 0.17291578650474548,
        "new_candidate_pixel_count": 240.0,
        "new_fusion_score": 0.4720984892666475,
        "new_rank": 908.0,
        "score_delta": -0.4511519212561758,
        "rank_delta": -549.0,
        "unet_p95_delta": -0.0037807822227478027,
        "candidate_pixel_delta": -768.0,
        "abs_candidate_pixel_delta": 768.0,
        "category": "qeshm_hengam_context_priority",
        "external_context_zone": "qeshm_hengam_context_priority",
        "review_recommendation": "context-priority manual review; model output remains candidate support only",
        "edge_mask_fraction": 0.043153969099627064,
        "no_data_fraction": 0.00032806396484375,
        "bright_scatterer_fraction": 0.016515716568993075,
        "combined_dark_pixels": 619,
        "dark_component_count": 31,
        "largest_dark_component_pixels": 122,
        "largest_dark_component_elongation": 1.05,
        "dark_component_coherence_fraction": 0.19709208400646203,
        "old_mask_component_count": 42,
        "new_mask_component_count": 24,
        "old_largest_mask_component_pixels": 1042,
        "new_largest_mask_component_pixels": 393,
        "edge_dominated": false,
        "bright_scatterer_dominated": false,
        "mostly_scattered_speckle": false,
        "coherent_dark_region_after_denoise": false,
        "unet_masks_not_just_speckle": true,
        "spatial_cluster_id": "",
        "nearby_candidate_cluster_size": 0,
        "inside_qeshm_hengam_context": true,
        "near_qeshm_hengam_context": true,
        "distance_to_qeshm_hengam_context_km": 0.0,
        "spatial_review_label": "uncertain",
        "approval_recommendation": "needs human visual review before any training use",
        "reason": "mixed evidence: some model/context priority, but spatial or denoised-mask evidence is not strong enough for probable-positive recommendation",
        "review_rank": 94,
        "preview_png": ""
      }
    },
    {
      "type": "Feature",
      "geometry": {
        "type": "Point",
        "coordinates": [
          56.03369874031518,
          26.943960950938525
        ]
      },
      "properties": {
        "tile": "D:\\SIHwork_2026\\data\\new_sar_case_study\\tiles_npz_run5_balanced3500\\S1C_20260808T141633_preprocessed_r7680_c5632_uncertain.npz",
        "tile_name": "S1C_20260808T141633_preprocessed_r7680_c5632_uncertain.npz",
        "scene": "S1C_IW_GRDH_1SDV_20260808T141614_20260808T141633_008905_011A9E_BE01_preprocessed_extracted_xmx4",
        "acquisition_date": "2026-08-08",
        "acquisition_time": "14:16:14",
        "left": "401518.061760937",
        "bottom": "2978034.963305102",
        "right": "406638.061760937",
        "top": "2983154.963305102",
        "center_x": "404078.061760937",
        "center_y": "2980594.963305102",
        "crs": "EPSG:32640",
        "label": "uncertain",
        "old_cnn_score": 0.6284904479980469,
        "old_unet_p95": 0.18826910853385925,
        "old_candidate_pixel_count": 241.0,
        "old_fusion_score": 0.6494804027430197,
        "old_rank": 764.0,
        "new_cnn_score": 0.6054850816726685,
        "new_unet_p95": 0.19706523418426514,
        "new_candidate_pixel_count": 237.0,
        "new_fusion_score": 0.6529516619169133,
        "new_rank": 359.0,
        "score_delta": 0.0034712591738936815,
        "rank_delta": 405.0,
        "unet_p95_delta": 0.008796125650405884,
        "candidate_pixel_delta": -4.0,
        "abs_candidate_pixel_delta": 4.0,
        "category": "qeshm_hengam_context_priority",
        "external_context_zone": "qeshm_hengam_context_priority",
        "review_recommendation": "context-priority manual review; model output remains candidate support only",
        "edge_mask_fraction": 0.16813450760608487,
        "no_data_fraction": 0.00046539306640625,
        "bright_scatterer_fraction": 0.12169735788630905,
        "combined_dark_pixels": 84,
        "dark_component_count": 9,
        "largest_dark_component_pixels": 17,
        "largest_dark_component_elongation": 17.0,
        "dark_component_coherence_fraction": 0.20238095238095238,
        "old_mask_component_count": 2,
        "new_mask_component_count": 20,
        "old_largest_mask_component_pixels": 1007,
        "new_largest_mask_component_pixels": 433,
        "edge_dominated": false,
        "bright_scatterer_dominated": false,
        "mostly_scattered_speckle": false,
        "coherent_dark_region_after_denoise": false,
        "unet_masks_not_just_speckle": true,
        "spatial_cluster_id": "",
        "nearby_candidate_cluster_size": 0,
        "inside_qeshm_hengam_context": true,
        "near_qeshm_hengam_context": true,
        "distance_to_qeshm_hengam_context_km": 0.0,
        "spatial_review_label": "uncertain",
        "approval_recommendation": "needs human visual review before any training use",
        "reason": "mixed evidence: some model/context priority, but spatial or denoised-mask evidence is not strong enough for probable-positive recommendation",
        "review_rank": 95,
        "preview_png": ""
      }
    },
    {
      "type": "Feature",
      "geometry": {
        "type": "Point",
        "coordinates": [
          55.82645969560594,
          27.034830721480976
        ]
      },
      "properties": {
        "tile": "D:\\SIHwork_2026\\data\\new_sar_case_study\\tiles_npz_run5_balanced3500\\S1C_20260808T141633_preprocessed_r6656_c3584_uncertain.npz",
        "tile_name": "S1C_20260808T141633_preprocessed_r6656_c3584_uncertain.npz",
        "scene": "S1C_IW_GRDH_1SDV_20260808T141614_20260808T141633_008905_011A9E_BE01_preprocessed_extracted_xmx4",
        "acquisition_date": "2026-08-08",
        "acquisition_time": "14:16:14",
        "left": "381038.061760937",
        "bottom": "2988274.963305102",
        "right": "386158.061760937",
        "top": "2993394.963305102",
        "center_x": "383598.061760937",
        "center_y": "2990834.963305102",
        "crs": "EPSG:32640",
        "label": "uncertain",
        "old_cnn_score": 0.8275637030601501,
        "old_unet_p95": 0.17796164751052856,
        "old_candidate_pixel_count": 512.0,
        "old_fusion_score": 0.9190341290901402,
        "old_rank": 361.0,
        "new_cnn_score": 0.676215648651123,
        "new_unet_p95": 0.18394164741039276,
        "new_candidate_pixel_count": 115.0,
        "new_fusion_score": 0.5912716101053961,
        "new_rank": 533.0,
        "score_delta": -0.32776251898474407,
        "rank_delta": -172.0,
        "unet_p95_delta": 0.005979999899864197,
        "candidate_pixel_delta": -397.0,
        "abs_candidate_pixel_delta": 397.0,
        "category": "qeshm_hengam_context_priority",
        "external_context_zone": "qeshm_hengam_context_priority",
        "review_recommendation": "context-priority manual review; model output remains candidate support only",
        "edge_mask_fraction": 0.2802547770700637,
        "no_data_fraction": 0.0008087158203125,
        "bright_scatterer_fraction": 0.0,
        "combined_dark_pixels": 394,
        "dark_component_count": 13,
        "largest_dark_component_pixels": 119,
        "largest_dark_component_elongation": 1.1333333333333333,
        "dark_component_coherence_fraction": 0.3020304568527919,
        "old_mask_component_count": 8,
        "new_mask_component_count": 7,
        "old_largest_mask_component_pixels": 1518,
        "new_largest_mask_component_pixels": 410,
        "edge_dominated": false,
        "bright_scatterer_dominated": false,
        "mostly_scattered_speckle": false,
        "coherent_dark_region_after_denoise": false,
        "unet_masks_not_just_speckle": true,
        "spatial_cluster_id": "",
        "nearby_candidate_cluster_size": 0,
        "inside_qeshm_hengam_context": true,
        "near_qeshm_hengam_context": true,
        "distance_to_qeshm_hengam_context_km": 0.0,
        "spatial_review_label": "uncertain",
        "approval_recommendation": "needs human visual review before any training use",
        "reason": "mixed evidence: some model/context priority, but spatial or denoised-mask evidence is not strong enough for probable-positive recommendation",
        "review_rank": 96,
        "preview_png": ""
      }
    },
    {
      "type": "Feature",
      "geometry": {
        "type": "Point",
        "coordinates": [
          56.40684858855597,
          27.137255120461493
        ]
      },
      "properties": {
        "tile": "D:\\SIHwork_2026\\data\\new_sar_case_study\\tiles_npz_run5_balanced3500\\S1C_IW_GRDH_1SDV_20260804T021408_20260804T021438_r7168_c22528_uncertain.npz",
        "tile_name": "S1C_IW_GRDH_1SDV_20260804T021408_20260804T021438_r7168_c22528_uncertain.npz",
        "scene": "S1C_IW_GRDH_1SDV_20260804T021408_20260804T021438_008839_01188E_BC5E",
        "acquisition_date": "2026-08-04",
        "acquisition_time": "02:14:08",
        "left": "438661.37147003977",
        "bottom": "2999216.4374795803",
        "right": "443781.37147003977",
        "top": "3004336.4374795803",
        "center_x": "441221.37147003977",
        "center_y": "3001776.4374795803",
        "crs": "EPSG:32640",
        "label": "uncertain",
        "old_cnn_score": 0.7019753456115723,
        "old_unet_p95": 0.17836712300777435,
        "old_candidate_pixel_count": 1500.0,
        "old_fusion_score": 0.9157668173645358,
        "old_rank": 366.0,
        "new_cnn_score": 0.5368720293045044,
        "new_unet_p95": 0.1762452870607376,
        "new_candidate_pixel_count": 283.0,
        "new_fusion_score": 0.5345125230159233,
        "new_rank": 685.0,
        "score_delta": -0.38125429434861247,
        "rank_delta": -319.0,
        "unet_p95_delta": -0.002121835947036743,
        "candidate_pixel_delta": -1217.0,
        "abs_candidate_pixel_delta": 1217.0,
        "category": "qeshm_hengam_context_priority",
        "external_context_zone": "qeshm_hengam_context_priority",
        "review_recommendation": "context-priority manual review; model output remains candidate support only",
        "edge_mask_fraction": 0.12452557382974878,
        "no_data_fraction": 0.00041961669921875,
        "bright_scatterer_fraction": 0.0007229351165732876,
        "combined_dark_pixels": 968,
        "dark_component_count": 35,
        "largest_dark_component_pixels": 134,
        "largest_dark_component_elongation": 1.2857142857142858,
        "dark_component_coherence_fraction": 0.1384297520661157,
        "old_mask_component_count": 49,
        "new_mask_component_count": 33,
        "old_largest_mask_component_pixels": 3611,
        "new_largest_mask_component_pixels": 181,
        "edge_dominated": false,
        "bright_scatterer_dominated": false,
        "mostly_scattered_speckle": false,
        "coherent_dark_region_after_denoise": false,
        "unet_masks_not_just_speckle": true,
        "spatial_cluster_id": "",
        "nearby_candidate_cluster_size": 0,
        "inside_qeshm_hengam_context": true,
        "near_qeshm_hengam_context": true,
        "distance_to_qeshm_hengam_context_km": 0.0,
        "spatial_review_label": "uncertain",
        "approval_recommendation": "needs human visual review before any training use",
        "reason": "mixed evidence: some model/context priority, but spatial or denoised-mask evidence is not strong enough for probable-positive recommendation",
        "review_rank": 97,
        "preview_png": ""
      }
    },
    {
      "type": "Feature",
      "geometry": {
        "type": "Point",
        "coordinates": [
          56.045210126156306,
          27.135261522967042
        ]
      },
      "properties": {
        "tile": "D:\\SIHwork_2026\\data\\new_sar_case_study\\tiles_npz_run5_balanced3500\\S1C_IW_GRDH_1SDV_20260804T021408_20260804T021438_r7168_c18944_uncertain.npz",
        "tile_name": "S1C_IW_GRDH_1SDV_20260804T021408_20260804T021438_r7168_c18944_uncertain.npz",
        "scene": "S1C_IW_GRDH_1SDV_20260804T021408_20260804T021438_008839_01188E_BC5E",
        "acquisition_date": "2026-08-04",
        "acquisition_time": "02:14:08",
        "left": "402821.37147003977",
        "bottom": "2999216.4374795803",
        "right": "407941.37147003977",
        "top": "3004336.4374795803",
        "center_x": "405381.37147003977",
        "center_y": "3001776.4374795803",
        "crs": "EPSG:32640",
        "label": "uncertain",
        "old_cnn_score": 0.6323387026786804,
        "old_unet_p95": 0.1899726241827011,
        "old_candidate_pixel_count": 411.0,
        "old_fusion_score": 0.7232877291063537,
        "old_rank": 639.0,
        "new_cnn_score": 0.5883709192276001,
        "new_unet_p95": 0.19811952114105225,
        "new_candidate_pixel_count": 258.0,
        "new_fusion_score": 0.6477470263673768,
        "new_rank": 367.0,
        "score_delta": -0.07554070273897695,
        "rank_delta": 272.0,
        "unet_p95_delta": 0.008146896958351135,
        "candidate_pixel_delta": -153.0,
        "abs_candidate_pixel_delta": 153.0,
        "category": "qeshm_hengam_context_priority",
        "external_context_zone": "qeshm_hengam_context_priority",
        "review_recommendation": "context-priority manual review; model output remains candidate support only",
        "edge_mask_fraction": 0.29968782518210196,
        "no_data_fraction": 0.00472259521484375,
        "bright_scatterer_fraction": 0.043704474505723206,
        "combined_dark_pixels": 124,
        "dark_component_count": 9,
        "largest_dark_component_pixels": 33,
        "largest_dark_component_elongation": 33.0,
        "dark_component_coherence_fraction": 0.2661290322580645,
        "old_mask_component_count": 18,
        "new_mask_component_count": 22,
        "old_largest_mask_component_pixels": 913,
        "new_largest_mask_component_pixels": 263,
        "edge_dominated": false,
        "bright_scatterer_dominated": false,
        "mostly_scattered_speckle": false,
        "coherent_dark_region_after_denoise": false,
        "unet_masks_not_just_speckle": true,
        "spatial_cluster_id": "",
        "nearby_candidate_cluster_size": 0,
        "inside_qeshm_hengam_context": true,
        "near_qeshm_hengam_context": true,
        "distance_to_qeshm_hengam_context_km": 0.0,
        "spatial_review_label": "uncertain",
        "approval_recommendation": "needs human visual review before any training use",
        "reason": "mixed evidence: some model/context priority, but spatial or denoised-mask evidence is not strong enough for probable-positive recommendation",
        "review_rank": 98,
        "preview_png": ""
      }
    },
    {
      "type": "Feature",
      "geometry": {
        "type": "Point",
        "coordinates": [
          56.76842036793921,
          27.184542216785314
        ]
      },
      "properties": {
        "tile": "D:\\SIHwork_2026\\data\\new_sar_case_study\\tiles_npz_run5_balanced3500\\S1C_IW_GRDH_1SDV_20260804T021408_20260804T021438_r6656_c26112_uncertain.npz",
        "tile_name": "S1C_IW_GRDH_1SDV_20260804T021408_20260804T021438_r6656_c26112_uncertain.npz",
        "scene": "S1C_IW_GRDH_1SDV_20260804T021408_20260804T021438_008839_01188E_BC5E",
        "acquisition_date": "2026-08-04",
        "acquisition_time": "02:14:08",
        "left": "474501.37147003977",
        "bottom": "3004336.4374795803",
        "right": "479621.37147003977",
        "top": "3009456.4374795803",
        "center_x": "477061.37147003977",
        "center_y": "3006896.4374795803",
        "crs": "EPSG:32640",
        "label": "uncertain",
        "old_cnn_score": 0.9039164781570435,
        "old_unet_p95": 0.17990806698799133,
        "old_candidate_pixel_count": 277.0,
        "old_fusion_score": 0.9151742483591904,
        "old_rank": 368.0,
        "new_cnn_score": 0.8392801284790039,
        "new_unet_p95": 0.18726979196071625,
        "new_candidate_pixel_count": 4.0,
        "new_fusion_score": 0.25295827791885883,
        "new_rank": 1848.0,
        "score_delta": -0.6622159704403315,
        "rank_delta": -1480.0,
        "unet_p95_delta": 0.0073617249727249146,
        "candidate_pixel_delta": -273.0,
        "abs_candidate_pixel_delta": 273.0,
        "category": "qeshm_hengam_context_priority",
        "external_context_zone": "qeshm_hengam_context_priority",
        "review_recommendation": "context-priority manual review; model output remains candidate support only",
        "edge_mask_fraction": 0.05160662122687439,
        "no_data_fraction": 0.00208282470703125,
        "bright_scatterer_fraction": 0.09639727361246349,
        "combined_dark_pixels": 103,
        "dark_component_count": 4,
        "largest_dark_component_pixels": 84,
        "largest_dark_component_elongation": 2.75,
        "dark_component_coherence_fraction": 0.8155339805825242,
        "old_mask_component_count": 11,
        "new_mask_component_count": 0,
        "old_largest_mask_component_pixels": 610,
        "new_largest_mask_component_pixels": 0,
        "edge_dominated": false,
        "bright_scatterer_dominated": false,
        "mostly_scattered_speckle": false,
        "coherent_dark_region_after_denoise": false,
        "unet_masks_not_just_speckle": true,
        "spatial_cluster_id": "",
        "nearby_candidate_cluster_size": 0,
        "inside_qeshm_hengam_context": true,
        "near_qeshm_hengam_context": true,
        "distance_to_qeshm_hengam_context_km": 0.0,
        "spatial_review_label": "uncertain",
        "approval_recommendation": "needs human visual review before any training use",
        "reason": "mixed evidence: some model/context priority, but spatial or denoised-mask evidence is not strong enough for probable-positive recommendation",
        "review_rank": 99,
        "preview_png": ""
      }
    },
    {
      "type": "Feature",
      "geometry": {
        "type": "Point",
        "coordinates": [
          56.858823569919984,
          27.0396523836171
        ]
      },
      "properties": {
        "tile": "D:\\SIHwork_2026\\data\\new_sar_case_study\\tiles_npz_run5_balanced3500\\S1C_20260808T141633_preprocessed_r6656_c13824_uncertain.npz",
        "tile_name": "S1C_20260808T141633_preprocessed_r6656_c13824_uncertain.npz",
        "scene": "S1C_IW_GRDH_1SDV_20260808T141614_20260808T141633_008905_011A9E_BE01_preprocessed_extracted_xmx4",
        "acquisition_date": "2026-08-08",
        "acquisition_time": "14:16:14",
        "left": "483438.061760937",
        "bottom": "2988274.963305102",
        "right": "488558.061760937",
        "top": "2993394.963305102",
        "center_x": "485998.061760937",
        "center_y": "2990834.963305102",
        "crs": "EPSG:32640",
        "label": "uncertain",
        "old_cnn_score": 0.6493442058563232,
        "old_unet_p95": 0.18885654211044312,
        "old_candidate_pixel_count": 159.0,
        "old_fusion_score": 0.6223832898556199,
        "old_rank": 809.0,
        "new_cnn_score": 0.6048033833503723,
        "new_unet_p95": 0.19725799560546875,
        "new_candidate_pixel_count": 226.0,
        "new_fusion_score": 0.6472090314783344,
        "new_rank": 370.0,
        "score_delta": 0.02482574162271456,
        "rank_delta": 439.0,
        "unet_p95_delta": 0.008401453495025635,
        "candidate_pixel_delta": 67.0,
        "abs_candidate_pixel_delta": 67.0,
        "category": "qeshm_hengam_context_priority",
        "external_context_zone": "qeshm_hengam_context_priority",
        "review_recommendation": "context-priority manual review; model output remains candidate support only",
        "edge_mask_fraction": 0.42197599261311175,
        "no_data_fraction": 0.001125335693359375,
        "bright_scatterer_fraction": 0.04801477377654663,
        "combined_dark_pixels": 166,
        "dark_component_count": 18,
        "largest_dark_component_pixels": 20,
        "largest_dark_component_elongation": 20.0,
        "dark_component_coherence_fraction": 0.12048192771084337,
        "old_mask_component_count": 6,
        "new_mask_component_count": 12,
        "old_largest_mask_component_pixels": 596,
        "new_largest_mask_component_pixels": 173,
        "edge_dominated": false,
        "bright_scatterer_dominated": false,
        "mostly_scattered_speckle": false,
        "coherent_dark_region_after_denoise": false,
        "unet_masks_not_just_speckle": true,
        "spatial_cluster_id": "",
        "nearby_candidate_cluster_size": 0,
        "inside_qeshm_hengam_context": true,
        "near_qeshm_hengam_context": true,
        "distance_to_qeshm_hengam_context_km": 0.0,
        "spatial_review_label": "uncertain",
        "approval_recommendation": "needs human visual review before any training use",
        "reason": "mixed evidence: some model/context priority, but spatial or denoised-mask evidence is not strong enough for probable-positive recommendation",
        "review_rank": 100,
        "preview_png": ""
      }
    },
    {
      "type": "Feature",
      "geometry": {
        "type": "Point",
        "coordinates": [
          56.549274575135,
          26.992776035503077
        ]
      },
      "properties": {
        "tile": "D:\\SIHwork_2026\\data\\new_sar_case_study\\tiles_npz_run5_balanced3500\\S1C_20260808T141633_preprocessed_r7168_c10752_uncertain.npz",
        "tile_name": "S1C_20260808T141633_preprocessed_r7168_c10752_uncertain.npz",
        "scene": "S1C_IW_GRDH_1SDV_20260808T141614_20260808T141633_008905_011A9E_BE01_preprocessed_extracted_xmx4",
        "acquisition_date": "2026-08-08",
        "acquisition_time": "14:16:14",
        "left": "452718.061760937",
        "bottom": "2983154.963305102",
        "right": "457838.061760937",
        "top": "2988274.963305102",
        "center_x": "455278.061760937",
        "center_y": "2985714.963305102",
        "crs": "EPSG:32640",
        "label": "uncertain",
        "old_cnn_score": 0.7528115510940552,
        "old_unet_p95": 0.1782381534576416,
        "old_candidate_pixel_count": 884.0,
        "old_fusion_score": 0.9104883911696935,
        "old_rank": 375.0,
        "new_cnn_score": 0.4442982077598572,
        "new_unet_p95": 0.17180657386779785,
        "new_candidate_pixel_count": 98.0,
        "new_fusion_score": 0.3507609049121496,
        "new_rank": 1444.0,
        "score_delta": -0.5597274862575439,
        "rank_delta": -1069.0,
        "unet_p95_delta": -0.00643157958984375,
        "candidate_pixel_delta": -786.0,
        "abs_candidate_pixel_delta": 786.0,
        "category": "qeshm_hengam_context_priority",
        "external_context_zone": "qeshm_hengam_context_priority",
        "review_recommendation": "context-priority manual review; model output remains candidate support only",
        "edge_mask_fraction": 0.36225779275484415,
        "no_data_fraction": 0.000469207763671875,
        "bright_scatterer_fraction": 0.017691659646166806,
        "combined_dark_pixels": 523,
        "dark_component_count": 35,
        "largest_dark_component_pixels": 83,
        "largest_dark_component_elongation": 1.2222222222222223,
        "dark_component_coherence_fraction": 0.1586998087954111,
        "old_mask_component_count": 24,
        "new_mask_component_count": 9,
        "old_largest_mask_component_pixels": 1466,
        "new_largest_mask_component_pixels": 297,
        "edge_dominated": false,
        "bright_scatterer_dominated": false,
        "mostly_scattered_speckle": false,
        "coherent_dark_region_after_denoise": false,
        "unet_masks_not_just_speckle": true,
        "spatial_cluster_id": "",
        "nearby_candidate_cluster_size": 0,
        "inside_qeshm_hengam_context": true,
        "near_qeshm_hengam_context": true,
        "distance_to_qeshm_hengam_context_km": 0.0,
        "spatial_review_label": "uncertain",
        "approval_recommendation": "needs human visual review before any training use",
        "reason": "mixed evidence: some model/context priority, but spatial or denoised-mask evidence is not strong enough for probable-positive recommendation",
        "review_rank": 101,
        "preview_png": ""
      }
    },
    {
      "type": "Feature",
      "geometry": {
        "type": "Point",
        "coordinates": [
          56.6089705255188,
          26.732326391372013
        ]
      },
      "properties": {
        "tile": "D:\\SIHwork_2026\\data\\new_sar_case_study\\tiles_npz_run5_balanced3500\\S1D_20260805T020639_preprocessed_r7680_c4608_uncertain.npz",
        "tile_name": "S1D_20260805T020639_preprocessed_r7680_c4608_uncertain.npz",
        "scene": "S1D_IW_GRDH_1SDV_20260805T020614_20260805T020639_003984_0073C1_55A6_preprocessed_after_c_cleanup_xmx4",
        "acquisition_date": "2026-08-05",
        "acquisition_time": "02:06:14",
        "left": "458552.3208254428",
        "bottom": "2954288.1820285493",
        "right": "463672.3208254428",
        "top": "2959408.1820285493",
        "center_x": "461112.3208254428",
        "center_y": "2956848.1820285493",
        "crs": "EPSG:32640",
        "label": "uncertain",
        "old_cnn_score": 0.7537466883659363,
        "old_unet_p95": 0.1772204339504242,
        "old_candidate_pixel_count": 884.0,
        "old_fusion_score": 0.9064141508558902,
        "old_rank": 380.0,
        "new_cnn_score": 0.5545100569725037,
        "new_unet_p95": 0.17301663756370544,
        "new_candidate_pixel_count": 158.0,
        "new_fusion_score": 0.48630796009854677,
        "new_rank": 844.0,
        "score_delta": -0.4201061907573434,
        "rank_delta": -464.0,
        "unet_p95_delta": -0.00420379638671875,
        "candidate_pixel_delta": -726.0,
        "abs_candidate_pixel_delta": 726.0,
        "category": "qeshm_hengam_context_priority",
        "external_context_zone": "qeshm_hengam_context_priority",
        "review_recommendation": "context-priority manual review; model output remains candidate support only",
        "edge_mask_fraction": 0.22431397574984047,
        "no_data_fraction": 0.00048065185546875,
        "bright_scatterer_fraction": 0.0408423739629866,
        "combined_dark_pixels": 286,
        "dark_component_count": 21,
        "largest_dark_component_pixels": 81,
        "largest_dark_component_elongation": 1.8888888888888888,
        "dark_component_coherence_fraction": 0.28321678321678323,
        "old_mask_component_count": 61,
        "new_mask_component_count": 15,
        "old_largest_mask_component_pixels": 781,
        "new_largest_mask_component_pixels": 224,
        "edge_dominated": false,
        "bright_scatterer_dominated": false,
        "mostly_scattered_speckle": false,
        "coherent_dark_region_after_denoise": false,
        "unet_masks_not_just_speckle": true,
        "spatial_cluster_id": "",
        "nearby_candidate_cluster_size": 0,
        "inside_qeshm_hengam_context": true,
        "near_qeshm_hengam_context": true,
        "distance_to_qeshm_hengam_context_km": 0.0,
        "spatial_review_label": "uncertain",
        "approval_recommendation": "needs human visual review before any training use",
        "reason": "mixed evidence: some model/context priority, but spatial or denoised-mask evidence is not strong enough for probable-positive recommendation",
        "review_rank": 102,
        "preview_png": ""
      }
    },
    {
      "type": "Feature",
      "geometry": {
        "type": "Point",
        "coordinates": [
          55.87714925056973,
          27.127685522940645
        ]
      },
      "properties": {
        "tile": "D:\\SIHwork_2026\\data\\new_sar_case_study\\tiles_npz_run5_balanced3500\\S1C_20260808T141633_preprocessed_r5632_c4096_uncertain.npz",
        "tile_name": "S1C_20260808T141633_preprocessed_r5632_c4096_uncertain.npz",
        "scene": "S1C_IW_GRDH_1SDV_20260808T141614_20260808T141633_008905_011A9E_BE01_preprocessed_extracted_xmx4",
        "acquisition_date": "2026-08-08",
        "acquisition_time": "14:16:14",
        "left": "386158.061760937",
        "bottom": "2998514.963305102",
        "right": "391278.061760937",
        "top": "3003634.963305102",
        "center_x": "388718.061760937",
        "center_y": "3001074.963305102",
        "crs": "EPSG:32640",
        "label": "uncertain",
        "old_cnn_score": 0.716404378414154,
        "old_unet_p95": 0.18620291352272034,
        "old_candidate_pixel_count": 212.0,
        "old_fusion_score": 0.7151780528030467,
        "old_rank": 651.0,
        "new_cnn_score": 0.6665475964546204,
        "new_unet_p95": 0.1961778998374939,
        "new_candidate_pixel_count": 133.0,
        "new_fusion_score": 0.6404508754303172,
        "new_rank": 382.0,
        "score_delta": -0.07472717737272949,
        "rank_delta": 269.0,
        "unet_p95_delta": 0.00997498631477356,
        "candidate_pixel_delta": -79.0,
        "abs_candidate_pixel_delta": 79.0,
        "category": "qeshm_hengam_context_priority",
        "external_context_zone": "qeshm_hengam_context_priority",
        "review_recommendation": "context-priority manual review; model output remains candidate support only",
        "edge_mask_fraction": 0.18586640851887706,
        "no_data_fraction": 0.0054779052734375,
        "bright_scatterer_fraction": 0.17037754114230397,
        "combined_dark_pixels": 186,
        "dark_component_count": 7,
        "largest_dark_component_pixels": 66,
        "largest_dark_component_elongation": 66.0,
        "dark_component_coherence_fraction": 0.3548387096774194,
        "old_mask_component_count": 8,
        "new_mask_component_count": 22,
        "old_largest_mask_component_pixels": 809,
        "new_largest_mask_component_pixels": 66,
        "edge_dominated": false,
        "bright_scatterer_dominated": false,
        "mostly_scattered_speckle": false,
        "coherent_dark_region_after_denoise": false,
        "unet_masks_not_just_speckle": true,
        "spatial_cluster_id": "",
        "nearby_candidate_cluster_size": 0,
        "inside_qeshm_hengam_context": true,
        "near_qeshm_hengam_context": true,
        "distance_to_qeshm_hengam_context_km": 0.0,
        "spatial_review_label": "uncertain",
        "approval_recommendation": "needs human visual review before any training use",
        "reason": "mixed evidence: some model/context priority, but spatial or denoised-mask evidence is not strong enough for probable-positive recommendation",
        "review_rank": 103,
        "preview_png": ""
      }
    },
    {
      "type": "Feature",
      "geometry": {
        "type": "Point",
        "coordinates": [
          55.75950922557931,
          26.885981781921977
        ]
      },
      "properties": {
        "tile": "D:\\SIHwork_2026\\data\\new_sar_case_study\\tiles_npz_run5_balanced3500\\S1D_20260810T021454_preprocessed_r5632_c16896_uncertain.npz",
        "tile_name": "S1D_20260810T021454_preprocessed_r5632_c16896_uncertain.npz",
        "scene": "S1D_IW_GRDH_1SDV_20260810T021429_20260810T021454_004057_00763F_AFC5_preprocessed_extracted_xmx4",
        "acquisition_date": "2026-08-10",
        "acquisition_time": "02:14:29",
        "left": "374234.85972424183",
        "bottom": "2971849.977188905",
        "right": "379354.85972424183",
        "top": "2976969.977188905",
        "center_x": "376794.85972424183",
        "center_y": "2974409.977188905",
        "crs": "EPSG:32640",
        "label": "uncertain",
        "old_cnn_score": 0.5714623332023621,
        "old_unet_p95": 0.18779419362545013,
        "old_candidate_pixel_count": 377.0,
        "old_fusion_score": 0.6369168686417308,
        "old_rank": 788.0,
        "new_cnn_score": 0.5420800447463989,
        "new_unet_p95": 0.19638477265834808,
        "new_candidate_pixel_count": 386.0,
        "new_fusion_score": 0.6343116461484816,
        "new_rank": 392.0,
        "score_delta": -0.0026052224932492374,
        "rank_delta": 396.0,
        "unet_p95_delta": 0.00859057903289795,
        "candidate_pixel_delta": 9.0,
        "abs_candidate_pixel_delta": 9.0,
        "category": "qeshm_hengam_context_priority",
        "external_context_zone": "qeshm_hengam_context_priority",
        "review_recommendation": "context-priority manual review; model output remains candidate support only",
        "edge_mask_fraction": 0.36728395061728397,
        "no_data_fraction": 0.00099945068359375,
        "bright_scatterer_fraction": 0.0,
        "combined_dark_pixels": 262,
        "dark_component_count": 19,
        "largest_dark_component_pixels": 74,
        "largest_dark_component_elongation": 3.375,
        "dark_component_coherence_fraction": 0.2824427480916031,
        "old_mask_component_count": 11,
        "new_mask_component_count": 32,
        "old_largest_mask_component_pixels": 1216,
        "new_largest_mask_component_pixels": 585,
        "edge_dominated": false,
        "bright_scatterer_dominated": false,
        "mostly_scattered_speckle": false,
        "coherent_dark_region_after_denoise": false,
        "unet_masks_not_just_speckle": true,
        "spatial_cluster_id": "",
        "nearby_candidate_cluster_size": 0,
        "inside_qeshm_hengam_context": true,
        "near_qeshm_hengam_context": true,
        "distance_to_qeshm_hengam_context_km": 0.0,
        "spatial_review_label": "uncertain",
        "approval_recommendation": "needs human visual review before any training use",
        "reason": "mixed evidence: some model/context priority, but spatial or denoised-mask evidence is not strong enough for probable-positive recommendation",
        "review_rank": 104,
        "preview_png": ""
      }
    },
    {
      "type": "Feature",
      "geometry": {
        "type": "Point",
        "coordinates": [
          56.068395726498935,
          26.93457968509652
        ]
      },
      "properties": {
        "tile": "D:\\SIHwork_2026\\data\\new_sar_case_study\\tiles_npz_run5_balanced3500\\S1D_20260810T021454_preprocessed_r5120_c19968_uncertain.npz",
        "tile_name": "S1D_20260810T021454_preprocessed_r5120_c19968_uncertain.npz",
        "scene": "S1D_IW_GRDH_1SDV_20260810T021429_20260810T021454_004057_00763F_AFC5_preprocessed_extracted_xmx4",
        "acquisition_date": "2026-08-10",
        "acquisition_time": "02:14:29",
        "left": "404954.85972424183",
        "bottom": "2976969.977188905",
        "right": "410074.85972424183",
        "top": "2982089.977188905",
        "center_x": "407514.85972424183",
        "center_y": "2979529.977188905",
        "crs": "EPSG:32640",
        "label": "uncertain",
        "old_cnn_score": 0.7895030379295349,
        "old_unet_p95": 0.1874711960554123,
        "old_candidate_pixel_count": 49.0,
        "old_fusion_score": 0.5790149213170706,
        "old_rank": 870.0,
        "new_cnn_score": 0.7347694635391235,
        "new_unet_p95": 0.19668850302696228,
        "new_candidate_pixel_count": 77.0,
        "new_fusion_score": 0.6296346348310676,
        "new_rank": 403.0,
        "score_delta": 0.05061971351399708,
        "rank_delta": 467.0,
        "unet_p95_delta": 0.009217306971549988,
        "candidate_pixel_delta": 28.0,
        "abs_candidate_pixel_delta": 28.0,
        "category": "qeshm_hengam_context_priority",
        "external_context_zone": "qeshm_hengam_context_priority",
        "review_recommendation": "context-priority manual review; model output remains candidate support only",
        "edge_mask_fraction": 0.5,
        "no_data_fraction": 0.00444793701171875,
        "bright_scatterer_fraction": 0.046511627906976744,
        "combined_dark_pixels": 153,
        "dark_component_count": 15,
        "largest_dark_component_pixels": 55,
        "largest_dark_component_elongation": 55.0,
        "dark_component_coherence_fraction": 0.35947712418300654,
        "old_mask_component_count": 2,
        "new_mask_component_count": 14,
        "old_largest_mask_component_pixels": 106,
        "new_largest_mask_component_pixels": 55,
        "edge_dominated": false,
        "bright_scatterer_dominated": false,
        "mostly_scattered_speckle": false,
        "coherent_dark_region_after_denoise": false,
        "unet_masks_not_just_speckle": false,
        "spatial_cluster_id": "",
        "nearby_candidate_cluster_size": 0,
        "inside_qeshm_hengam_context": true,
        "near_qeshm_hengam_context": true,
        "distance_to_qeshm_hengam_context_km": 0.0,
        "spatial_review_label": "uncertain",
        "approval_recommendation": "needs human visual review before any training use",
        "reason": "mixed evidence: some model/context priority, but spatial or denoised-mask evidence is not strong enough for probable-positive recommendation",
        "review_rank": 105,
        "preview_png": ""
      }
    },
    {
      "type": "Feature",
      "geometry": {
        "type": "Point",
        "coordinates": [
          56.55784511692048,
          26.639720977266084
        ]
      },
      "properties": {
        "tile": "D:\\SIHwork_2026\\data\\new_sar_case_study\\tiles_npz_run5_balanced3500\\S1D_20260805T020639_preprocessed_r8704_c4096_uncertain.npz",
        "tile_name": "S1D_20260805T020639_preprocessed_r8704_c4096_uncertain.npz",
        "scene": "S1D_IW_GRDH_1SDV_20260805T020614_20260805T020639_003984_0073C1_55A6_preprocessed_after_c_cleanup_xmx4",
        "acquisition_date": "2026-08-05",
        "acquisition_time": "02:06:14",
        "left": "453432.3208254428",
        "bottom": "2944048.1820285493",
        "right": "458552.3208254428",
        "top": "2949168.1820285493",
        "center_x": "455992.3208254428",
        "center_y": "2946608.1820285493",
        "crs": "EPSG:32640",
        "label": "uncertain",
        "old_cnn_score": 0.7901432514190674,
        "old_unet_p95": 0.1735612154006958,
        "old_candidate_pixel_count": 619.0,
        "old_fusion_score": 0.8817603039729531,
        "old_rank": 409.0,
        "new_cnn_score": 0.5388142466545105,
        "new_unet_p95": 0.1717335283756256,
        "new_candidate_pixel_count": 80.0,
        "new_fusion_score": 0.4066292421166702,
        "new_rank": 1188.0,
        "score_delta": -0.47513106185628295,
        "rank_delta": -779.0,
        "unet_p95_delta": -0.0018276870250701904,
        "candidate_pixel_delta": -539.0,
        "abs_candidate_pixel_delta": 539.0,
        "category": "qeshm_hengam_context_priority",
        "external_context_zone": "qeshm_hengam_context_priority",
        "review_recommendation": "context-priority manual review; model output remains candidate support only",
        "edge_mask_fraction": 0.25262605042016806,
        "no_data_fraction": 0.000347137451171875,
        "bright_scatterer_fraction": 0.016281512605042018,
        "combined_dark_pixels": 672,
        "dark_component_count": 27,
        "largest_dark_component_pixels": 203,
        "largest_dark_component_elongation": 1.4285714285714286,
        "dark_component_coherence_fraction": 0.3020833333333333,
        "old_mask_component_count": 71,
        "new_mask_component_count": 16,
        "old_largest_mask_component_pixels": 365,
        "new_largest_mask_component_pixels": 75,
        "edge_dominated": false,
        "bright_scatterer_dominated": false,
        "mostly_scattered_speckle": false,
        "coherent_dark_region_after_denoise": true,
        "unet_masks_not_just_speckle": false,
        "spatial_cluster_id": "",
        "nearby_candidate_cluster_size": 0,
        "inside_qeshm_hengam_context": true,
        "near_qeshm_hengam_context": true,
        "distance_to_qeshm_hengam_context_km": 0.0,
        "spatial_review_label": "uncertain",
        "approval_recommendation": "needs human visual review before any training use",
        "reason": "mixed evidence: some model/context priority, but spatial or denoised-mask evidence is not strong enough for probable-positive recommendation",
        "review_rank": 106,
        "preview_png": ""
      }
    },
    {
      "type": "Feature",
      "geometry": {
        "type": "Point",
        "coordinates": [
          56.39398027854877,
          27.084642990068264
        ]
      },
      "properties": {
        "tile": "D:\\SIHwork_2026\\data\\new_sar_case_study\\tiles_npz_run5_balanced3500\\S1C_20260808T141633_preprocessed_r6144_c9216_uncertain.npz",
        "tile_name": "S1C_20260808T141633_preprocessed_r6144_c9216_uncertain.npz",
        "scene": "S1C_IW_GRDH_1SDV_20260808T141614_20260808T141633_008905_011A9E_BE01_preprocessed_extracted_xmx4",
        "acquisition_date": "2026-08-08",
        "acquisition_time": "14:16:14",
        "left": "437358.061760937",
        "bottom": "2993394.963305102",
        "right": "442478.061760937",
        "top": "2998514.963305102",
        "center_x": "439918.061760937",
        "center_y": "2995954.963305102",
        "crs": "EPSG:32640",
        "label": "uncertain",
        "old_cnn_score": 0.8924329280853271,
        "old_unet_p95": 0.17353594303131104,
        "old_candidate_pixel_count": 268.0,
        "old_fusion_score": 0.866448418341845,
        "old_rank": 431.0,
        "new_cnn_score": 0.7690994739532471,
        "new_unet_p95": 0.17264369130134583,
        "new_candidate_pixel_count": 11.0,
        "new_fusion_score": 0.32994633276339086,
        "new_rank": 1534.0,
        "score_delta": -0.5365020855784541,
        "rank_delta": -1103.0,
        "unet_p95_delta": -0.00089225172996521,
        "candidate_pixel_delta": -257.0,
        "abs_candidate_pixel_delta": 257.0,
        "category": "qeshm_hengam_context_priority",
        "external_context_zone": "qeshm_hengam_context_priority",
        "review_recommendation": "context-priority manual review; model output remains candidate support only",
        "edge_mask_fraction": 0.0,
        "no_data_fraction": 0.000823974609375,
        "bright_scatterer_fraction": 0.0196078431372549,
        "combined_dark_pixels": 95,
        "dark_component_count": 11,
        "largest_dark_component_pixels": 29,
        "largest_dark_component_elongation": 1.8333333333333333,
        "dark_component_coherence_fraction": 0.30526315789473685,
        "old_mask_component_count": 26,
        "new_mask_component_count": 1,
        "old_largest_mask_component_pixels": 371,
        "new_largest_mask_component_pixels": 14,
        "edge_dominated": false,
        "bright_scatterer_dominated": false,
        "mostly_scattered_speckle": false,
        "coherent_dark_region_after_denoise": false,
        "unet_masks_not_just_speckle": false,
        "spatial_cluster_id": "",
        "nearby_candidate_cluster_size": 0,
        "inside_qeshm_hengam_context": true,
        "near_qeshm_hengam_context": true,
        "distance_to_qeshm_hengam_context_km": 0.0,
        "spatial_review_label": "uncertain",
        "approval_recommendation": "needs human visual review before any training use",
        "reason": "mixed evidence: some model/context priority, but spatial or denoised-mask evidence is not strong enough for probable-positive recommendation",
        "review_rank": 107,
        "preview_png": ""
      }
    },
    {
      "type": "Feature",
      "geometry": {
        "type": "Point",
        "coordinates": [
          56.60785480385186,
          27.05590851595703
        ]
      },
      "properties": {
        "tile": "D:\\SIHwork_2026\\data\\new_sar_case_study\\tiles_npz_run5_balanced3500\\S1D_20260805T020639_preprocessed_r4096_c4608_uncertain.npz",
        "tile_name": "S1D_20260805T020639_preprocessed_r4096_c4608_uncertain.npz",
        "scene": "S1D_IW_GRDH_1SDV_20260805T020614_20260805T020639_003984_0073C1_55A6_preprocessed_after_c_cleanup_xmx4",
        "acquisition_date": "2026-08-05",
        "acquisition_time": "02:06:14",
        "left": "458552.3208254428",
        "bottom": "2990128.1820285493",
        "right": "463672.3208254428",
        "top": "2995248.1820285493",
        "center_x": "461112.3208254428",
        "center_y": "2992688.1820285493",
        "crs": "EPSG:32640",
        "label": "uncertain",
        "old_cnn_score": 0.7433058023452759,
        "old_unet_p95": 0.17599207162857056,
        "old_candidate_pixel_count": 704.0,
        "old_fusion_score": 0.8579167316367623,
        "old_rank": 440.0,
        "new_cnn_score": 0.5209420323371887,
        "new_unet_p95": 0.1719217151403427,
        "new_candidate_pixel_count": 75.0,
        "new_fusion_score": 0.38786588136051997,
        "new_rank": 1266.0,
        "score_delta": -0.4700508502762423,
        "rank_delta": -826.0,
        "unet_p95_delta": -0.004070356488227844,
        "candidate_pixel_delta": -629.0,
        "abs_candidate_pixel_delta": 629.0,
        "category": "qeshm_hengam_context_priority",
        "external_context_zone": "qeshm_hengam_context_priority",
        "review_recommendation": "context-priority manual review; model output remains candidate support only",
        "edge_mask_fraction": 0.004198473282442748,
        "no_data_fraction": 0.0006256103515625,
        "bright_scatterer_fraction": 0.019083969465648856,
        "combined_dark_pixels": 273,
        "dark_component_count": 22,
        "largest_dark_component_pixels": 40,
        "largest_dark_component_elongation": 1.5,
        "dark_component_coherence_fraction": 0.14652014652014653,
        "old_mask_component_count": 24,
        "new_mask_component_count": 13,
        "old_largest_mask_component_pixels": 644,
        "new_largest_mask_component_pixels": 68,
        "edge_dominated": false,
        "bright_scatterer_dominated": false,
        "mostly_scattered_speckle": false,
        "coherent_dark_region_after_denoise": false,
        "unet_masks_not_just_speckle": true,
        "spatial_cluster_id": "",
        "nearby_candidate_cluster_size": 0,
        "inside_qeshm_hengam_context": true,
        "near_qeshm_hengam_context": true,
        "distance_to_qeshm_hengam_context_km": 0.0,
        "spatial_review_label": "uncertain",
        "approval_recommendation": "needs human visual review before any training use",
        "reason": "mixed evidence: some model/context priority, but spatial or denoised-mask evidence is not strong enough for probable-positive recommendation",
        "review_rank": 108,
        "preview_png": ""
      }
    },
    {
      "type": "Feature",
      "geometry": {
        "type": "Point",
        "coordinates": [
          55.580899621223985,
          27.08511878765771
        ]
      },
      "properties": {
        "tile": "D:\\SIHwork_2026\\data\\new_sar_case_study\\tiles_npz_run5_balanced3500\\S1C_IW_GRDH_1SDV_20260804T021408_20260804T021438_r7680_c14336_uncertain.npz",
        "tile_name": "S1C_IW_GRDH_1SDV_20260804T021408_20260804T021438_r7680_c14336_uncertain.npz",
        "scene": "S1C_IW_GRDH_1SDV_20260804T021408_20260804T021438_008839_01188E_BC5E",
        "acquisition_date": "2026-08-04",
        "acquisition_time": "02:14:08",
        "left": "356741.37147003977",
        "bottom": "2994096.4374795803",
        "right": "361861.37147003977",
        "top": "2999216.4374795803",
        "center_x": "359301.37147003977",
        "center_y": "2996656.4374795803",
        "crs": "EPSG:32640",
        "label": "uncertain",
        "old_cnn_score": 0.7789621353149414,
        "old_unet_p95": 0.18000581860542297,
        "old_candidate_pixel_count": 414.0,
        "old_fusion_score": 0.845271450522045,
        "old_rank": 450.0,
        "new_cnn_score": 0.7048161625862122,
        "new_unet_p95": 0.18681743741035461,
        "new_candidate_pixel_count": 38.0,
        "new_fusion_score": 0.4823883034722559,
        "new_rank": 858.0,
        "score_delta": -0.3628831470497891,
        "rank_delta": -408.0,
        "unet_p95_delta": 0.006811618804931641,
        "candidate_pixel_delta": -376.0,
        "abs_candidate_pixel_delta": 376.0,
        "category": "qeshm_hengam_context_priority",
        "external_context_zone": "qeshm_hengam_context_priority",
        "review_recommendation": "context-priority manual review; model output remains candidate support only",
        "edge_mask_fraction": 0.0,
        "no_data_fraction": 0.010807037353515625,
        "bright_scatterer_fraction": 0.13485851896447923,
        "combined_dark_pixels": 89,
        "dark_component_count": 5,
        "largest_dark_component_pixels": 65,
        "largest_dark_component_elongation": 1.2222222222222223,
        "dark_component_coherence_fraction": 0.7303370786516854,
        "old_mask_component_count": 8,
        "new_mask_component_count": 2,
        "old_largest_mask_component_pixels": 1609,
        "new_largest_mask_component_pixels": 131,
        "edge_dominated": false,
        "bright_scatterer_dominated": false,
        "mostly_scattered_speckle": false,
        "coherent_dark_region_after_denoise": false,
        "unet_masks_not_just_speckle": true,
        "spatial_cluster_id": "",
        "nearby_candidate_cluster_size": 0,
        "inside_qeshm_hengam_context": true,
        "near_qeshm_hengam_context": true,
        "distance_to_qeshm_hengam_context_km": 0.0,
        "spatial_review_label": "uncertain",
        "approval_recommendation": "needs human visual review before any training use",
        "reason": "mixed evidence: some model/context priority, but spatial or denoised-mask evidence is not strong enough for probable-positive recommendation",
        "review_rank": 109,
        "preview_png": ""
      }
    },
    {
      "type": "Feature",
      "geometry": {
        "type": "Point",
        "coordinates": [
          56.60817549958945,
          26.96345799850413
        ]
      },
      "properties": {
        "tile": "D:\\SIHwork_2026\\data\\new_sar_case_study\\tiles_npz_run5_balanced3500\\S1D_20260805T020639_preprocessed_r5120_c4608_uncertain.npz",
        "tile_name": "S1D_20260805T020639_preprocessed_r5120_c4608_uncertain.npz",
        "scene": "S1D_IW_GRDH_1SDV_20260805T020614_20260805T020639_003984_0073C1_55A6_preprocessed_after_c_cleanup_xmx4",
        "acquisition_date": "2026-08-05",
        "acquisition_time": "02:06:14",
        "left": "458552.3208254428",
        "bottom": "2979888.1820285493",
        "right": "463672.3208254428",
        "top": "2985008.1820285493",
        "center_x": "461112.3208254428",
        "center_y": "2982448.1820285493",
        "crs": "EPSG:32640",
        "label": "uncertain",
        "old_cnn_score": 0.8032704591751099,
        "old_unet_p95": 0.17490743100643158,
        "old_candidate_pixel_count": 342.0,
        "old_fusion_score": 0.8201892913477425,
        "old_rank": 484.0,
        "new_cnn_score": 0.5730257630348206,
        "new_unet_p95": 0.1718318611383438,
        "new_candidate_pixel_count": 7.0,
        "new_fusion_score": 0.20475030526580504,
        "new_rank": 2078.0,
        "score_delta": -0.6154389860819375,
        "rank_delta": -1594.0,
        "unet_p95_delta": -0.0030755698680877686,
        "candidate_pixel_delta": -335.0,
        "abs_candidate_pixel_delta": 335.0,
        "category": "qeshm_hengam_context_priority",
        "external_context_zone": "qeshm_hengam_context_priority",
        "review_recommendation": "context-priority manual review; model output remains candidate support only",
        "edge_mask_fraction": 0.06435224386113463,
        "no_data_fraction": 0.0004730224609375,
        "bright_scatterer_fraction": 0.01947502116850127,
        "combined_dark_pixels": 204,
        "dark_component_count": 13,
        "largest_dark_component_pixels": 91,
        "largest_dark_component_elongation": 2.0,
        "dark_component_coherence_fraction": 0.44607843137254904,
        "old_mask_component_count": 25,
        "new_mask_component_count": 1,
        "old_largest_mask_component_pixels": 480,
        "new_largest_mask_component_pixels": 4,
        "edge_dominated": false,
        "bright_scatterer_dominated": false,
        "mostly_scattered_speckle": false,
        "coherent_dark_region_after_denoise": false,
        "unet_masks_not_just_speckle": true,
        "spatial_cluster_id": "",
        "nearby_candidate_cluster_size": 0,
        "inside_qeshm_hengam_context": true,
        "near_qeshm_hengam_context": true,
        "distance_to_qeshm_hengam_context_km": 0.0,
        "spatial_review_label": "uncertain",
        "approval_recommendation": "needs human visual review before any training use",
        "reason": "mixed evidence: some model/context priority, but spatial or denoised-mask evidence is not strong enough for probable-positive recommendation",
        "review_rank": 110,
        "preview_png": ""
      }
    },
    {
      "type": "Feature",
      "geometry": {
        "type": "Point",
        "coordinates": [
          55.6043237354884,
          26.930752770433468
        ]
      },
      "properties": {
        "tile": "D:\\SIHwork_2026\\data\\new_sar_case_study\\tiles_npz_run5_balanced3500\\S1D_20260810T021454_preprocessed_r5120_c15360_uncertain.npz",
        "tile_name": "S1D_20260810T021454_preprocessed_r5120_c15360_uncertain.npz",
        "scene": "S1D_IW_GRDH_1SDV_20260810T021429_20260810T021454_004057_00763F_AFC5_preprocessed_extracted_xmx4",
        "acquisition_date": "2026-08-10",
        "acquisition_time": "02:14:29",
        "left": "358874.85972424183",
        "bottom": "2976969.977188905",
        "right": "363994.85972424183",
        "top": "2982089.977188905",
        "center_x": "361434.85972424183",
        "center_y": "2979529.977188905",
        "crs": "EPSG:32640",
        "label": "uncertain",
        "old_cnn_score": 0.5281683802604675,
        "old_unet_p95": 0.18856747448444366,
        "old_candidate_pixel_count": 630.0,
        "old_fusion_score": 0.6421218616778203,
        "old_rank": 777.0,
        "new_cnn_score": 0.49624019861221313,
        "new_unet_p95": 0.19689086079597473,
        "new_candidate_pixel_count": 452.0,
        "new_fusion_score": 0.5975542178455127,
        "new_rank": 511.0,
        "score_delta": -0.0445676438323076,
        "rank_delta": 266.0,
        "unet_p95_delta": 0.008323386311531067,
        "candidate_pixel_delta": -178.0,
        "abs_candidate_pixel_delta": 178.0,
        "category": "qeshm_hengam_context_priority",
        "external_context_zone": "qeshm_hengam_context_priority",
        "review_recommendation": "context-priority manual review; model output remains candidate support only",
        "edge_mask_fraction": 0.0,
        "no_data_fraction": 0.00067901611328125,
        "bright_scatterer_fraction": 0.0,
        "combined_dark_pixels": 109,
        "dark_component_count": 7,
        "largest_dark_component_pixels": 61,
        "largest_dark_component_elongation": 1.5,
        "dark_component_coherence_fraction": 0.5596330275229358,
        "old_mask_component_count": 8,
        "new_mask_component_count": 17,
        "old_largest_mask_component_pixels": 1333,
        "new_largest_mask_component_pixels": 739,
        "edge_dominated": false,
        "bright_scatterer_dominated": false,
        "mostly_scattered_speckle": false,
        "coherent_dark_region_after_denoise": false,
        "unet_masks_not_just_speckle": true,
        "spatial_cluster_id": "",
        "nearby_candidate_cluster_size": 0,
        "inside_qeshm_hengam_context": true,
        "near_qeshm_hengam_context": true,
        "distance_to_qeshm_hengam_context_km": 0.0,
        "spatial_review_label": "uncertain",
        "approval_recommendation": "needs human visual review before any training use",
        "reason": "mixed evidence: some model/context priority, but spatial or denoised-mask evidence is not strong enough for probable-positive recommendation",
        "review_rank": 111,
        "preview_png": ""
      }
    },
    {
      "type": "Feature",
      "geometry": {
        "type": "Point",
        "coordinates": [
          56.187088447594434,
          27.12982186142904
        ]
      },
      "properties": {
        "tile": "D:\\SIHwork_2026\\data\\new_sar_case_study\\tiles_npz_run5_balanced3500\\S1C_20260808T141633_preprocessed_r5632_c7168_uncertain.npz",
        "tile_name": "S1C_20260808T141633_preprocessed_r5632_c7168_uncertain.npz",
        "scene": "S1C_IW_GRDH_1SDV_20260808T141614_20260808T141633_008905_011A9E_BE01_preprocessed_extracted_xmx4",
        "acquisition_date": "2026-08-08",
        "acquisition_time": "14:16:14",
        "left": "416878.061760937",
        "bottom": "2998514.963305102",
        "right": "421998.061760937",
        "top": "3003634.963305102",
        "center_x": "419438.061760937",
        "center_y": "3001074.963305102",
        "crs": "EPSG:32640",
        "label": "uncertain",
        "old_cnn_score": 0.5484992265701294,
        "old_unet_p95": 0.1878160536289215,
        "old_candidate_pixel_count": 232.0,
        "old_fusion_score": 0.5615494111629982,
        "old_rank": 898.0,
        "new_cnn_score": 0.5275265574455261,
        "new_unet_p95": 0.19669824838638306,
        "new_candidate_pixel_count": 312.0,
        "new_fusion_score": 0.5962464410767238,
        "new_rank": 517.0,
        "score_delta": 0.034697029913725586,
        "rank_delta": 381.0,
        "unet_p95_delta": 0.008882194757461548,
        "candidate_pixel_delta": 80.0,
        "abs_candidate_pixel_delta": 80.0,
        "category": "qeshm_hengam_context_priority",
        "external_context_zone": "qeshm_hengam_context_priority",
        "review_recommendation": "context-priority manual review; model output remains candidate support only",
        "edge_mask_fraction": 0.3090627420604183,
        "no_data_fraction": 0.0002593994140625,
        "bright_scatterer_fraction": 0.02943454686289698,
        "combined_dark_pixels": 110,
        "dark_component_count": 23,
        "largest_dark_component_pixels": 17,
        "largest_dark_component_elongation": 17.0,
        "dark_component_coherence_fraction": 0.15454545454545454,
        "old_mask_component_count": 11,
        "new_mask_component_count": 52,
        "old_largest_mask_component_pixels": 788,
        "new_largest_mask_component_pixels": 292,
        "edge_dominated": false,
        "bright_scatterer_dominated": false,
        "mostly_scattered_speckle": false,
        "coherent_dark_region_after_denoise": false,
        "unet_masks_not_just_speckle": true,
        "spatial_cluster_id": "",
        "nearby_candidate_cluster_size": 0,
        "inside_qeshm_hengam_context": true,
        "near_qeshm_hengam_context": true,
        "distance_to_qeshm_hengam_context_km": 0.0,
        "spatial_review_label": "uncertain",
        "approval_recommendation": "needs human visual review before any training use",
        "reason": "mixed evidence: some model/context priority, but spatial or denoised-mask evidence is not strong enough for probable-positive recommendation",
        "review_rank": 112,
        "preview_png": ""
      }
    },
    {
      "type": "Feature",
      "geometry": {
        "type": "Point",
        "coordinates": [
          56.032114557256634,
          27.128839178261806
        ]
      },
      "properties": {
        "tile": "D:\\SIHwork_2026\\data\\new_sar_case_study\\tiles_npz_run5_balanced3500\\S1C_20260808T141633_preprocessed_r5632_c5632_uncertain.npz",
        "tile_name": "S1C_20260808T141633_preprocessed_r5632_c5632_uncertain.npz",
        "scene": "S1C_IW_GRDH_1SDV_20260808T141614_20260808T141633_008905_011A9E_BE01_preprocessed_extracted_xmx4",
        "acquisition_date": "2026-08-08",
        "acquisition_time": "14:16:14",
        "left": "401518.061760937",
        "bottom": "2998514.963305102",
        "right": "406638.061760937",
        "top": "3003634.963305102",
        "center_x": "404078.061760937",
        "center_y": "3001074.963305102",
        "crs": "EPSG:32640",
        "label": "uncertain",
        "old_cnn_score": 0.5915790796279907,
        "old_unet_p95": 0.1899082064628601,
        "old_candidate_pixel_count": 388.0,
        "old_fusion_score": 0.669982627021959,
        "old_rank": 730.0,
        "new_cnn_score": 0.5676618814468384,
        "new_unet_p95": 0.19814848899841309,
        "new_candidate_pixel_count": 196.0,
        "new_fusion_score": 0.5942618564077159,
        "new_rank": 524.0,
        "score_delta": -0.0757207706142431,
        "rank_delta": 206.0,
        "unet_p95_delta": 0.008240282535552979,
        "candidate_pixel_delta": -192.0,
        "abs_candidate_pixel_delta": 192.0,
        "category": "qeshm_hengam_context_priority",
        "external_context_zone": "qeshm_hengam_context_priority",
        "review_recommendation": "context-priority manual review; model output remains candidate support only",
        "edge_mask_fraction": 0.2814569536423841,
        "no_data_fraction": 0.0035552978515625,
        "bright_scatterer_fraction": 0.09381898454746136,
        "combined_dark_pixels": 133,
        "dark_component_count": 8,
        "largest_dark_component_pixels": 51,
        "largest_dark_component_elongation": 51.0,
        "dark_component_coherence_fraction": 0.38345864661654133,
        "old_mask_component_count": 11,
        "new_mask_component_count": 27,
        "old_largest_mask_component_pixels": 1226,
        "new_largest_mask_component_pixels": 94,
        "edge_dominated": false,
        "bright_scatterer_dominated": false,
        "mostly_scattered_speckle": false,
        "coherent_dark_region_after_denoise": false,
        "unet_masks_not_just_speckle": true,
        "spatial_cluster_id": "",
        "nearby_candidate_cluster_size": 0,
        "inside_qeshm_hengam_context": true,
        "near_qeshm_hengam_context": true,
        "distance_to_qeshm_hengam_context_km": 0.0,
        "spatial_review_label": "uncertain",
        "approval_recommendation": "needs human visual review before any training use",
        "reason": "mixed evidence: some model/context priority, but spatial or denoised-mask evidence is not strong enough for probable-positive recommendation",
        "review_rank": 113,
        "preview_png": ""
      }
    },
    {
      "type": "Feature",
      "geometry": {
        "type": "Point",
        "coordinates": [
          56.91763599242652,
          27.05643092518374
        ]
      },
      "properties": {
        "tile": "D:\\SIHwork_2026\\data\\new_sar_case_study\\tiles_npz_run5_balanced3500\\S1D_20260805T020639_preprocessed_r4096_c7680_uncertain.npz",
        "tile_name": "S1D_20260805T020639_preprocessed_r4096_c7680_uncertain.npz",
        "scene": "S1D_IW_GRDH_1SDV_20260805T020614_20260805T020639_003984_0073C1_55A6_preprocessed_after_c_cleanup_xmx4",
        "acquisition_date": "2026-08-05",
        "acquisition_time": "02:06:14",
        "left": "489272.3208254428",
        "bottom": "2990128.1820285493",
        "right": "494392.3208254428",
        "top": "2995248.1820285493",
        "center_x": "491832.3208254428",
        "center_y": "2992688.1820285493",
        "crs": "EPSG:32640",
        "label": "uncertain",
        "old_cnn_score": 0.5507619976997375,
        "old_unet_p95": 0.18479305505752563,
        "old_candidate_pixel_count": 1691.0,
        "old_fusion_score": 0.7565762212121496,
        "old_rank": 588.0,
        "new_cnn_score": 0.4776638448238373,
        "new_unet_p95": 0.1907244175672531,
        "new_candidate_pixel_count": 671.0,
        "new_fusion_score": 0.5930985878455289,
        "new_rank": 527.0,
        "score_delta": -0.1634776333666207,
        "rank_delta": 61.0,
        "unet_p95_delta": 0.005931362509727478,
        "candidate_pixel_delta": -1020.0,
        "abs_candidate_pixel_delta": 1020.0,
        "category": "qeshm_hengam_context_priority",
        "external_context_zone": "qeshm_hengam_context_priority",
        "review_recommendation": "context-priority manual review; model output remains candidate support only",
        "edge_mask_fraction": 0.2073207320732073,
        "no_data_fraction": 0.00457763671875,
        "bright_scatterer_fraction": 0.01065106510651065,
        "combined_dark_pixels": 182,
        "dark_component_count": 17,
        "largest_dark_component_pixels": 44,
        "largest_dark_component_elongation": 1.25,
        "dark_component_coherence_fraction": 0.24175824175824176,
        "old_mask_component_count": 34,
        "new_mask_component_count": 39,
        "old_largest_mask_component_pixels": 1556,
        "new_largest_mask_component_pixels": 711,
        "edge_dominated": false,
        "bright_scatterer_dominated": false,
        "mostly_scattered_speckle": false,
        "coherent_dark_region_after_denoise": false,
        "unet_masks_not_just_speckle": true,
        "spatial_cluster_id": "",
        "nearby_candidate_cluster_size": 0,
        "inside_qeshm_hengam_context": true,
        "near_qeshm_hengam_context": true,
        "distance_to_qeshm_hengam_context_km": 0.0,
        "spatial_review_label": "uncertain",
        "approval_recommendation": "needs human visual review before any training use",
        "reason": "mixed evidence: some model/context priority, but spatial or denoised-mask evidence is not strong enough for probable-positive recommendation",
        "review_rank": 114,
        "preview_png": ""
      }
    },
    {
      "type": "Feature",
      "geometry": {
        "type": "Point",
        "coordinates": [
          56.45363894804636,
          26.91671837782251
        ]
      },
      "properties": {
        "tile": "D:\\SIHwork_2026\\data\\new_sar_case_study\\tiles_npz_run5_balanced3500\\S1D_20260805T020639_preprocessed_r5632_c3072_uncertain.npz",
        "tile_name": "S1D_20260805T020639_preprocessed_r5632_c3072_uncertain.npz",
        "scene": "S1D_IW_GRDH_1SDV_20260805T020614_20260805T020639_003984_0073C1_55A6_preprocessed_after_c_cleanup_xmx4",
        "acquisition_date": "2026-08-05",
        "acquisition_time": "02:06:14",
        "left": "443192.3208254428",
        "bottom": "2974768.1820285493",
        "right": "448312.3208254428",
        "top": "2979888.1820285493",
        "center_x": "445752.3208254428",
        "center_y": "2977328.1820285493",
        "crs": "EPSG:32640",
        "label": "uncertain",
        "old_cnn_score": 0.715007483959198,
        "old_unet_p95": 0.17556962370872498,
        "old_candidate_pixel_count": 564.0,
        "old_fusion_score": 0.7954845143340382,
        "old_rank": 529.0,
        "new_cnn_score": 0.42751526832580566,
        "new_unet_p95": 0.17186276614665985,
        "new_candidate_pixel_count": 21.0,
        "new_fusion_score": 0.2271111190186,
        "new_rank": 1966.0,
        "score_delta": -0.5683733953154382,
        "rank_delta": -1437.0,
        "unet_p95_delta": -0.0037068575620651245,
        "candidate_pixel_delta": -543.0,
        "abs_candidate_pixel_delta": 543.0,
        "category": "qeshm_hengam_context_priority",
        "external_context_zone": "qeshm_hengam_context_priority",
        "review_recommendation": "context-priority manual review; model output remains candidate support only",
        "edge_mask_fraction": 0.2673663168415792,
        "no_data_fraction": 0.000335693359375,
        "bright_scatterer_fraction": 0.02498750624687656,
        "combined_dark_pixels": 286,
        "dark_component_count": 16,
        "largest_dark_component_pixels": 87,
        "largest_dark_component_elongation": 1.5,
        "dark_component_coherence_fraction": 0.3041958041958042,
        "old_mask_component_count": 35,
        "new_mask_component_count": 6,
        "old_largest_mask_component_pixels": 1428,
        "new_largest_mask_component_pixels": 18,
        "edge_dominated": false,
        "bright_scatterer_dominated": false,
        "mostly_scattered_speckle": false,
        "coherent_dark_region_after_denoise": false,
        "unet_masks_not_just_speckle": true,
        "spatial_cluster_id": "",
        "nearby_candidate_cluster_size": 0,
        "inside_qeshm_hengam_context": true,
        "near_qeshm_hengam_context": true,
        "distance_to_qeshm_hengam_context_km": 0.0,
        "spatial_review_label": "uncertain",
        "approval_recommendation": "needs human visual review before any training use",
        "reason": "mixed evidence: some model/context priority, but spatial or denoised-mask evidence is not strong enough for probable-positive recommendation",
        "review_rank": 115,
        "preview_png": ""
      }
    },
    {
      "type": "Feature",
      "geometry": {
        "type": "Point",
        "coordinates": [
          56.30323281895437,
          27.183002482484987
        ]
      },
      "properties": {
        "tile": "D:\\SIHwork_2026\\data\\new_sar_case_study\\tiles_npz_run5_balanced3500\\S1C_IW_GRDH_1SDV_20260804T021408_20260804T021438_r6656_c21504_uncertain.npz",
        "tile_name": "S1C_IW_GRDH_1SDV_20260804T021408_20260804T021438_r6656_c21504_uncertain.npz",
        "scene": "S1C_IW_GRDH_1SDV_20260804T021408_20260804T021438_008839_01188E_BC5E",
        "acquisition_date": "2026-08-04",
        "acquisition_time": "02:14:08",
        "left": "428421.37147003977",
        "bottom": "3004336.4374795803",
        "right": "433541.37147003977",
        "top": "3009456.4374795803",
        "center_x": "430981.37147003977",
        "center_y": "3006896.4374795803",
        "crs": "EPSG:32640",
        "label": "uncertain",
        "old_cnn_score": 0.6371784210205078,
        "old_unet_p95": 0.19064205884933472,
        "old_candidate_pixel_count": 658.0,
        "old_fusion_score": 0.7884476990957803,
        "old_rank": 539.0,
        "new_cnn_score": 0.5402221083641052,
        "new_unet_p95": 0.19834794104099274,
        "new_candidate_pixel_count": 136.0,
        "new_fusion_score": 0.5271855152277385,
        "new_rank": 701.0,
        "score_delta": -0.2612621838680418,
        "rank_delta": -162.0,
        "unet_p95_delta": 0.00770588219165802,
        "candidate_pixel_delta": -522.0,
        "abs_candidate_pixel_delta": 522.0,
        "category": "qeshm_hengam_context_priority",
        "external_context_zone": "qeshm_hengam_context_priority",
        "review_recommendation": "context-priority manual review; model output remains candidate support only",
        "edge_mask_fraction": 0.05598243688254665,
        "no_data_fraction": 0.00083160400390625,
        "bright_scatterer_fraction": 0.03988291255031101,
        "combined_dark_pixels": 93,
        "dark_component_count": 6,
        "largest_dark_component_pixels": 36,
        "largest_dark_component_elongation": 36.0,
        "dark_component_coherence_fraction": 0.3870967741935484,
        "old_mask_component_count": 23,
        "new_mask_component_count": 7,
        "old_largest_mask_component_pixels": 1509,
        "new_largest_mask_component_pixels": 133,
        "edge_dominated": false,
        "bright_scatterer_dominated": false,
        "mostly_scattered_speckle": false,
        "coherent_dark_region_after_denoise": false,
        "unet_masks_not_just_speckle": true,
        "spatial_cluster_id": "",
        "nearby_candidate_cluster_size": 0,
        "inside_qeshm_hengam_context": true,
        "near_qeshm_hengam_context": true,
        "distance_to_qeshm_hengam_context_km": 0.0,
        "spatial_review_label": "uncertain",
        "approval_recommendation": "needs human visual review before any training use",
        "reason": "mixed evidence: some model/context priority, but spatial or denoised-mask evidence is not strong enough for probable-positive recommendation",
        "review_rank": 116,
        "preview_png": ""
      }
    },
    {
      "type": "Feature",
      "geometry": {
        "type": "Point",
        "coordinates": [
          56.04481698206688,
          27.181480442255943
        ]
      },
      "properties": {
        "tile": "D:\\SIHwork_2026\\data\\new_sar_case_study\\tiles_npz_run5_balanced3500\\S1C_IW_GRDH_1SDV_20260804T021408_20260804T021438_r6656_c18944_uncertain.npz",
        "tile_name": "S1C_IW_GRDH_1SDV_20260804T021408_20260804T021438_r6656_c18944_uncertain.npz",
        "scene": "S1C_IW_GRDH_1SDV_20260804T021408_20260804T021438_008839_01188E_BC5E",
        "acquisition_date": "2026-08-04",
        "acquisition_time": "02:14:08",
        "left": "402821.37147003977",
        "bottom": "3004336.4374795803",
        "right": "407941.37147003977",
        "top": "3009456.4374795803",
        "center_x": "405381.37147003977",
        "center_y": "3006896.4374795803",
        "crs": "EPSG:32640",
        "label": "uncertain",
        "old_cnn_score": 0.6502785682678223,
        "old_unet_p95": 0.1888452023267746,
        "old_candidate_pixel_count": 526.0,
        "old_fusion_score": 0.7696246852601533,
        "old_rank": 565.0,
        "new_cnn_score": 0.6168586015701294,
        "new_unet_p95": 0.19696874916553497,
        "new_candidate_pixel_count": 102.0,
        "new_fusion_score": 0.5631282258656316,
        "new_rank": 611.0,
        "score_delta": -0.20649645939452166,
        "rank_delta": -46.0,
        "unet_p95_delta": 0.008123546838760376,
        "candidate_pixel_delta": -424.0,
        "abs_candidate_pixel_delta": 424.0,
        "category": "qeshm_hengam_context_priority",
        "external_context_zone": "qeshm_hengam_context_priority",
        "review_recommendation": "context-priority manual review; model output remains candidate support only",
        "edge_mask_fraction": 0.15423111919927207,
        "no_data_fraction": 0.0087890625,
        "bright_scatterer_fraction": 0.07552320291173795,
        "combined_dark_pixels": 98,
        "dark_component_count": 4,
        "largest_dark_component_pixels": 73,
        "largest_dark_component_elongation": 73.0,
        "dark_component_coherence_fraction": 0.7448979591836735,
        "old_mask_component_count": 15,
        "new_mask_component_count": 13,
        "old_largest_mask_component_pixels": 739,
        "new_largest_mask_component_pixels": 96,
        "edge_dominated": false,
        "bright_scatterer_dominated": false,
        "mostly_scattered_speckle": false,
        "coherent_dark_region_after_denoise": false,
        "unet_masks_not_just_speckle": true,
        "spatial_cluster_id": "",
        "nearby_candidate_cluster_size": 0,
        "inside_qeshm_hengam_context": true,
        "near_qeshm_hengam_context": true,
        "distance_to_qeshm_hengam_context_km": 0.0,
        "spatial_review_label": "uncertain",
        "approval_recommendation": "needs human visual review before any training use",
        "reason": "mixed evidence: some model/context priority, but spatial or denoised-mask evidence is not strong enough for probable-positive recommendation",
        "review_rank": 117,
        "preview_png": ""
      }
    },
    {
      "type": "Feature",
      "geometry": {
        "type": "Point",
        "coordinates": [
          55.82693966613034,
          26.98861412293315
        ]
      },
      "properties": {
        "tile": "D:\\SIHwork_2026\\data\\new_sar_case_study\\tiles_npz_run5_balanced3500\\S1C_20260808T141633_preprocessed_r7168_c3584_uncertain.npz",
        "tile_name": "S1C_20260808T141633_preprocessed_r7168_c3584_uncertain.npz",
        "scene": "S1C_IW_GRDH_1SDV_20260808T141614_20260808T141633_008905_011A9E_BE01_preprocessed_extracted_xmx4",
        "acquisition_date": "2026-08-08",
        "acquisition_time": "14:16:14",
        "left": "381038.061760937",
        "bottom": "2983154.963305102",
        "right": "386158.061760937",
        "top": "2988274.963305102",
        "center_x": "383598.061760937",
        "center_y": "2985714.963305102",
        "crs": "EPSG:32640",
        "label": "uncertain",
        "old_cnn_score": 0.6285974383354187,
        "old_unet_p95": 0.17821910977363586,
        "old_candidate_pixel_count": 865.0,
        "old_fusion_score": 0.7577450116861791,
        "old_rank": 584.0,
        "new_cnn_score": 0.6051146984100342,
        "new_unet_p95": 0.17937399446964264,
        "new_candidate_pixel_count": 202.0,
        "new_fusion_score": 0.5767051562720079,
        "new_rank": 575.0,
        "score_delta": -0.18103985541417122,
        "rank_delta": 9.0,
        "unet_p95_delta": 0.001154884696006775,
        "candidate_pixel_delta": -663.0,
        "abs_candidate_pixel_delta": 663.0,
        "category": "qeshm_hengam_context_priority",
        "external_context_zone": "qeshm_hengam_context_priority",
        "review_recommendation": "context-priority manual review; model output remains candidate support only",
        "edge_mask_fraction": 0.33025936599423633,
        "no_data_fraction": 0.00012969970703125,
        "bright_scatterer_fraction": 0.07838616714697406,
        "combined_dark_pixels": 232,
        "dark_component_count": 15,
        "largest_dark_component_pixels": 58,
        "largest_dark_component_elongation": 1.7,
        "dark_component_coherence_fraction": 0.25,
        "old_mask_component_count": 28,
        "new_mask_component_count": 24,
        "old_largest_mask_component_pixels": 2972,
        "new_largest_mask_component_pixels": 300,
        "edge_dominated": false,
        "bright_scatterer_dominated": false,
        "mostly_scattered_speckle": false,
        "coherent_dark_region_after_denoise": false,
        "unet_masks_not_just_speckle": true,
        "spatial_cluster_id": "",
        "nearby_candidate_cluster_size": 0,
        "inside_qeshm_hengam_context": true,
        "near_qeshm_hengam_context": true,
        "distance_to_qeshm_hengam_context_km": 0.0,
        "spatial_review_label": "uncertain",
        "approval_recommendation": "needs human visual review before any training use",
        "reason": "mixed evidence: some model/context priority, but spatial or denoised-mask evidence is not strong enough for probable-positive recommendation",
        "review_rank": 118,
        "preview_png": ""
      }
    },
    {
      "type": "Feature",
      "geometry": {
        "type": "Point",
        "coordinates": [
          56.910483231591314,
          26.993468453532454
        ]
      },
      "properties": {
        "tile": "D:\\SIHwork_2026\\data\\new_sar_case_study\\tiles_npz_run5_balanced3500\\S1C_20260808T141633_preprocessed_r7168_c14336_uncertain.npz",
        "tile_name": "S1C_20260808T141633_preprocessed_r7168_c14336_uncertain.npz",
        "scene": "S1C_IW_GRDH_1SDV_20260808T141614_20260808T141633_008905_011A9E_BE01_preprocessed_extracted_xmx4",
        "acquisition_date": "2026-08-08",
        "acquisition_time": "14:16:14",
        "left": "488558.061760937",
        "bottom": "2983154.963305102",
        "right": "493678.061760937",
        "top": "2988274.963305102",
        "center_x": "491118.061760937",
        "center_y": "2985714.963305102",
        "crs": "EPSG:32640",
        "label": "uncertain",
        "old_cnn_score": 0.6262432932853699,
        "old_unet_p95": 0.18793722987174988,
        "old_candidate_pixel_count": 283.0,
        "old_fusion_score": 0.6648528017221581,
        "old_rank": 738.0,
        "new_cnn_score": 0.5818167328834534,
        "new_unet_p95": 0.19667749106884003,
        "new_candidate_pixel_count": 149.0,
        "new_fusion_score": 0.5733682758454051,
        "new_rank": 581.0,
        "score_delta": -0.09148452587675304,
        "rank_delta": 157.0,
        "unet_p95_delta": 0.008740261197090149,
        "candidate_pixel_delta": -134.0,
        "abs_candidate_pixel_delta": 134.0,
        "category": "qeshm_hengam_context_priority",
        "external_context_zone": "qeshm_hengam_context_priority",
        "review_recommendation": "context-priority manual review; model output remains candidate support only",
        "edge_mask_fraction": 0.46588235294117647,
        "no_data_fraction": 0.00101470947265625,
        "bright_scatterer_fraction": 0.03294117647058824,
        "combined_dark_pixels": 96,
        "dark_component_count": 14,
        "largest_dark_component_pixels": 19,
        "largest_dark_component_elongation": 19.0,
        "dark_component_coherence_fraction": 0.19791666666666666,
        "old_mask_component_count": 19,
        "new_mask_component_count": 29,
        "old_largest_mask_component_pixels": 518,
        "new_largest_mask_component_pixels": 119,
        "edge_dominated": false,
        "bright_scatterer_dominated": false,
        "mostly_scattered_speckle": false,
        "coherent_dark_region_after_denoise": false,
        "unet_masks_not_just_speckle": true,
        "spatial_cluster_id": "",
        "nearby_candidate_cluster_size": 0,
        "inside_qeshm_hengam_context": true,
        "near_qeshm_hengam_context": true,
        "distance_to_qeshm_hengam_context_km": 0.0,
        "spatial_review_label": "uncertain",
        "approval_recommendation": "needs human visual review before any training use",
        "reason": "mixed evidence: some model/context priority, but spatial or denoised-mask evidence is not strong enough for probable-positive recommendation",
        "review_rank": 119,
        "preview_png": ""
      }
    },
    {
      "type": "Feature",
      "geometry": {
        "type": "Point",
        "coordinates": [
          56.23937260950976,
          27.037667895629152
        ]
      },
      "properties": {
        "tile": "D:\\SIHwork_2026\\data\\new_sar_case_study\\tiles_npz_run5_balanced3500\\S1C_20260808T141633_preprocessed_r6656_c7680_uncertain.npz",
        "tile_name": "S1C_20260808T141633_preprocessed_r6656_c7680_uncertain.npz",
        "scene": "S1C_IW_GRDH_1SDV_20260808T141614_20260808T141633_008905_011A9E_BE01_preprocessed_extracted_xmx4",
        "acquisition_date": "2026-08-08",
        "acquisition_time": "14:16:14",
        "left": "421998.061760937",
        "bottom": "2988274.963305102",
        "right": "427118.061760937",
        "top": "2993394.963305102",
        "center_x": "424558.061760937",
        "center_y": "2990834.963305102",
        "crs": "EPSG:32640",
        "label": "uncertain",
        "old_cnn_score": 0.7310923337936401,
        "old_unet_p95": 0.1736973226070404,
        "old_candidate_pixel_count": 374.0,
        "old_fusion_score": 0.7526531108691181,
        "old_rank": 597.0,
        "new_cnn_score": 0.4029158055782318,
        "new_unet_p95": 0.17134691774845123,
        "new_candidate_pixel_count": 45.0,
        "new_fusion_score": 0.26432320496684863,
        "new_rank": 1807.0,
        "score_delta": -0.4883299059022695,
        "rank_delta": -1210.0,
        "unet_p95_delta": -0.0023504048585891724,
        "candidate_pixel_delta": -329.0,
        "abs_candidate_pixel_delta": 329.0,
        "category": "qeshm_hengam_context_priority",
        "external_context_zone": "qeshm_hengam_context_priority",
        "review_recommendation": "context-priority manual review; model output remains candidate support only",
        "edge_mask_fraction": 0.004780876494023904,
        "no_data_fraction": 0.000873565673828125,
        "bright_scatterer_fraction": 0.014342629482071713,
        "combined_dark_pixels": 126,
        "dark_component_count": 7,
        "largest_dark_component_pixels": 37,
        "largest_dark_component_elongation": 1.8333333333333333,
        "dark_component_coherence_fraction": 0.29365079365079366,
        "old_mask_component_count": 19,
        "new_mask_component_count": 9,
        "old_largest_mask_component_pixels": 640,
        "new_largest_mask_component_pixels": 52,
        "edge_dominated": false,
        "bright_scatterer_dominated": false,
        "mostly_scattered_speckle": false,
        "coherent_dark_region_after_denoise": false,
        "unet_masks_not_just_speckle": true,
        "spatial_cluster_id": "",
        "nearby_candidate_cluster_size": 0,
        "inside_qeshm_hengam_context": true,
        "near_qeshm_hengam_context": true,
        "distance_to_qeshm_hengam_context_km": 0.0,
        "spatial_review_label": "uncertain",
        "approval_recommendation": "needs human visual review before any training use",
        "reason": "mixed evidence: some model/context priority, but spatial or denoised-mask evidence is not strong enough for probable-positive recommendation",
        "review_rank": 120,
        "preview_png": ""
      }
    },
    {
      "type": "Feature",
      "geometry": {
        "type": "Point",
        "coordinates": [
          56.50640479884327,
          26.639551715592777
        ]
      },
      "properties": {
        "tile": "D:\\SIHwork_2026\\data\\new_sar_case_study\\tiles_npz_run5_balanced3500\\S1D_20260805T020639_preprocessed_r8704_c3584_uncertain.npz",
        "tile_name": "S1D_20260805T020639_preprocessed_r8704_c3584_uncertain.npz",
        "scene": "S1D_IW_GRDH_1SDV_20260805T020614_20260805T020639_003984_0073C1_55A6_preprocessed_after_c_cleanup_xmx4",
        "acquisition_date": "2026-08-05",
        "acquisition_time": "02:06:14",
        "left": "448312.3208254428",
        "bottom": "2944048.1820285493",
        "right": "453432.3208254428",
        "top": "2949168.1820285493",
        "center_x": "450872.3208254428",
        "center_y": "2946608.1820285493",
        "crs": "EPSG:32640",
        "label": "uncertain",
        "old_cnn_score": 0.8227180242538452,
        "old_unet_p95": 0.16980883479118347,
        "old_candidate_pixel_count": 210.0,
        "old_fusion_score": 0.7476802116176576,
        "old_rank": 601.0,
        "new_cnn_score": 0.6250338554382324,
        "new_unet_p95": 0.16996121406555176,
        "new_candidate_pixel_count": 36.0,
        "new_fusion_score": 0.3835932728264081,
        "new_rank": 1292.0,
        "score_delta": -0.36408693879124954,
        "rank_delta": -691.0,
        "unet_p95_delta": 0.00015237927436828613,
        "candidate_pixel_delta": -174.0,
        "abs_candidate_pixel_delta": 174.0,
        "category": "qeshm_hengam_context_priority",
        "external_context_zone": "qeshm_hengam_context_priority",
        "review_recommendation": "context-priority manual review; model output remains candidate support only",
        "edge_mask_fraction": 0.006309148264984227,
        "no_data_fraction": 0.00042724609375,
        "bright_scatterer_fraction": 0.028391167192429023,
        "combined_dark_pixels": 270,
        "dark_component_count": 9,
        "largest_dark_component_pixels": 85,
        "largest_dark_component_elongation": 1.4444444444444444,
        "dark_component_coherence_fraction": 0.3148148148148148,
        "old_mask_component_count": 21,
        "new_mask_component_count": 9,
        "old_largest_mask_component_pixels": 277,
        "new_largest_mask_component_pixels": 24,
        "edge_dominated": false,
        "bright_scatterer_dominated": false,
        "mostly_scattered_speckle": false,
        "coherent_dark_region_after_denoise": false,
        "unet_masks_not_just_speckle": false,
        "spatial_cluster_id": "",
        "nearby_candidate_cluster_size": 0,
        "inside_qeshm_hengam_context": true,
        "near_qeshm_hengam_context": true,
        "distance_to_qeshm_hengam_context_km": 0.0,
        "spatial_review_label": "uncertain",
        "approval_recommendation": "needs human visual review before any training use",
        "reason": "mixed evidence: some model/context priority, but spatial or denoised-mask evidence is not strong enough for probable-positive recommendation",
        "review_rank": 121,
        "preview_png": ""
      }
    },
    {
      "type": "Feature",
      "geometry": {
        "type": "Point",
        "coordinates": [
          56.08452326571714,
          27.03674587167016
        ]
      },
      "properties": {
        "tile": "D:\\SIHwork_2026\\data\\new_sar_case_study\\tiles_npz_run5_balanced3500\\S1C_20260808T141633_preprocessed_r6656_c6144_uncertain.npz",
        "tile_name": "S1C_20260808T141633_preprocessed_r6656_c6144_uncertain.npz",
        "scene": "S1C_IW_GRDH_1SDV_20260808T141614_20260808T141633_008905_011A9E_BE01_preprocessed_extracted_xmx4",
        "acquisition_date": "2026-08-08",
        "acquisition_time": "14:16:14",
        "left": "406638.061760937",
        "bottom": "2988274.963305102",
        "right": "411758.061760937",
        "top": "2993394.963305102",
        "center_x": "409198.061760937",
        "center_y": "2990834.963305102",
        "crs": "EPSG:32640",
        "label": "uncertain",
        "old_cnn_score": 0.7361566424369812,
        "old_unet_p95": 0.17220114171504974,
        "old_candidate_pixel_count": 355.0,
        "old_fusion_score": 0.7447474280209273,
        "old_rank": 604.0,
        "new_cnn_score": 0.4240928292274475,
        "new_unet_p95": 0.1726684272289276,
        "new_candidate_pixel_count": 38.0,
        "new_fusion_score": 0.26827324730242497,
        "new_rank": 1787.0,
        "score_delta": -0.47647418071850234,
        "rank_delta": -1183.0,
        "unet_p95_delta": 0.00046728551387786865,
        "candidate_pixel_delta": -317.0,
        "abs_candidate_pixel_delta": 317.0,
        "category": "qeshm_hengam_context_priority",
        "external_context_zone": "qeshm_hengam_context_priority",
        "review_recommendation": "context-priority manual review; model output remains candidate support only",
        "edge_mask_fraction": 0.06865912762520193,
        "no_data_fraction": 0.000904083251953125,
        "bright_scatterer_fraction": 0.008077544426494346,
        "combined_dark_pixels": 84,
        "dark_component_count": 10,
        "largest_dark_component_pixels": 16,
        "largest_dark_component_elongation": 1.5,
        "dark_component_coherence_fraction": 0.19047619047619047,
        "old_mask_component_count": 23,
        "new_mask_component_count": 3,
        "old_largest_mask_component_pixels": 725,
        "new_largest_mask_component_pixels": 68,
        "edge_dominated": false,
        "bright_scatterer_dominated": false,
        "mostly_scattered_speckle": false,
        "coherent_dark_region_after_denoise": false,
        "unet_masks_not_just_speckle": true,
        "spatial_cluster_id": "",
        "nearby_candidate_cluster_size": 0,
        "inside_qeshm_hengam_context": true,
        "near_qeshm_hengam_context": true,
        "distance_to_qeshm_hengam_context_km": 0.0,
        "spatial_review_label": "uncertain",
        "approval_recommendation": "needs human visual review before any training use",
        "reason": "mixed evidence: some model/context priority, but spatial or denoised-mask evidence is not strong enough for probable-positive recommendation",
        "review_rank": 122,
        "preview_png": ""
      }
    },
    {
      "type": "Feature",
      "geometry": {
        "type": "Point",
        "coordinates": [
          56.17287890072812,
          26.750332535629845
        ]
      },
      "properties": {
        "tile": "D:\\SIHwork_2026\\data\\new_sar_case_study\\tiles_npz_run5_balanced3500\\S1D_20260810T021454_preprocessed_r7168_c20992_uncertain.npz",
        "tile_name": "S1D_20260810T021454_preprocessed_r7168_c20992_uncertain.npz",
        "scene": "S1D_IW_GRDH_1SDV_20260810T021429_20260810T021454_004057_00763F_AFC5_preprocessed_extracted_xmx4",
        "acquisition_date": "2026-08-10",
        "acquisition_time": "02:14:29",
        "left": "415194.85972424183",
        "bottom": "2956489.977188905",
        "right": "420314.85972424183",
        "top": "2961609.977188905",
        "center_x": "417754.85972424183",
        "center_y": "2959049.977188905",
        "crs": "EPSG:32640",
        "label": "uncertain",
        "old_cnn_score": 0.6860948801040649,
        "old_unet_p95": 0.17201916873455048,
        "old_candidate_pixel_count": 530.0,
        "old_fusion_score": 0.7405566435989595,
        "old_rank": 611.0,
        "new_cnn_score": 0.4457305669784546,
        "new_unet_p95": 0.1715758740901947,
        "new_candidate_pixel_count": 142.0,
        "new_fusion_score": 0.379541541408351,
        "new_rank": 1309.0,
        "score_delta": -0.36101510219060845,
        "rank_delta": -698.0,
        "unet_p95_delta": -0.0004432946443557739,
        "candidate_pixel_delta": -388.0,
        "abs_candidate_pixel_delta": 388.0,
        "category": "qeshm_hengam_context_priority",
        "external_context_zone": "qeshm_hengam_context_priority",
        "review_recommendation": "context-priority manual review; model output remains candidate support only",
        "edge_mask_fraction": 0.0,
        "no_data_fraction": 0.00064849853515625,
        "bright_scatterer_fraction": 0.008537886872998933,
        "combined_dark_pixels": 373,
        "dark_component_count": 21,
        "largest_dark_component_pixels": 56,
        "largest_dark_component_elongation": 1.5714285714285714,
        "dark_component_coherence_fraction": 0.15013404825737264,
        "old_mask_component_count": 33,
        "new_mask_component_count": 10,
        "old_largest_mask_component_pixels": 502,
        "new_largest_mask_component_pixels": 193,
        "edge_dominated": false,
        "bright_scatterer_dominated": false,
        "mostly_scattered_speckle": false,
        "coherent_dark_region_after_denoise": false,
        "unet_masks_not_just_speckle": true,
        "spatial_cluster_id": "",
        "nearby_candidate_cluster_size": 0,
        "inside_qeshm_hengam_context": true,
        "near_qeshm_hengam_context": true,
        "distance_to_qeshm_hengam_context_km": 0.0,
        "spatial_review_label": "uncertain",
        "approval_recommendation": "needs human visual review before any training use",
        "reason": "mixed evidence: some model/context priority, but spatial or denoised-mask evidence is not strong enough for probable-positive recommendation",
        "review_rank": 123,
        "preview_png": ""
      }
    },
    {
      "type": "Feature",
      "geometry": {
        "type": "Point",
        "coordinates": [
          56.355183789687736,
          27.13702734290534
        ]
      },
      "properties": {
        "tile": "D:\\SIHwork_2026\\data\\new_sar_case_study\\tiles_npz_run5_balanced3500\\S1C_IW_GRDH_1SDV_20260804T021408_20260804T021438_r7168_c22016_uncertain.npz",
        "tile_name": "S1C_IW_GRDH_1SDV_20260804T021408_20260804T021438_r7168_c22016_uncertain.npz",
        "scene": "S1C_IW_GRDH_1SDV_20260804T021408_20260804T021438_008839_01188E_BC5E",
        "acquisition_date": "2026-08-04",
        "acquisition_time": "02:14:08",
        "left": "433541.37147003977",
        "bottom": "2999216.4374795803",
        "right": "438661.37147003977",
        "top": "3004336.4374795803",
        "center_x": "436101.37147003977",
        "center_y": "3001776.4374795803",
        "crs": "EPSG:32640",
        "label": "uncertain",
        "old_cnn_score": 0.43990668654441833,
        "old_unet_p95": 0.20371615886688232,
        "old_candidate_pixel_count": 3826.0,
        "old_fusion_score": 0.7393181751136497,
        "old_rank": 615.0,
        "new_cnn_score": 0.2648851275444031,
        "new_unet_p95": 0.18255457282066345,
        "new_candidate_pixel_count": 1452.0,
        "new_fusion_score": 0.35209862183898133,
        "new_rank": 1437.0,
        "score_delta": -0.3872195532746684,
        "rank_delta": -822.0,
        "unet_p95_delta": -0.021161586046218872,
        "candidate_pixel_delta": -2374.0,
        "abs_candidate_pixel_delta": 2374.0,
        "category": "qeshm_hengam_context_priority",
        "external_context_zone": "qeshm_hengam_context_priority",
        "review_recommendation": "context-priority manual review; model output remains candidate support only",
        "edge_mask_fraction": 0.22396625639607246,
        "no_data_fraction": 0.0004119873046875,
        "bright_scatterer_fraction": 0.001659521504632831,
        "combined_dark_pixels": 3264,
        "dark_component_count": 85,
        "largest_dark_component_pixels": 479,
        "largest_dark_component_elongation": 1.84375,
        "dark_component_coherence_fraction": 0.14675245098039216,
        "old_mask_component_count": 161,
        "new_mask_component_count": 88,
        "old_largest_mask_component_pixels": 5910,
        "new_largest_mask_component_pixels": 1192,
        "edge_dominated": false,
        "bright_scatterer_dominated": false,
        "mostly_scattered_speckle": false,
        "coherent_dark_region_after_denoise": false,
        "unet_masks_not_just_speckle": true,
        "spatial_cluster_id": "",
        "nearby_candidate_cluster_size": 0,
        "inside_qeshm_hengam_context": true,
        "near_qeshm_hengam_context": true,
        "distance_to_qeshm_hengam_context_km": 0.0,
        "spatial_review_label": "uncertain",
        "approval_recommendation": "needs human visual review before any training use",
        "reason": "mixed evidence: some model/context priority, but spatial or denoised-mask evidence is not strong enough for probable-positive recommendation",
        "review_rank": 124,
        "preview_png": ""
      }
    },
    {
      "type": "Feature",
      "geometry": {
        "type": "Point",
        "coordinates": [
          55.77783865068623,
          26.757091909197065
        ]
      },
      "properties": {
        "tile": "D:\\SIHwork_2026\\data\\new_sar_case_study\\tiles_npz_run5_balanced3500\\S1C_20260808T141633_preprocessed_r9728_c3072_uncertain.npz",
        "tile_name": "S1C_20260808T141633_preprocessed_r9728_c3072_uncertain.npz",
        "scene": "S1C_IW_GRDH_1SDV_20260808T141614_20260808T141633_008905_011A9E_BE01_preprocessed_extracted_xmx4",
        "acquisition_date": "2026-08-08",
        "acquisition_time": "14:16:14",
        "left": "375918.061760937",
        "bottom": "2957554.963305102",
        "right": "381038.061760937",
        "top": "2962674.963305102",
        "center_x": "378478.061760937",
        "center_y": "2960114.963305102",
        "crs": "EPSG:32640",
        "label": "uncertain",
        "old_cnn_score": 0.7351197004318237,
        "old_unet_p95": 0.18742458522319794,
        "old_candidate_pixel_count": 211.0,
        "old_fusion_score": 0.7380278051079004,
        "old_rank": 618.0,
        "new_cnn_score": 0.6747732162475586,
        "new_unet_p95": 0.19633013010025024,
        "new_candidate_pixel_count": 57.0,
        "new_fusion_score": 0.5379206414262115,
        "new_rank": 672.0,
        "score_delta": -0.2001071636816889,
        "rank_delta": -54.0,
        "unet_p95_delta": 0.008905544877052307,
        "candidate_pixel_delta": -154.0,
        "abs_candidate_pixel_delta": 154.0,
        "category": "qeshm_hengam_context_priority",
        "external_context_zone": "qeshm_hengam_context_priority",
        "review_recommendation": "context-priority manual review; model output remains candidate support only",
        "edge_mask_fraction": 0.1432469304229195,
        "no_data_fraction": 0.00506591796875,
        "bright_scatterer_fraction": 0.10231923601637108,
        "combined_dark_pixels": 90,
        "dark_component_count": 4,
        "largest_dark_component_pixels": 51,
        "largest_dark_component_elongation": 51.0,
        "dark_component_coherence_fraction": 0.5666666666666667,
        "old_mask_component_count": 20,
        "new_mask_component_count": 3,
        "old_largest_mask_component_pixels": 217,
        "new_largest_mask_component_pixels": 57,
        "edge_dominated": false,
        "bright_scatterer_dominated": false,
        "mostly_scattered_speckle": false,
        "coherent_dark_region_after_denoise": false,
        "unet_masks_not_just_speckle": false,
        "spatial_cluster_id": "",
        "nearby_candidate_cluster_size": 0,
        "inside_qeshm_hengam_context": true,
        "near_qeshm_hengam_context": true,
        "distance_to_qeshm_hengam_context_km": 0.0,
        "spatial_review_label": "uncertain",
        "approval_recommendation": "needs human visual review before any training use",
        "reason": "mixed evidence: some model/context priority, but spatial or denoised-mask evidence is not strong enough for probable-positive recommendation",
        "review_rank": 125,
        "preview_png": ""
      }
    },
    {
      "type": "Feature",
      "geometry": {
        "type": "Point",
        "coordinates": [
          56.60849465814123,
          26.871006265108583
        ]
      },
      "properties": {
        "tile": "D:\\SIHwork_2026\\data\\new_sar_case_study\\tiles_npz_run5_balanced3500\\S1D_20260805T020639_preprocessed_r6144_c4608_uncertain.npz",
        "tile_name": "S1D_20260805T020639_preprocessed_r6144_c4608_uncertain.npz",
        "scene": "S1D_IW_GRDH_1SDV_20260805T020614_20260805T020639_003984_0073C1_55A6_preprocessed_after_c_cleanup_xmx4",
        "acquisition_date": "2026-08-05",
        "acquisition_time": "02:06:14",
        "left": "458552.3208254428",
        "bottom": "2969648.1820285493",
        "right": "463672.3208254428",
        "top": "2974768.1820285493",
        "center_x": "461112.3208254428",
        "center_y": "2972208.1820285493",
        "crs": "EPSG:32640",
        "label": "uncertain",
        "old_cnn_score": 0.7433280944824219,
        "old_unet_p95": 0.17019198834896088,
        "old_candidate_pixel_count": 198.0,
        "old_fusion_score": 0.6696479814064626,
        "old_rank": 731.0,
        "new_cnn_score": 0.5077531337738037,
        "new_unet_p95": 0.17042718827724457,
        "new_candidate_pixel_count": 13.0,
        "new_fusion_score": 0.22837066484582366,
        "new_rank": 1958.0,
        "score_delta": -0.44127731656063895,
        "rank_delta": -1227.0,
        "unet_p95_delta": 0.0002351999282836914,
        "candidate_pixel_delta": -185.0,
        "abs_candidate_pixel_delta": 185.0,
        "category": "qeshm_hengam_context_priority",
        "external_context_zone": "qeshm_hengam_context_priority",
        "review_recommendation": "context-priority manual review; model output remains candidate support only",
        "edge_mask_fraction": 0.0,
        "no_data_fraction": 0.000652313232421875,
        "bright_scatterer_fraction": 0.06567796610169492,
        "combined_dark_pixels": 141,
        "dark_component_count": 12,
        "largest_dark_component_pixels": 44,
        "largest_dark_component_elongation": 1.4285714285714286,
        "dark_component_coherence_fraction": 0.3120567375886525,
        "old_mask_component_count": 37,
        "new_mask_component_count": 2,
        "old_largest_mask_component_pixels": 81,
        "new_largest_mask_component_pixels": 4,
        "edge_dominated": false,
        "bright_scatterer_dominated": false,
        "mostly_scattered_speckle": false,
        "coherent_dark_region_after_denoise": false,
        "unet_masks_not_just_speckle": false,
        "spatial_cluster_id": "",
        "nearby_candidate_cluster_size": 0,
        "inside_qeshm_hengam_context": true,
        "near_qeshm_hengam_context": true,
        "distance_to_qeshm_hengam_context_km": 0.0,
        "spatial_review_label": "uncertain",
        "approval_recommendation": "needs human visual review before any training use",
        "reason": "mixed evidence: some model/context priority, but spatial or denoised-mask evidence is not strong enough for probable-positive recommendation",
        "review_rank": 126,
        "preview_png": ""
      }
    },
    {
      "type": "Feature",
      "geometry": {
        "type": "Point",
        "coordinates": [
          56.01722822586176,
          26.88800965344537
        ]
      },
      "properties": {
        "tile": "D:\\SIHwork_2026\\data\\new_sar_case_study\\tiles_npz_run5_balanced3500\\S1D_20260810T021454_preprocessed_r5632_c19456_uncertain.npz",
        "tile_name": "S1D_20260810T021454_preprocessed_r5632_c19456_uncertain.npz",
        "scene": "S1D_IW_GRDH_1SDV_20260810T021429_20260810T021454_004057_00763F_AFC5_preprocessed_extracted_xmx4",
        "acquisition_date": "2026-08-10",
        "acquisition_time": "02:14:29",
        "left": "399834.85972424183",
        "bottom": "2971849.977188905",
        "right": "404954.85972424183",
        "top": "2976969.977188905",
        "center_x": "402394.85972424183",
        "center_y": "2974409.977188905",
        "crs": "EPSG:32640",
        "label": "uncertain",
        "old_cnn_score": 0.5690181851387024,
        "old_unet_p95": 0.18464818596839905,
        "old_candidate_pixel_count": 563.0,
        "old_fusion_score": 0.6656125929683595,
        "old_rank": 737.0,
        "new_cnn_score": 0.48299694061279297,
        "new_unet_p95": 0.19367802143096924,
        "new_candidate_pixel_count": 239.0,
        "new_fusion_score": 0.5126912558005601,
        "new_rank": 750.0,
        "score_delta": -0.15292133716779943,
        "rank_delta": -13.0,
        "unet_p95_delta": 0.00902983546257019,
        "candidate_pixel_delta": -324.0,
        "abs_candidate_pixel_delta": 324.0,
        "category": "qeshm_hengam_context_priority",
        "external_context_zone": "qeshm_hengam_context_priority",
        "review_recommendation": "context-priority manual review; model output remains candidate support only",
        "edge_mask_fraction": 0.260386672151378,
        "no_data_fraction": 0.007282257080078125,
        "bright_scatterer_fraction": 0.10612916495269437,
        "combined_dark_pixels": 192,
        "dark_component_count": 19,
        "largest_dark_component_pixels": 63,
        "largest_dark_component_elongation": 63.0,
        "dark_component_coherence_fraction": 0.328125,
        "old_mask_component_count": 15,
        "new_mask_component_count": 27,
        "old_largest_mask_component_pixels": 1491,
        "new_largest_mask_component_pixels": 318,
        "edge_dominated": false,
        "bright_scatterer_dominated": false,
        "mostly_scattered_speckle": false,
        "coherent_dark_region_after_denoise": false,
        "unet_masks_not_just_speckle": true,
        "spatial_cluster_id": "",
        "nearby_candidate_cluster_size": 0,
        "inside_qeshm_hengam_context": true,
        "near_qeshm_hengam_context": true,
        "distance_to_qeshm_hengam_context_km": 0.0,
        "spatial_review_label": "uncertain",
        "approval_recommendation": "needs human visual review before any training use",
        "reason": "mixed evidence: some model/context priority, but spatial or denoised-mask evidence is not strong enough for probable-positive recommendation",
        "review_rank": 127,
        "preview_png": ""
      }
    }
  ]
}
